index,text,old_label,new_label,confidence,reason
0,sebenernya sudah sering terjadi tapi hari ini puncak kekesalan saya sama pengemudi gocar saya pesan gocar untuk jarak ya...,negative,neutral,high,"Mixed sentiment (pos:1, neg:2)"
1,saya kecawa dengan apk ini saya pesan makanan pc tapi pada saat sampai hanya pc dengan harga pc saya membayar saya harap...,negative,positive,medium,Positive (score:2.0)
5,saya sangat puas dengan aplikasi ini karena dengan aplikasi ini saya tidak perlu keluar rumah untuk membeli makanan di l...,positive,negative,medium,Negative (score:-3.9)
18,aplikasi tolol banget harganya sekarang mahal mahal banget masa hari ini pesen harga besoknya mesen lagi dengan item yan...,negative,positive,high,Strong positive (score:5.2)
20,aplikasi ini sangat bermanfaat mudah untuk bertransaksi dan kalian boleh coba induk aplikasi gojek ini deh saya yakin ka...,positive,negative,high,Strong negative (score:-9.1)
21,tiba di blokir padahal lancar tidak jelas,negative,positive,medium,Positive (score:2.0)
23,terima kasih untuk gojek yang selama ini sudah membantu saya dalam melakukan transaksi aplikasi yang sangat mudah diguna...,positive,neutral,medium,Neutral (score:0.0)
25,apknya sering lag padahal sudah di update,neutral,negative,medium,Negative (score:-2.0)
26,sangat membantu untuk dapat memberikan pekerjaan bagi anak bangsa bravo gojek indonesia saya pengemudi kalimantan barat ...,positive,negative,medium,Negative (score:-2.6)
31,selama pakai go jek terutama gofood semakin kesini semakin banyak biaya dan agak lebih mahal si menurut sy dan voucer su...,negative,neutral,medium,Neutral (score:1.3)
32,ampun nih kedua kalinya kejadian bagus up gopay lambat banget masuknya ini yang kedua lambat banget sudah dari kemarin s...,negative,neutral,medium,Neutral (score:-1.3)
34,bagus lah pokoknya semoga aplikasinya lancar dan tidak ada masalah kedepannya,positive,neutral,medium,Neutral (score:1.0)
35,fitur nya sangat membantu saya banget apa lagi go food nya bt saya dengan ibu anak yang kalo lagi mls masak bisa langsun...,positive,negative,medium,Negative (score:-3.2)
48,promosi yang ada sudah d masukkan begitu kita mau bayar jadi lebih gampang tidak oerlu cari cmn mt lebih besar disc nya,positive,neutral,medium,Neutral (score:1.0)
57,tambah sukses dan tepat waktu makasih,neutral,positive,high,Strong positive (score:5.0)
69,terima kasih gojek dengan aplikasi ini saya merasa sangat terbantu drivernya yang ramah dan sopan melihat kegigihan mere...,positive,neutral,medium,Neutral (score:-1.3)
72,jelas sangat membantu,positive,negative,medium,Negative (score:-2.6)
75,simpel dan ekonomis sangat membantu dimanapun dan kapanpun dibutuhkan,positive,negative,medium,Negative (score:-2.6)
77,kenapa mau masuk akun dengan nomor yang sudah terdaftar kenapa susah amat kode otp nya tidak nongol padahal nomor di pas...,negative,neutral,medium,Neutral (score:1.3)
82,biaya admin dan layanan untuk gopaypinjamnya lumayan tinggi,neutral,positive,medium,Positive (score:2.0)
89,banyak pengemudi nolak ketika kita pake go pay ada bbrapa yang nerima tapi setelah kita tumpangi kendaraannya kata merek...,neutral,positive,high,Strong positive (score:4.0)
93,bagus dn sangat membantu bagi pengguna dlm menunjangmempermudah dlm segala hal chususnya dlm pembayaran non tunai dn ala...,positive,neutral,medium,Neutral (score:1.3)
96,maaf saya kasih bintang karena setiap saya mau check out selalu ditolak padahal limit saya banyak pembayaran bagus tidak...,negative,positive,medium,Positive (score:3.0)
105,sangat membantu kondisi susah tempat parkir mobil saat laper tapi mager tinggal pesan gofood mendadak pulsa ponsel koson...,positive,neutral,high,"Mixed sentiment (pos:1, neg:1)"
109,kejadian serupa sering terjadi pengemudi tidak mau mengambil trip yang jauh dan banyak beralasan hanya mengambil trip ya...,negative,neutral,high,"Mixed sentiment (pos:2, neg:2)"
127,tolong beri bonus atau cara bagaimana solusi yang baik bagi kostumer sama driverx biar sama sama menguntungkan buat goje...,positive,negative,medium,Negative (score:-3.0)
129,buruk akh mahal ongkir mending beli mixue beli makan dtg langsung saja guys praktis murah tinggal bagi rezeki ke tukang ...,positive,negative,medium,Negative (score:-3.0)
133,harga penangan ongkir lebih mahal dari harga makanan ya kali mau dipake alasannya biar banyak pengemudi yang nerima baga...,negative,positive,medium,Positive (score:2.0)
134,sebenernya aplikasinya bagus sayang banget akhir ini saya sering banget di tolak pengemudi,negative,positive,medium,Positive (score:3.9)
135,pertama pakai harganya sedikit mahal lah dibandingkan apk lain niatnya langganan hari biar lebih hemat dikit malah tamba...,negative,positive,high,Strong positive (score:4.8)
138,saya pengguna lambat gojek dan setiap hari menggunakan gojek tapi tidak pernah dapat promo terimakasih,neutral,negative,medium,Negative (score:-2.0)
139,tidak bisa aktifasi gojek plusnya mentang mentang kamera depan aku buruk agak burem jadi gagal mulu mau pake kamera bela...,negative,neutral,medium,Neutral (score:-1.0)
144,aplikasi buruk tidak ada kesalahan malah di blokir akun niat make aplikasi kalo lagi di butuhkan malah begini mending pi...,negative,neutral,medium,Neutral (score:0.0)
148,sangat cepat gojek,positive,negative,medium,Negative (score:-2.6)
154,setiap jam pulang kantor harga naik tidak jadi masalah tetapi mohon prioritaskan kami para penumpang agar tidak menunggu...,negative,positive,high,Strong positive (score:5.0)
157,pesen gofood kalau ada masalah dalam status tidak berunah tidak bisa ngechat kendala kita atau hub resto chat cs pake te...,negative,positive,medium,Positive (score:3.0)
165,setelah diperbarui kenapa jadi lambat ya aplikasinya terus sering keluar sendiri tolong dong perbaiki masa tampilan bagu...,negative,neutral,high,"Mixed sentiment (pos:1, neg:2)"
169,masa saya pesen mknan harga nya k bru ongkir k trus saya jg pake vocer yang hrg k trus jg ada tambahan nasi harusny saya...,negative,positive,high,Strong positive (score:7.8)
172,sedikit masukan buat gojek waktu saya beli makan notifikasi dari abang gojeknya tidak masuk sudah lambat banget nungguny...,negative,positive,medium,Positive (score:2.6)
177,kalo hujan jarang ada yang mau ambil kadang mahal kadang murah,neutral,negative,medium,Negative (score:-2.0)
179,harga promosi nya tidak sesuai lebih mahal,negative,positive,medium,Positive (score:2.0)
181,yang bilang aplikasi ini bermasalah maaf anda salah besar aplikasi ini sangat membantu dan luar biasa cepat proses trans...,positive,neutral,medium,Neutral (score:0.0)
183,nyaman sih tapi kalau bisa untuk pihak go jek bisa kerja sama dengan bengkel bengkel agar pengemudi lebih mudah mengetah...,positive,neutral,high,"Mixed sentiment (pos:1, neg:1)"
188,sangat membantu sekali apalagi disaat penting waktu butuh kendaraan pengendaranya pun saya rasa cukup sopan,positive,negative,medium,Negative (score:-3.2)
190,sangat senang dengan adanya aplikasi ini jadi dapat mudah menjangkau daerah mana pun,positive,neutral,medium,Neutral (score:-1.3)
192,saya ngerasa ui nya terlalu padat elemen visualnya banyak jadi ruang geraknya sempit tidak jarang saya salah pencet gara...,positive,negative,medium,Negative (score:-2.0)
197,bagus aplikasinya tapi sayangnya terlalu lambat cari pengemudi mungkin bisa diperbaiki,positive,neutral,high,"Mixed sentiment (pos:1, neg:1)"
204,agak kecewa ketika pesan gocar si pengemudi gocar menyuruh saya untuk membatalkan pesanan dengan alasan titik penjemputa...,negative,positive,medium,Positive (score:2.0)
205,kalau hujan sulit sekali mencari driver biasanya langsung tercancel padahal apps harus nya ada utk membantu di saat urge...,negative,neutral,medium,Neutral (score:0.0)
209,aplikasinya oke namun maaf akun saya tiba tiba tidak ada promonya sama sekali saat saya meminta kejelasan di costumer se...,negative,positive,medium,Positive (score:2.6)
210,sukses ya tapi jangan naik tarifnya nanti tidak suka orang pesan go jek karena berubah ubah tarif terimakasih selamat da...,negative,neutral,high,"Mixed sentiment (pos:1, neg:1)"
216,sangat membantu bila pergi tampa bawa kendaraan pesan makanan terutama bayar dengan gopay,positive,negative,medium,Negative (score:-2.6)
217,sekarang puas lagi limit paylater dinaikin padahal sempet kecewa karena diturunin padahal tidak pernah telat byr jg tapi...,negative,neutral,high,"Mixed sentiment (pos:1, neg:1)"
221,halo gojek mau komplain ini setiap pemasangan promosi tulisan pakai ny kadang tidak muncul jadi di refresh dulu trus kad...,neutral,negative,high,Strong negative (score:-5.0)
223,masih bingung bagaimana cara yang pas buat pesen gojek agar tidak salah alamat tempat tujuan soalnya masih belum begitu ...,neutral,positive,medium,Positive (score:3.2)
225,aplikasi yang sangat buruk sangat menyusahkan kostumer verifikasi susah tidak ada layanan yang nyesuain pada model hp pa...,negative,positive,high,Strong positive (score:5.2)
229,yang salah siapa sih saya apa pengemudi gojek nya kali pesanan goshop saya dibatalin oleh pengemudi yang berbeda alasany...,negative,neutral,medium,Neutral (score:-1.0)
233,terimakasih aplikasi go jek khusus nya go pay yang sudah banyak membantu saya melakukan transaksi transfer dsb dengan mu...,positive,negative,medium,Negative (score:-2.0)
239,fitur bagus up selalu eror tolong dong di perbaiki,neutral,positive,medium,Positive (score:3.0)
240,tolong donk ditingkatkan kwalitas aplikasinya hari saya ini sekali pesan dapat jemputan dari pengemudi yang beda kenapa ...,neutral,negative,medium,Negative (score:-3.9)
246,pakbuk admin kenapa sekarang pesanan susah dan banyak pengemudi yang tidak ke deteksi lokasi nya lalu untuk versi trus n...,neutral,negative,medium,Negative (score:-2.0)
247,aplikasi ini sangat membantu tp biaya adm klo bagus up lebih mhal dari aplikasi lain trus ada biaya layanan juga klo yan...,positive,neutral,medium,Neutral (score:1.3)
250,saya update aplikasi gojek beberapa hari yang lalu setelah di update selalu error app nya suka keluar sendiri bahkan saa...,negative,neutral,medium,Neutral (score:0.0)
256,mengecewakan saya bagus up gopay tapi tidak terisi saya sudah tunggu seharian tetapi tidak masuk padahal nomor sudah ben...,negative,neutral,high,"Mixed sentiment (pos:1, neg:1)"
260,sepertinya ucapan terima kasih saja tidaklah cukup ini benar benar mengubah cara saya mengelola perjalanan dan kebutuhan...,positive,negative,medium,Negative (score:-3.9)
265,sangat membantu dengan cashback nya dan yang penting kalau belanja d tokped cashback nya gilaan bagus,positive,neutral,medium,Neutral (score:1.3)
268,gojek sangat membantu mobilitas masyarakat dengan semua pelayanan yang dimiliki semoga kedepan gojek bisa terintegrasi d...,positive,negative,medium,Negative (score:-2.6)
269,satu aplikasi dengan banyak kemudahan dan fitur pendukung dalam pemenuhan harian pembelanjaan pembayaran membeli barang ...,positive,negative,high,Strong negative (score:-7.8)
270,keren dan sangat membantu terimakasih gojek,positive,neutral,medium,Neutral (score:-1.3)
272,aplikasinya sangat membantu mengantar saya dalam perjalanan bisnis mudah dalam pengoperasian aplikasinya,positive,neutral,medium,Neutral (score:0.0)
284,untuk sejauh ini semuanya baik pelayanannya jga ramah tapi untuk gocar kadang dapet supirnya aga jutek dan kadang dapet ...,positive,neutral,high,"Mixed sentiment (pos:1, neg:1)"
288,sangat buruk transfer antar bank sangat lambat status transfer masih menunggu bukannya di proses sangat buruk complain k...,negative,positive,high,Strong positive (score:6.5)
290,semenjak naik versi aplikasi goshop chatnya sering kali lemot tulisan disambungkan tp mohon para it yang mumpuni solusin...,neutral,negative,high,Strong negative (score:-5.2)
294,tolong tambahkan promosi yang banyak dan potongan harga yang lumayan dan turunkan ongkir,neutral,negative,medium,Negative (score:-2.0)
295,aplikasi ini sangat mudah untuk di gunakan semua ada di dalam dari transfer lebih mudah isi pulsa dan token masih lengka...,positive,neutral,medium,Neutral (score:0.0)
299,tolong ya pt gojek yang terhormat kalo ngasih voucher gofood tuh jangan pake istilah minimal pembelian kembali lah seper...,positive,negative,high,Strong negative (score:-4.0)
301,aplikasi ini sangat membantu perjalanan saya apalagi disaat saya butuh cepat dan ada keperluan yang mendadak pokoknya sa...,positive,neutral,medium,Neutral (score:0.0)
306,kemana semua promonya kak gofood nya jadi mahal banget,neutral,negative,medium,Negative (score:-2.6)
308,sudah bagus tolong di pertahankan hanya punya saran custemer gojek yang sudah lama lebih di perhatikan misalnya kasih vo...,positive,negative,medium,Negative (score:-3.0)
309,lumayan tidak kena macet alhamdulillah puas,neutral,positive,high,Strong positive (score:7.0)
317,gojek sangat membantu masyarakat terima kasih,positive,negative,medium,Negative (score:-2.6)
319,kemana mana jadi lebih gampang,positive,neutral,medium,Neutral (score:1.0)
320,gojek aplikasi ribet kalau bagus up gampang banget giliran mau bayar verifikasi ktp pas verifikasi ditolak terus alasan ...,negative,positive,high,Strong positive (score:9.5)
321,kali ini gojek ngasih banyak promosi lagi gojek emang mantap klu ngasih promosi ngak tanggung tanggung sukses terus ya,positive,neutral,medium,Neutral (score:0.0)
325,sekarang gpsnya suka ngaco dapat ordernya lambat dan jaih posisi drivernya,neutral,positive,high,Strong positive (score:4.0)
329,tambah gila ini aplikasi sudah beberapa doble pesan an dan tidak bsa di batal pa lagi nemu pengemudi yang sok tidak mau ...,negative,positive,high,Strong positive (score:4.0)
332,saya sangat senang sekali bisa memakai aplikasi ini karena sangat terbantu dalam hal transformasi bagi kami masyarakat p...,positive,negative,high,Strong negative (score:-4.8)
338,gojek kenapa sekarang tidak bisa di buka ya berkali hapus aplikasi dan instal ulang berkali juga tapi hasilnya ttp sama ...,neutral,positive,medium,Positive (score:3.0)
343,versi lawas lebih mudah finding address yang sekarang ribet bikin pengemudi nyasar vermuk biar aman ktnye,positive,neutral,medium,Neutral (score:0.0)
345,tolonglah buat para customer gojek bijaklah dalam memberi rating jangan kesalahan dari resto tapi kasih bintang buruk ke...,positive,negative,high,Strong negative (score:-7.0)
347,kenapa ada rute yang tdak sesuai di area jayapura pertama karena perbaikan jalan sedangkan perbaikan jalan sudah selesai...,negative,positive,medium,Positive (score:2.0)
349,sekarang semenjak ada peraturan tarif baru per juli gojek tambah mehong bosku buat aku yang masih pelajar lumayan nguras...,neutral,positive,medium,Positive (score:2.0)
358,saya sangat kecewa dengan apk ini soalnya saya sudah pake go pay k untuk bagus up dm free fire tapi tidak terkirimi diam...,neutral,positive,high,Strong positive (score:7.8)
363,mapnya kayaknya harus di benerin lagi biar drivernya liatt tuu lokasi pengantaran bukan malah nurut titik di mapnya yang...,negative,neutral,medium,Neutral (score:0.0)
365,pesan gofood pake layanan express biar tepat waktu tapi sudah jam keterangannya masih mencari driver realita di lapangan...,negative,neutral,high,"Mixed sentiment (pos:2, neg:2)"
368,sudah bagus namun untuk pelayanannya lebih ditingkatkan lagi agar pelanggan merasa nyaman,positive,neutral,high,"Mixed sentiment (pos:1, neg:1)"
370,aplilasi yang sangat memebantu penggunya mudah dan praktis dipahami semoga kedepannya lebih baik dan berkembang,positive,negative,medium,Negative (score:-3.9)
372,pesan gofood di perbaiki agar mudah batalin pesan bagi customer dan juga driver gk sengaja pesan tidak bisa batalin terp...,positive,neutral,medium,Neutral (score:0.0)
377,pake grabcar hemat biasanya nunggu lambat,neutral,negative,medium,Negative (score:-2.0)
383,sangat membantu tp kalau sudah musim hujan susah dan bahkan ndk pernah ad yang ambil orderan,neutral,negative,high,Strong negative (score:-5.2)
397,tgl juli jam saya tidak pesan go food tapi ada pesanan sehingga gopay saya di potong dan tidak dapat di cancel baik dari...,negative,positive,medium,Positive (score:3.0)
398,pas mau pembayaran mau cepat selalu muncul notif yah internetnya mati padahal sinyal internet ada diubah ke wifi juga sa...,positive,negative,medium,Negative (score:-3.0)
404,saya pesan gomart barang yang saya beli tidak ada saya batal mau pilih barang yang lain cuman beda merek padahal hargany...,negative,neutral,high,"Mixed sentiment (pos:1, neg:1)"
411,sayangnya untuk buka rekening jago belum bisa terverivikasi selalu gagal upgred ke goplus juga selalu gagal,negative,neutral,high,"Mixed sentiment (pos:1, neg:1)"
443,saya sangat suka dengan aplikasi ini selain mudah dan murah saya sering dapat voucher yang menarik,positive,neutral,medium,Neutral (score:0.0)
451,aplikasi sangat membantu tapi mohon untuk fixer lokasi gps nya solanya sering salah tempat makasihh,positive,negative,medium,Negative (score:-2.6)
455,maaf nih di tinggal bentar ngelag gabisa dipencet apa apa beres pesen makanojek kenapa tuh,neutral,positive,medium,Positive (score:2.0)
463,sangat membantu tapi kadang harga yang berubah ubah semakin tinggi dan ketelitian pesanan sehingga kadang pesanan yang d...,positive,neutral,high,"Mixed sentiment (pos:1, neg:1)"
466,telat bayar pylater menit denda ny k tidak ngotak padahal transaksi cuma k denda ny k tidak ngotak banget bukan ny memba...,negative,neutral,high,"Mixed sentiment (pos:1, neg:2)"
472,ini metode pembayaran va bca kenapa tidak ada ya aneh mau bagus up gopay jadi susah,negative,neutral,medium,Neutral (score:1.0)
479,awalnya saya suka pakai aplikasi ini tapi kenap gopay saya berkurang jauh sekali padahal seingat saya saya hanya beli ko...,negative,neutral,high,"Mixed sentiment (pos:1, neg:1)"
482,saya kasih bintang satu alasannya adalah karena aplikasi ini sangat lah menggangu memang kinerja aplikasi ini bagus tapi...,negative,positive,medium,Positive (score:3.9)
484,saran nih untuk gofood klo bisa diupgrade jadi bisa kasih ulasan makanan dr resto yang dibeli dan ulasannya bisa dilihat...,negative,positive,medium,Positive (score:3.0)
485,kalau mau pesen makanan lebih enak dsini karena kalau kita tidak tau menu nya fotonya lengkap di apk ini kalau apk sebel...,negative,neutral,medium,Neutral (score:-1.0)
496,jaringan gojek sering error bisa dobel datang pengemudi padahal tidak pesan orang lambat mendapatkan driver lokasi penge...,negative,positive,high,Strong positive (score:7.0)
505,sangat membantu efektif dan efisien,positive,neutral,medium,Neutral (score:0.0)
507,terima kasih gojek sudah membantu sekali dan banyak diskon nya bisa kemana mana juga bisa membantu banget banyak potonga...,positive,neutral,medium,Neutral (score:0.0)
508,aplikasi gojek ini sangat membantu untuk keseharianku sepanjang hari dan bagus banget kesininya tuh semakin bercanggih,positive,neutral,medium,Neutral (score:1.6)
512,love you gojekk gopayy tokpeedd promo diskon voucher cashback nya tidak kalengan nyataah dan luarr biasahh saranku sihh ...,positive,negative,medium,Negative (score:-3.0)
513,apk nya bagus tapi masih bingung knpa kalau pakai gotransit penjemputan ahir langsung aktif pas pesan penjemputan awal j...,negative,neutral,high,"Mixed sentiment (pos:1, neg:1)"
525,sangat berguna untuk berpergian dan memesan makanan yang lezat tanpa harus keluar rumah cuman satu yang kurang tolong ta...,positive,neutral,medium,Neutral (score:-1.3)
527,alangkah baiknya pihak gojek melakukan kontrol kelayakan kendaraan yang digunakan pengemudi secara rutin beberapa kali m...,positive,neutral,medium,Neutral (score:-1.0)
528,maps yang di kasi oleh sistem di buat jauh pdhal ada jalan yang lebih dekat jarak makin jauh harganya pun jadi mahal,negative,positive,medium,Positive (score:2.0)
552,sekarang pake gojek mahal pake biaya layanan tidak sperti aplikasi lain yang lebih murah bukankah costumer itu banyak da...,negative,neutral,medium,Neutral (score:0.0)
556,saya pesan gojek selalu saja dapat pengemudi yang jauh jadi gojek sekarang tidak kayak dahulu yang terdekat mudahan goje...,negative,positive,medium,Positive (score:2.0)
558,sangat bagus dan membantu dan mohon untuk upgrade di percepat dan untuk insintif perakerja saya mohon di lancarkan,positive,negative,high,Strong negative (score:-6.5)
563,ongkir terlalu mahal diskon ongkir juga dikit,neutral,negative,medium,Negative (score:-2.0)
566,sangat mudah sekali cepat dan ramah dengan penumpang,positive,negative,medium,Negative (score:-3.2)
570,kenapa ada yah tukang gojek yang tidak pake atribut lengkap kaya jacket helm flat nya juga beda pas di tanya katanya itu...,positive,negative,medium,Negative (score:-2.6)
571,dari dulu sering pakai untuk nnton konser reggae ya namnya merantau tidak punya kndaraan hihihihi dan ketika di kampung ...,positive,neutral,medium,Neutral (score:-1.3)
574,aplikasi ini sangatlah bagus luar biasa dan sigma,positive,negative,medium,Negative (score:-3.9)
577,saya ada bagus up rbu hari yang lalu dan sampai sekarang saldo nya tidak masuk saya chat cs nya d suruh minta bukti foto...,negative,positive,high,Strong positive (score:6.0)
585,aplikasi gojek sebelumnya ada dan biasa sebelumnya saya kirim pk gosend dan bayar cash pas saya lagi butuh cepet kirim d...,negative,neutral,medium,Neutral (score:1.6)
588,sumpah ya ongkir buat makanan tu tidak ngotak bgt kalau tempat deket pun tidak kurang juga tu ongkir bayangin makanan ya...,negative,positive,medium,Positive (score:3.0)
593,alhamdulillah aplikasi ini sangat membantu saya memudahkan pelayanan nya tingkatkan terus sukses sllu,positive,neutral,medium,Neutral (score:1.3)
594,transfer gopay ke bank bri nga masuk dah d email katanya sukses di lihat d rekening nga ada yang masuk mohon perbaiki la...,negative,positive,medium,Positive (score:3.0)
601,app baguss sangat membantu thanks ya,positive,negative,high,Strong negative (score:-5.2)
602,sangat membantu dalam kebutuhan di perjalanan untuk bepergian,positive,negative,medium,Negative (score:-2.6)
605,sudah baik tapi kalau bisa pada kendaraan nya dikasih keterangan motor nya apa agar mudah mencarinya,positive,neutral,high,"Mixed sentiment (pos:1, neg:1)"
609,sangat membantu dan memudahkan dalam perjalanan,positive,negative,medium,Negative (score:-2.6)
623,akun saya tidak dpt vocher terus akun org dapet lah saya pakai sudah lambat dari pertma gojek rilis harusnya pengguna se...,negative,neutral,medium,Neutral (score:0.0)
626,biaya pemesanan terlalu mahal promo nya min pembelian tinggi dan potongan tidak maximal,neutral,negative,medium,Negative (score:-2.0)
627,kenapa sekarang susah sekali mencari drivernya pesan goride sampai ulang ulang tidak ketemu juga pesan gofood dicancel t...,negative,neutral,high,"Mixed sentiment (pos:1, neg:1)"
630,aplikasinya bagus bs mempercepat apa yang diinginkan tapi yang sangat tidak baik kelakuan gojek sekarang ngawur selalu s...,positive,negative,medium,Negative (score:-2.6)
637,aplikasi sangat buruk dan tidak mau menerima komplain saya pemilik akun baru dapet voucher gofood pas dipake menu vocern...,negative,positive,high,Strong positive (score:9.6)
645,saya kasih bintang satu sangat kecewa bngt masak mau gofood lokasi deket dan jauh ongkr nya mahal banget tolong diperbai...,negative,neutral,medium,Neutral (score:1.6)
646,harap tolong mohon di siplinkan pengemudi yang nakal yang nolak pesanan dengan bermacam alasan terkhusus untk kota batam...,neutral,positive,medium,Positive (score:2.0)
653,bisa tidak ya booking pengemudi tuh yang sudah ready kadang aneh dapetnya yang jauh dari titik jemput sudah jauh lambat ...,negative,neutral,medium,Neutral (score:0.0)
654,senang sekali dengan ada go jek dan go car sangat membantu walaupun bukan berada di kota sendiri,positive,neutral,medium,Neutral (score:1.6)
673,lumayan sudah update gampamh isi token dan pulsanya,neutral,positive,medium,Positive (score:2.0)
675,saya senang memakai aplikasi gojek,negative,positive,medium,Positive (score:3.0)
678,bagus dan sangat membantu semoga gojek trus berkembang tapi hanya sedikit saran untuk app nya biar bisa tetap dipakai wa...,positive,neutral,high,"Mixed sentiment (pos:2, neg:2)"
684,dear gojek yang terhormat tolong perbarui sistem akun apk gojek pengemudi khusus gofood agar bs geser sampai resto walau...,negative,positive,medium,Positive (score:2.6)
687,bagus up lambat tidak masuk di komplain baru d proses kontak no hp sudah sesuai ya tidak ada yang salah sistemnya saja y...,negative,neutral,medium,Neutral (score:1.0)
689,saya selaku pengguna gojek dari lambat merasa kecewa saya selalu dapat notifikasi voucher gomart tapi setelah di klik me...,neutral,negative,high,Strong negative (score:-5.0)
690,aplikasi yang sangat membantu tapi untuk go food kebanyakan bungkusnya pake styrofoam yang susah diurai mungkin mending ...,positive,negative,high,Strong negative (score:-6.4)
692,enak bs pake yang instan cuma tlg dong klu pengemudi nya sudah nggk aktp lbh baik di matiin aplikasi nya sering bnget su...,negative,neutral,high,"Mixed sentiment (pos:1, neg:1)"
698,tolong donk kenapa akun saya terblokir bacaan nya ada transaksi yang tidak wajar sedangkan tidak pernah merasa ada trans...,negative,neutral,medium,Neutral (score:1.3)
703,aplikasi sangat membantu dan mempermudah saya dalam perjalanan beli makanan dan kirim barang lebih baik lagi buat kedepa...,positive,neutral,medium,Neutral (score:1.3)
705,pada axioo windroid gje ada update otomatis tapi aplikasi gofood tidak berjalan normal aplikasi minta enable location pa...,positive,negative,medium,Negative (score:-2.0)
714,update mulu ah memori nya gampang penuh,positive,neutral,medium,Neutral (score:1.0)
722,sangat efisien membantu,positive,negative,high,Strong negative (score:-5.2)
733,halo min jadi saya kan pernah langganan gitu di app drama terus saya dah tidak terlalu suka nonton jadi saya apus dn lan...,positive,neutral,high,"Mixed sentiment (pos:1, neg:1)"
738,aplikasi ini sangat membantu apa lagi saya suka kuliner tinggal gofood pilih dech menunya apa,positive,neutral,medium,Neutral (score:0.0)
741,kenapa pas diperbaruhin tidak bisa terus coba di uninstall dan di install lagi gabisa juga padahal sangat membantu dan d...,positive,negative,medium,Negative (score:-2.6)
745,sangat tidak memuaskan untuk soal money pelayanan dll tolong diberi cs gojek secara live agat bisa mengadu lebih cepat d...,positive,negative,high,Strong negative (score:-6.5)
751,mau kirim saldo ke nomor teman saja butuh konfirmasi jam dan saya sangat kecewa karena pelayanannya sangat lambat,negative,positive,high,Strong positive (score:6.5)
758,suka sih awalnya saja tapi makin lambat pesan gofood jadi mahal sekali ongkir dan harga makanannya promosi nya ada sedik...,positive,negative,medium,Negative (score:-3.2)
779,sangat mulita aplikasi ini ikut peran serta didalam e wallet prakerja sebagai alat pembayaran tetapi mempersulit disetia...,negative,positive,medium,Positive (score:2.6)
785,kenapa promosi pengguna lambat tidak sebesar pengguna baru dpt voucher dr gofood seharusnya pengguna setia lbh diberikan...,neutral,negative,medium,Negative (score:-2.6)
793,pengalaman seru bersama gojek terutama gofoodnya trims gojek de ara keppeng pokoknya mah smoga sukses slalu,positive,negative,high,Strong negative (score:-4.0)
794,harganya tidak masuk akal sangat mahal dan tidak ada promosi padahal jarak dari lokasi ke tempat tujuan dekat beda denga...,negative,positive,medium,Positive (score:2.6)
797,dngn saya sklwrga dapat memesan makanan dan minuman di slh stu restoran yang terdftar di aplikasi go jek lalu pilih bera...,positive,negative,medium,Negative (score:-2.0)
799,kenapa setiap pesan selalu jadi dobel padahal saya hanya pesan satu kali ngeklik juga cuma satu kali tapi kenapa langsun...,negative,neutral,high,"Mixed sentiment (pos:1, neg:1)"
800,sangat membantu ketika lagi kelaparan terus pesan gojek deh terus membantu juga kalau mau lagi beli voucher game pakai g...,positive,neutral,medium,Neutral (score:0.0)
807,sangat membantu dlm transportasi terima kasih atas pelayanannya semoga ke depan lebih oke lg,positive,neutral,medium,Neutral (score:0.0)
815,kurang bagus di bagian notifikasinya biasanya ada notif anda punya voucher blablabal padahal tidak ada lagi karena sudah...,negative,positive,medium,Positive (score:2.0)
818,pengemasan sangat bagus di berikan es kirstal di dalam kemasan sehingga membuat kesegaran makanan tidak berkurang serta ...,positive,neutral,medium,Neutral (score:0.0)
819,setiap kali memesan rute yang dipilih adalah rute yang paling jauh menyebabkan ongkos menjadi mahal dan jarang ada promo,neutral,negative,medium,Negative (score:-2.6)
820,ini kenapa ya tidak bisa transfer ke bank masa pin gagal gagal terus padahal pin jg sudah bener katane salah bagaimana s...,negative,positive,medium,Positive (score:3.0)
825,lumayan saja deh semoga lebih baik lgg kedpnnya tarifnya sangad cocok untuk kantong saya jadi saya lebih suka apl ini,positive,neutral,medium,Neutral (score:1.0)
827,bagus banyak promo banyak vocher juga tapi semakin sering pake semakin mahal itupun jaraknya sama tidak berubah,positive,neutral,high,"Mixed sentiment (pos:1, neg:1)"
833,sering nge lag gatauu kenapa pas buka lokasi,neutral,negative,medium,Negative (score:-2.0)
844,aplikasi yang sangat membantu pioner dalam transportasi online aplikasi karya anak bangsa terbaik mantaf,positive,neutral,medium,Neutral (score:1.3)
848,dear pt gi note bahwa utk pengiriman produk gosend reguler dengan kurir gokilatsameday sebaiknya sbelum user mengklik pe...,positive,neutral,medium,Neutral (score:-1.0)
852,aduh kenapa ya gojek pesen gojek atau gocar tau otomatis pesan pdhal belum jg saya klik pas pesan malah lemot tiba ngeha...,negative,neutral,medium,Neutral (score:0.0)
853,sebenarnya saya pelanggan setia gojek baik gokar atau gofood sygnya sekarang semuanya terlalu mahal jadi saya lbh banyak...,positive,negative,high,Strong negative (score:-7.0)
855,saya masih sering mendapat pengemudi yang lokasinya jaug dari tempat saya padahal banyak pengemudi di dekat lokasi saya ...,positive,negative,high,Strong negative (score:-5.2)
861,awalnya pesan gocar dengan jarak m dengan harga lalu saya batal karena pengemudi tidak bergerak tiba tiba saat saya akan...,negative,neutral,medium,Neutral (score:1.3)
867,sangat tidak berguna mahal tidak ada untung nya mau tutup akun di pemberitahuan ada hutang cashloan cash loan apa hutang...,negative,positive,high,Strong positive (score:8.0)
870,untuk sementara selama saya menggunakan go jek go car belum pernah kecewa terutama go car,negative,positive,medium,Positive (score:3.0)
872,sangat membantu kemarin ngisi bagus up sempat tersendat tidak masuk padahal sudah ada notifikasi nya jgn lagi y gojek,positive,neutral,medium,Neutral (score:1.3)
878,sangat bagus mudah dan cepet sapet pengemudi nya pokok nya bagus lah,positive,negative,medium,Negative (score:-2.6)
880,krg efisien setiap pesan dekat sekelompok driver yang dapet malah yang jauh,neutral,positive,medium,Positive (score:2.0)
883,kali cari pengemudi untuk gocar tidak dapat pesan prioritas juga sama mengecewakan,negative,positive,medium,Positive (score:3.0)
893,gojek tolong gopay nya diimprovisasi lagi agar nama saat mengisi gopay lewat atm dapat terlihat dan mengurangi kesalaman...,neutral,positive,medium,Positive (score:2.0)
898,alhamdulillah smnjak ada gojeg bnyk kebantu klo keadaan darurat cuma makin kesini ksannya kurang adil antara ongkos k pe...,neutral,negative,medium,Negative (score:-2.0)
903,walaupun dari segi harga sama merk sebelah lebih mahal tetapi tetap terjangkau dan pelayanan ok local pride broo maju te...,positive,neutral,high,"Mixed sentiment (pos:1, neg:1)"
904,baru buka gocar langsung pesan sendiri x apknya dengan jarak yang tidak manuk akal cuma keluar parkiran di sumarecon mal...,neutral,positive,medium,Positive (score:2.0)
909,aplikasi yang sangat membantu setiap kali dapet driver selalu sangat ramah dan sopan serta pemilihan rute yang baik,positive,neutral,medium,Neutral (score:-1.3)
910,gojek sangat membantu utk berbagai perjalanan membuat mudah mencapai berbagai tujuan hingga praktis mendapatkan makanan ...,positive,negative,high,Strong negative (score:-7.8)
919,kalau pake voucher potongan susah dapat driver apalagi kalau hujan makin susah padahal lebih mahal dari aplikasi serupa ...,neutral,positive,medium,Positive (score:2.0)
924,sangat membantu sekali ada nya aplikasi gojek online,positive,negative,medium,Negative (score:-3.2)
930,tingkatkan terus karena sangat membantu perjalanan sayayg lain semoga lebih baik lagi kedepannya sukses selalu gojek,positive,negative,medium,Negative (score:-2.6)
933,kasihan pengemudi sekarang dapat cerita dari pengemudi yang tadi antar saya dari jakarta ke bogor katanya sekarang menu ...,negative,positive,medium,Positive (score:2.0)
934,sgt mengecewakan monopoli banget nih aplikasi transaksi itungan detik tidak bisa di batal padahal kesalahan dr deskripsi...,negative,neutral,medium,Neutral (score:-1.3)
936,aplikasi gojek sangat jelek dikala ada point slalu tertulis internet nya matidikala ada promosi juga tertulisinternet ny...,negative,positive,medium,Positive (score:3.9)
942,sangat kecewa dengan gojek saya gopay ribu dr semalam tapi tidak masuk sampai skrg sudah saya laporkan ke email gojek ta...,negative,neutral,high,"Mixed sentiment (pos:1, neg:1)"
952,awal dapet harta karun senang karena bebas milih makin kesini harta karun nya ditentukan resto nya ya percuma donk itu b...,negative,positive,medium,Positive (score:3.0)
955,sangat membantu kalau lagi lapar dan tidak bisa keluar malam makasih gojek pokoknya banyak banget keuntungan nya,positive,neutral,medium,Neutral (score:0.0)
957,mohon untuk waktu batal orderannya di tambah karena percuma ngasi fitur batal kalo waktu batal cuman sec mungkin pihak a...,negative,neutral,high,"Mixed sentiment (pos:2, neg:2)"
958,force close pas mau masuk menu sudah lambat seperti ini sudah diperbaiki cuy bagus lah gojek,positive,neutral,medium,Neutral (score:1.0)
960,mantap jangan sampai di update jadi ribet kaya apk sebelah saat pemesanannya,positive,neutral,medium,Neutral (score:1.3)
962,nambah lambat bukan nambah bgus malah namba merugikan sering gangguan apalagi habis hujan edit sudah mulai baik di beber...,neutral,negative,medium,Negative (score:-2.0)
971,good driver bijaksana d sangat membantu saat penting dan d perlukan trims,positive,negative,medium,Negative (score:-2.6)
982,sangat membantu dan bisa menjadi andalan dalam transportasi dan dengan aplikasi yang ada sangat membantu seperti gopay d...,positive,negative,high,Strong negative (score:-5.2)
986,saya tau gojek berusaha memberikan pengalaman perjalanan yang nyaman tapi tolong masih banyak rute yang lebih dekat dan ...,negative,neutral,high,"Mixed sentiment (pos:2, neg:2)"
988,sangat bagus dan membantu tapi syg untuk penukaran poin saat ini kurang bagus,positive,negative,medium,Negative (score:-3.9)
990,nyaman dan ngak was was barang sampe tujuan dengan baik,positive,neutral,medium,Neutral (score:-1.0)
991,mohon untuk di tindak lanjuti berbagai penipuan fia gojek seperti gopay yang sangat merugikan karena saya barusan kena s...,neutral,negative,medium,Negative (score:-2.6)
994,sudah mau jalan minggu aplikasinya sering banget lag,neutral,negative,medium,Negative (score:-2.6)
1002,ini aplikasi sampah suka menghubungkan sendiri kepembayaran online saldo saya diambil padahal tidak pernah membuat pesan...,negative,positive,medium,Positive (score:2.6)
1005,sangat puas pelayanannya gojek tapi sayang banyak sopir go bak yang sering batalkan pesanan kalo emang tidak mo ambil pe...,positive,neutral,high,"Mixed sentiment (pos:1, neg:1)"
1008,sangat membantu pada waktu itu sekarang sering di batal dan di ganti driver dan itu menunggu bisa sampai jam menit dan a...,neutral,negative,high,Strong negative (score:-5.2)
1012,ok banget sangat membantu tp untuk maps nya masih kacau banget kasihan untuk yang belum paham tolong diperbaiki makasih,negative,positive,medium,Positive (score:3.2)
1013,masalah dengan driver x pesanan di cancel chat cs tidak bisa malah chat dengan bot minim informasi yang membantu,negative,positive,medium,Positive (score:2.0)
1016,min saya ingin bertanya apakah kalau menggunakan voucher pengemudi tidak mau pick up karena jarak yang jauh saya memesan...,neutral,negative,medium,Negative (score:-2.0)
1022,sangat membantu kita yang membutuhkan transportasi alternatif selain kendaraan umum fitur lainnya juga oke banget sangat...,positive,negative,high,Strong negative (score:-5.7)
1024,iyq si aplikasinya bagus tapi kenapa tiba tiba gopay saya tekena blok padahal tidak saya apa apai saya sudah kirim lapor...,negative,positive,high,Strong positive (score:6.0)
1026,aplikasi go jek ini andalan saya untuk bertransaksi apapun dan sangat membantu saya di masa pandemi seperti tinggal klik...,positive,negative,medium,Negative (score:-2.6)
1028,cukup membantu saya dalam segala hal mau pemesanan jasa antar apapun semoga lebih baik lagi kedepan nya,positive,neutral,medium,Neutral (score:-1.0)
1035,menurut saya aplikasi ini sangat membantu sekali dengan beberapa fiturnya seperti go send dan go car tapi sayangnya pada...,positive,negative,medium,Negative (score:-3.2)
1036,tlong di perbaiki lagi saya tidak meng batal oredran tpi di aplikasi saya saya batal orderan trs ada notifikasi pesanan ...,negative,neutral,medium,Neutral (score:0.0)
1045,swipe gopoin hilang sedangkan di situsnya masih ada penjelasannya padahal ada buanyak swipe gopoin yang belum dipakai sa...,negative,positive,medium,Positive (score:3.0)
1047,mantao skuy kapan nih paylater di aktifkan akun sudah lambat dan lumayan aktif tapi tidak di aktifkan,negative,neutral,high,"Mixed sentiment (pos:1, neg:1)"
1056,tolong dong nih akun saya koq tidak bisa bagus up pulsa dengan keteranga d blokir gitu tolong solusinya gimna,positive,negative,medium,Negative (score:-3.0)
1057,sangat membantu dan banyak promonya semoga jaya terus dan pihak aplikator juga bisa memperhatikan mitra mitra nya,positive,negative,medium,Negative (score:-2.6)
1059,tolong lengkapi info type motor yang dipakai driver agar sama enak thanks,neutral,negative,medium,Negative (score:-2.0)
1067,oalaah ini upgrade gopay plus nya ko lambat mestinya harus gerak cepat dong saya dftr prakerja dan mau nyairin intensif ...,negative,neutral,medium,Neutral (score:0.0)
1071,sini mau komplen mala dkirim pesan otomatis kocak minimal kasih nomer customer service nya kocak komplen di aplikasi jug...,negative,positive,medium,Positive (score:2.6)
1073,alhamdulillah sangat membantu upgrade gopay plus nya tidak lambat mudahn lancar tidak ada kendala buat pencairan prakerj...,positive,negative,medium,Negative (score:-2.6)
1075,saya sulit dapet pengemudi maupun gocar atau pun goride padahal sudah aktifin pencarian cepat,neutral,positive,medium,Positive (score:2.0)
1079,fiturnya semakin banyak ada juga gopaylater yang sangat membantu waktu perlu makan beli pulsa tapi belum dapat transfera...,positive,negative,medium,Negative (score:-2.6)
1089,sangat baik dan membantu kecepatan dalam pekerjaan,positive,negative,high,Strong negative (score:-6.5)
1097,overall i like it but please tambahkan opsi nama kendaraan pengemudi nya karena menurut saya hal ini sangat pengaruh ter...,negative,neutral,high,"Mixed sentiment (pos:1, neg:1)"
1099,sangat merugikan saya pesen gocar pesan nya sangat lambat tidak ada pengemudi padahal saya di tengah kota solo dan melih...,negative,positive,medium,Positive (score:3.2)
1102,sangat puas setiap pesen tepat waktu dan drivernya ramah,positive,neutral,medium,Neutral (score:-1.3)
1107,aplikasi nya sangatlah memuaskan terimakasih gojek,neutral,negative,medium,Negative (score:-3.9)
1110,saya mitra sudah th lebih kesejahteraan bkn makin meningkat malah makin merana sulit dpt orderan klo dpt pilihan kerjaan...,neutral,positive,medium,Positive (score:3.0)
1115,suka banget dengan aplikasi gojek walaupun sedikit yang lambat menjemput,positive,neutral,medium,Neutral (score:0.0)
1117,gojek gocar lebih praktis dan meringankan biaya terjangkou juga lebih nyaman enak bisa kapan saja kita pakai selalu ada,positive,neutral,medium,Neutral (score:0.0)
1118,paylater sebelum di update lebih mudah dipake setelah di update tidak bisa dipake buruk,neutral,positive,high,Strong positive (score:5.0)
1119,aplikasinya gajelas jaringan lancar pas buka gojek ngelag banget mesen makan saja sejam busett,positive,negative,high,Strong negative (score:-5.2)
1123,tagihan sudah dibayarkan saldo gopaylater full tapi pas mau dipake buat bayar tagihan selalu gagal padahal jaringan bagu...,positive,negative,high,Strong negative (score:-6.0)
1136,suka tapi kdang sebel klo ada pesan ke tmpt makan nomer pelanggan suka di save sama tmpt makannya,positive,neutral,high,"Mixed sentiment (pos:1, neg:1)"
1138,tidak pernah dapat pengalaman bagus pake gojek pengemudi jauh lah pengemudi tidak datang sudah ditungguin padahal posisi...,neutral,negative,medium,Negative (score:-2.6)
1143,bagus di pake muda di mengerti dan sangat membantu tapi kenapa klu di upgrade lambat sekali prosenya mohon perhat,positive,neutral,high,"Mixed sentiment (pos:1, neg:2)"
1147,saya makin dkesini semakin di persulit kirim email cuma buat nuker nomor hp karena saya punya account ja ribet di tolak ...,negative,neutral,high,"Mixed sentiment (pos:2, neg:2)"
1148,dengan adanya gojek sangat membantu banget,positive,negative,medium,Negative (score:-3.2)
1150,untuk gofood nya makin sering di pake makin gada vocer pengantaran lama mending pake apk ijo yang sebelah,negative,positive,medium,Positive (score:2.0)
1166,aplikasi yang sangat membantu kalau perlu terus ada promosi nya dong buat pengguna setia terima kasih,positive,negative,medium,Negative (score:-2.6)
1168,terima kasih sangat baik sekali,positive,negative,high,Strong negative (score:-4.8)
1169,saya sedikit kecewa pas isi gopay di promosi bahwa gopay sama cash beda harga dan gopay lebih murah dari cash ternyata p...,neutral,negative,medium,Negative (score:-3.0)
1173,sangaat terbantu lebih mudah dlm segala hal semoga kedepannya akan lebih berkembang lagi,positive,negative,medium,Negative (score:-2.0)
1181,sampah aplikasi nya ini itu error mulu gopay coin nya apalagi disuruh report tapi web untuk report nya juga error bagaim...,negative,neutral,high,"Mixed sentiment (pos:1, neg:1)"
1190,sekarang gojek tidak bisa bagus up lewat mandirilivin,positive,negative,medium,Negative (score:-3.0)
1192,saya kasih bintang saja biar di perhatikan gojek kurang update alamat yang benar input alamat yang benar sulit tak bisa ...,negative,neutral,medium,Neutral (score:-1.3)
1193,aplikasi bagus yang dulu bisa lihat posisi drever dimana dan cepet banget pesannya sekarang resto deket saja lambat bang...,negative,neutral,medium,Neutral (score:1.3)
1198,selama ini masih sangat membantu bisa kirim barang kebutuhan anak yang sekolah di luar pulau,positive,negative,medium,Negative (score:-2.6)
1204,sangat puas upgrade tidak ada jam langsung di proses beda kaya sebelah sudah minggu tidak di proses pokok nya bagus reco...,positive,neutral,medium,Neutral (score:0.0)
1208,aplikasi yang sangat membantu memudahkan hidup cs juga sangat responsif saat customer komplain good job banget team goje...,positive,negative,medium,Negative (score:-3.2)
1210,kenapa akun punya saya alamat nya suka pindah sendiri saya ada di kopo alamat nya di jalan gading tutuka jauh amat ini h...,neutral,positive,medium,Positive (score:2.6)
1214,sangat membantu sekali kalau lagi mau pergi dan harga nya pun tidak menguras kantong,positive,negative,medium,Negative (score:-3.2)
1221,aplikasi makin ke sini makin ngelag,neutral,negative,medium,Negative (score:-2.0)
1236,hanya catatan di harga gofood kenapa sudah markup harga tapi masih ngecharge platform fee markup nya juga kebesaran maka...,neutral,positive,medium,Positive (score:3.2)
1238,terimakasih gojek pelayanannya sangat baik dan memuaskan,positive,negative,high,Strong negative (score:-7.8)
1241,saya agak kecewa pengemudi nya kebanyakan meolak dengan alasan ongkir tidak sesuai dengan jarak antar malah minta di sam...,negative,positive,medium,Positive (score:2.0)
1245,go jek sangat bagus dan tidak ada kendalanya pelayanan nya ramah harganya murah dan keselamatan penumpang terjamin pokok...,positive,neutral,medium,Neutral (score:1.6)
1249,mengapa selesai saya bagus up selalu muncul notif permintaan ditolak saldo ada tapi tidak bisa melakukan pembayaran moho...,neutral,negative,medium,Negative (score:-3.0)
1251,kadang suka susah di donlowd,positive,neutral,medium,Neutral (score:0.0)
1252,apk bagus tapi sayang banyak pengemudi yang mangkal disembarang tempat dikawasan rumah penduduk yang bukan komplek perum...,negative,positive,high,Strong positive (score:6.5)
1260,saya kasih bintang satu buat aplikasi ini saya kurang puas sama aplikasi yang sekarang saya pesan food masa nunggu mnt b...,negative,positive,medium,Positive (score:2.0)
1261,kerja aplikasinya lambat bngt kelamaan loading padahal jaringan bagus bagus saja,positive,negative,high,Strong negative (score:-8.0)
1265,sudah males go food di gojek harga ongkirnya mahal banget klo bisa tolong di kira ongkirnya dan tolong sesuaikan dengan ...,negative,positive,medium,Positive (score:2.6)
1274,pliss untuk admin gojek yang terhormat berikan lah aku voucher diskon goride yang banyak biar bisa naik gojek setiap har...,positive,neutral,medium,Neutral (score:1.0)
1288,aplikasinya bagus dan sangat membantu,positive,neutral,medium,Neutral (score:1.3)
1290,gangguan lambat banget,negative,positive,medium,Positive (score:2.6)
1291,keren hanya biaya pengiriman masih lebih mahal dari starup tetangga,positive,neutral,high,"Mixed sentiment (pos:1, neg:1)"
1296,sangat sangat membantu di saat nga bs kirim barang sendiri selalu ada bantuan dri gojek terima kasih banyak selalu sukse...,positive,neutral,medium,Neutral (score:1.3)
1297,untuk keseluruhan ok bnr ngebantu banget buat aku yang pergi kerja sana sini cuma satu kalo pesan pas lagi hujan kenapa ...,positive,neutral,high,"Mixed sentiment (pos:1, neg:1)"
1303,pesan makanan lewat gofood lambat banget cari drivernya bisa sampai menit baru ada driver setelah ada pengemudi posisiny...,neutral,negative,medium,Negative (score:-2.6)
1304,aplikasi ini sangat kaya dengan fitur utk kebutuhan sehari hari dan sangat membantu produktifitas harian saya thanks,positive,neutral,medium,Neutral (score:0.0)
1307,kalo bisa apknya dipisah terutama go pay agar lebih mudah dan tampilannya diperbaharui,positive,negative,medium,Negative (score:-2.0)
1309,aplikasi tolol orang jadi terlambat grgr nunggu bagus up gamasuk masuk,negative,positive,medium,Positive (score:3.0)
1314,aplikasi paylayer pinjaman paling tidak jelas tidak pernah telat saja bentr di blokir pinjaman tidak pernah telat pas di...,negative,positive,high,Strong positive (score:4.8)
1315,beli paket data sudah pembayaran tapi status menunggu datanya juga sampai sekarang tidak masuk masuk kecewa,negative,positive,medium,Positive (score:3.0)
1316,aku sudah tahunan pake gojeg sering banget disc makanya sering belanjapergi tapi sekarang kenapa jarang ya min apalagi g...,positive,negative,medium,Negative (score:-3.9)
1320,saya ubah bintangnya karena aplikasi jadi lebih sulit digunakan semenjak pesanan tidak bisa dibatalkan saya orang yang s...,neutral,positive,medium,Positive (score:2.0)
1324,gofoodnya akhir ini sering lambat ya oh iya kasih rating buat restonya dong jangan drivernya aja biar customer tahu rati...,neutral,negative,medium,Negative (score:-3.0)
1331,sangat cepat dan tepat,positive,negative,medium,Negative (score:-2.6)
1340,aplikasinya bagus cuma klo masang iklan di tv jgn yang ngagetin yang be real saja,neutral,positive,medium,Positive (score:3.0)
1342,muter terus bukanya sekarang lama,negative,positive,medium,Positive (score:2.0)
1343,saya sangat kecewa sekali dengan gojek ceritanya saya melakukan transaksi pesan go food saya berusaha menghubungi pengem...,negative,neutral,high,"Mixed sentiment (pos:1, neg:2)"
1353,sangat memuaskan semoga insentif pra kerja saya cepat cair melalui aplikasi ini tolong di bantu ya admin agar tiap bulan...,positive,neutral,medium,Neutral (score:1.3)
1359,percuma tidak bisa dpake anj saya dah bagus up rp k malah tidak bisa dipake aplikasi bngst gangguan disaat yang tidak te...,negative,positive,medium,Positive (score:3.0)
1360,tambah lambat pelayanan bukannya tambah bagus tapi bikin pengguna tambah bad mood,neutral,negative,high,Strong negative (score:-5.0)
1362,sebenarnya aplikasinya sudah bagus tapi kenapa saya tidak bisa melihat pin saya lagi karena saya lupa dan kartu saya yan...,negative,positive,medium,Positive (score:3.0)
1368,aplikasi saat ini sudah berjalan sangat baik untuk ui sangat simple dan mudah untuk digunakan sangat membantu dalam pros...,positive,negative,high,Strong negative (score:-9.1)
1369,semakin kesini menyusahkan pelanggan akun lambat saya sudah ditutup atau nonaktif oleh gojek namun di akun baru tidak bi...,negative,neutral,high,"Mixed sentiment (pos:1, neg:1)"
1373,sangat bermanfaat untuk yang membutuhkan aplikasi ini juga sangatt baik dan baguss sukses sllu untuk gojekk,positive,neutral,medium,Neutral (score:0.0)
1387,pengemudi motor gojeck pada umumnya pakaiannya kurang rapi dan bau lagi jaketnya yang dipakainya jadi kurang nyaman jadi...,negative,neutral,medium,Neutral (score:0.0)
1388,aplikasi yang sangat bagus sangat mudah dan mudahan pengemudi nya tetap ramah,positive,negative,medium,Negative (score:-3.9)
1389,wahh perkembangan gojek sudah oke cuma tidak bisa di lacak gpsnya pesanan kita ada dimana swmoga terus berkembang ya goj...,positive,negative,medium,Negative (score:-2.0)
1396,aplikasi ini blum biasa bikin kaya tapi bagi orang dengan kebutuhan seperti saya aplikasi ini sangat membantu roda perek...,positive,negative,medium,Negative (score:-2.6)
1399,sekarang pengemudi gocar suka banget main cancel klo konfirmasi sih gpp ya kalo sudah nunggu trus main batal bikin jengk...,negative,positive,medium,Positive (score:3.9)
1410,alhamdulillah di indonesia saat ini sudah ada aplikasi gojek yang sangat membantu mengurangi angka penggangguran di indo...,positive,negative,medium,Negative (score:-3.2)
1411,harga sangat bersaing dengan sejenis respon ramah dan cepat,positive,neutral,medium,Neutral (score:0.0)
1415,mantapp bisa memudahkan saya dalam berpergian kemana saja yang saya mau harga juga terjangkau dan tidak kalah bagus dari...,positive,negative,medium,Negative (score:-3.0)
1425,sangat membantu disaat akan berpergian dan ketuka lapar tapi malas untuk pergi kemana,positive,negative,medium,Negative (score:-2.6)
1431,id yang anda kirimkan sudah pernah terdaftar tapi di suruh upgrade giliran di upgrade sudah terdaftar mending pindah ke ...,negative,positive,medium,Positive (score:3.0)
1437,tolong perbaiki bug untuk chat dengan driver saya tidak bisa komunikasi dengan drivernya selalu error setiap membuka cha...,negative,positive,medium,Positive (score:2.0)
1440,masih agak lelet untuk kemudahan sudah oke,positive,neutral,medium,Neutral (score:1.0)
1447,aplikasi yang sangat handal dan membantu,positive,negative,medium,Negative (score:-2.6)
1448,aplikasi lambat baru proses selama pakai gojek tidak pernah dapat diskon go car go food padahal sangat aktif menggunakan...,positive,negative,medium,Negative (score:-2.6)
1451,gaada promo biaya ongkir mahal padahal makanan yang mau di pesan deket dr rumah,neutral,negative,medium,Negative (score:-2.0)
1467,gua pesan go ride jaraknya km pada mlm hari harganya yang biasanya tpi paginya gua pesan lagi jaraknya sama tapi hargany...,negative,neutral,medium,Neutral (score:-1.0)
1472,gopud ku kenapa sekarang gabisa digabung diskonnya percuma ngasih voucher tapi gabisa di gabung sama diskon resto mana o...,neutral,negative,medium,Negative (score:-2.6)
1475,sangat mempermudah baik beli makanan belanja dan pengantar terlebih sering promosi,positive,negative,medium,Negative (score:-3.9)
1478,selamat pagi untuk gopay later saya sering transaksi tapi limit gopay saya masih stak di ribu saja lapan bisa naiknya me...,neutral,negative,medium,Negative (score:-2.6)
1493,fitur chat ke pengemudi malah ilang abis update malah bikin susah feb install gojek pas masuk ups ups terus padahal pake...,negative,neutral,medium,Neutral (score:0.0)
1496,aplikasi anjing paylater sudah bayar di akhir bulan kenapa awal bulan ini gua dapat notifikasi belum bayar tagihan bukti...,negative,neutral,medium,Neutral (score:0.0)
1499,aplikasi yang sangat membantu pengguna secara daring untuk banyak kebutuhan next level transportation,positive,negative,medium,Negative (score:-2.6)
1500,penanganan saldo yang belum masuk terlalu lambat x jam belum ditambah hari libur nasional mau topup ulang takut x masukn...,negative,positive,medium,Positive (score:2.0)
1507,berkat adanya gojek mempermudah masyarakat untuk melakukan aktivitas agar cepat sampai ke tujuan,positive,negative,medium,Negative (score:-2.0)
1512,aplikasi langganan sejak lama akan tetapi kenapa akhir akhir ini tidak bisa membeli kuota atau membayar sesuatu melalui ...,negative,positive,medium,Positive (score:2.0)
1514,saya pernah mendaftar tetapi saya hapus aplikasi karena sedang tidak membutuhkan ternyata setelah saya download lagi dan...,positive,neutral,medium,Neutral (score:1.0)
1517,ini kenapa habis update malah rusak tidak bisa di buka aplikasinya ada peringatan aplikasi mengalami macet menghubungi c...,negative,positive,medium,Positive (score:2.0)
1528,sangat baik aplikasi gojek lebih mudah dan cepat upgrade nya,positive,neutral,medium,Neutral (score:1.3)
1530,sangaat membantu dalam proses penyambungan kartu prakerja dan banyak manpaat nya,positive,negative,medium,Negative (score:-2.0)
1531,pelayanan saat pemesanan sangat buruk saya mau keluarkan ribu tapi drivernya tidak ada yang terima padahal sudah pake pr...,negative,positive,medium,Positive (score:3.9)
1535,gausah di suspen di suspen kalo bisa jangan mentang mentang gratis juga daftar di gojeknya lebih teliti lagi komen yang ...,positive,neutral,medium,Neutral (score:-1.0)
1540,sangat bagus dan bermanfaat bagi kita,positive,negative,medium,Negative (score:-3.9)
1543,alamat sama titik lokasinya tidak pas banget suka salah terus kadang males pake tapi kadang butuh kalo pengen apa apa to...,positive,negative,medium,Negative (score:-3.2)
1544,untuk gojek bagus cuman harga nya terkadang terlalu nyecik dan untuk driper nya tolong klu pakai gopay bayar nya jangan ...,negative,neutral,high,"Mixed sentiment (pos:1, neg:1)"
1549,saya kurang suka setiap saya pesan setelah smpai tujuan kenapa drivernya sllu tidak punya kmbalian ngk mau mncari dulu t...,negative,neutral,high,"Mixed sentiment (pos:1, neg:1)"
1552,sudah agak lumayan udah jarang gangguan tapi sayang jarang ada vocer sekarang,neutral,negative,medium,Negative (score:-3.0)
1567,aplikasi ini sgt membantu saya yang tidak mau ribet keluar rumah gomart gofood gosend semua tinggal klik aja mantab tapi...,negative,neutral,high,"Mixed sentiment (pos:2, neg:2)"
1572,nih yang tidak ngerespon dari aplikasinya apa dari signal saya sebenernya selepas di update mau pesen atau mau buka apli...,negative,neutral,medium,Neutral (score:1.0)
1573,aplikasi ini sangat membantu untuk kaum mageran seperti saya hhaa,positive,negative,medium,Negative (score:-2.6)
1575,pengemudi mengantar makanan dengan cepat,positive,negative,medium,Negative (score:-2.0)
1576,sangat bagus aplikasinya bagus dan memudakan untuk penggunaannya dan simple banget,positive,negative,high,Strong negative (score:-9.6)
1578,saya sudah lambat pakai gojek tapi knpa sekarang setiap mau pesen gojek sllu di suruh login padahal akun sudah ada sudah...,negative,neutral,high,"Mixed sentiment (pos:1, neg:2)"
1579,sangat kecewa aplikasi diupdate terus tapi semakin lambat malah semakin susah dibuka apalagi kalo ada saldonya semakin s...,negative,neutral,high,"Mixed sentiment (pos:1, neg:2)"
1581,aplikasi sangat membantu dan cepat di upgrade untuk prakerja,positive,negative,high,Strong negative (score:-5.2)
1582,semakin lambat semakin tidak enak menggunakannya padahal saya pengguna setia gojek sekrang harga bisa berubah ubah dari ...,positive,negative,medium,Negative (score:-2.0)
1583,saran buat aplikator gojek wilayah jawa timur sekitarnya harga gojek buat pengemudi tidak manusiawi dan oderan estafet k...,negative,positive,medium,Positive (score:2.6)
1584,sangat membantu sekali untuk perjalanan luar kota yang aman dan terjamin aplikasi bisa diakses di kota kota kecil juga b...,positive,negative,medium,Negative (score:-3.2)
1585,sangat membantu dan fleksibel dlm pemilihan fungsi sesuai dengan kebutuhan masa kini,positive,negative,medium,Negative (score:-2.6)
1587,aplikasi nya sangat membantu simpel mudah dan praktis membantu dlm bertransaksi dlm pembayaran,positive,neutral,medium,Neutral (score:0.0)
1590,sangat bagus apa lagi banyak promosi dan voucher gofoodnya lebih bagus lagi,positive,neutral,medium,Neutral (score:0.0)
1597,menurut saya aplikasi ini membantu saya menjadi resseler selama saya pakai tidak ad masalah namun kadang agak staklag mu...,positive,neutral,high,"Mixed sentiment (pos:1, neg:1)"
1606,salam buat go jek team izinkan saya menyampaikan sedikit masukkan bagi go jek team khususnya bagi yang beroperasi diwila...,neutral,positive,high,Strong positive (score:6.5)
1608,setelah tahun setia dengan layanan gojek terlebih gofood kenapa kesininya semakin amburadul ya pencarian pengemudi yang ...,negative,neutral,high,"Mixed sentiment (pos:2, neg:2)"
1609,menggunakan layanan gojek sangat membantu rutinitas sehari hari tingkatkan terus layanan kepada pelanggan dan juga kepad...,positive,negative,medium,Negative (score:-2.6)
1613,aplikasi nya aneh sudah kirim berkali kali tetap tidak bisa dh rusak aplikasinya mna duit gua nyangkut di dalam isi puls...,negative,positive,medium,Positive (score:3.0)
1614,aplikasi ini sangat bagus sangat membantu dalam transaksi di kartu prakerja sebagai rekening untuk intensif,positive,negative,high,Strong negative (score:-6.5)
1619,pesen doble trus rugi donk duduk tidak bayar ya,neutral,negative,medium,Negative (score:-2.0)
1622,untuk yang lain bagus cuman gomart nya jadi tidak lengkap kaya dulu enakan versi lambat bisa pilih toko belanjaanya juga...,negative,neutral,high,"Mixed sentiment (pos:1, neg:1)"
1623,buka gojeknya lambat padahal buka aplikasi lain lancar aja promosi tidak ada yang menarik mohon dilakukan optimalisasi l...,negative,neutral,medium,Neutral (score:0.0)
1624,tarifnya jngan mahal,neutral,positive,medium,Positive (score:2.0)
1626,awalnya nyaman pakai gojek sekarang tidak lagi pelit kasih voucher pakai mode hemat dimaki pengemudi padahal mode hemat ...,positive,neutral,medium,Neutral (score:0.0)
1630,tolong buat pihak gojek terutama gofood segera perbaiki kualitas pelayanannya saya sebagai customer kecewa harus nunggu ...,negative,neutral,medium,Neutral (score:1.3)
1631,seringkali pengemudi tidak mau batal pesan tapi tidak bergerak membiarkan pesan sampai tercancel otomatis ini sangat mer...,negative,positive,medium,Positive (score:2.6)
1636,sangat terbantu dengan adanya aplikasi ini semoga kedepan lebih banyak lagi fitur yang sangat membantu banyaknya orang y...,positive,negative,medium,Negative (score:-2.6)
1638,apk bagus terima upgrade nya lancar dan semoga lancar tidak ada kendala sama sekali jangan tiba akun pada di blokir nant...,positive,neutral,medium,Neutral (score:0.0)
1641,tidak akurat dalam menentukan lokasi otomatis saya di buat bingung saya pesan gofood titik antarnya nyasar jauh banget s...,negative,positive,medium,Positive (score:3.2)
1646,sangat memuaskan saran nih tolong dunk jika kita sudah memesan berikan templat untuk chat ke pengemudi otomatis supaya l...,positive,neutral,medium,Neutral (score:-1.3)
1648,sudah agak kecewa dengan gojek saat pesan gofood sekarang entah makanan yang diputar dulu karena pengemudi beralasan ter...,negative,positive,medium,Positive (score:2.0)
1653,membantu tetapi kenapa untuk rute kadang kadang dipilih rute yang jauh jadi semakin mahal tarifnya terimakasih,positive,neutral,high,"Mixed sentiment (pos:1, neg:1)"
1654,gojek belanja sangat membuat saya marah karena apa ya karena pelayanan nya sangat buruk saya sudah pesan tapi dari kemar...,negative,positive,high,Strong positive (score:12.8)
1661,nyari pengemudi sudah kayak nyari fosil dinosaurus saja sudah jam tidak ada yang ngambil pesanan padahal lumayan deket c...,neutral,negative,medium,Negative (score:-2.0)
1667,ini kenapa ya hari ini ongkir gofood mahal banget tidak sampe km dr kos saya tapi ongkirnya rebu kan lumayan mas mbak mo...,negative,neutral,high,"Mixed sentiment (pos:1, neg:1)"
1676,sangat puas cari pengiriman tepat waktu dan sopan santun,positive,negative,medium,Negative (score:-3.9)
1680,sudah lebih dari kali lebih entah beli di alfagift beli reksa di bibit sudah pilih klik promosi waktu mau bayar dan ada ...,positive,negative,medium,Negative (score:-3.0)
1681,tolong untuk menu gofood bisa di tampil kan menu gambar makanan nya biar tidak pusing memilih nya karena untuk makan set...,positive,negative,medium,Negative (score:-2.6)
1683,mending close saja apk nya tidak pernah dapat promosi lagi padahal sering dipakai aplikasi nya dr gosend dan gofood kura...,negative,neutral,medium,Neutral (score:-1.0)
1687,aplikasi pilihan emang tidak pernah gagal,negative,positive,medium,Positive (score:3.0)
1689,sangat senang memakai gojek ada bonus reward juga setiap selesai transaksi tingkatkan transaksi dam ambil rewardnya,positive,negative,medium,Negative (score:-3.9)
1691,sangat kecewa sejak saya pesan utk ibu saya datang beda motor dan beda pengemudi saya batal dan sejak itu saya tidak bis...,negative,neutral,medium,Neutral (score:1.3)
1692,aku suka sekali tapi alangkah baiknya klu di tambah fasilitasnya yaitu pembelian tiket online kereta api lokal dhoho n p...,positive,negative,high,Strong negative (score:-9.5)
1693,cepat tanggap bagus,positive,neutral,medium,Neutral (score:-1.0)
1694,hari ini benar benar pengalaman paling buruk setelah sekian lambat saya menggunakan gojek karena aplikasi yang error say...,negative,neutral,high,"Mixed sentiment (pos:1, neg:2)"
1704,kecewa berat sih belanja tengah malam pake gomart karena ada voucher gratis ongkir pas sampe di lokasi ada beberapa bara...,positive,negative,high,Strong negative (score:-9.6)
1705,sangat puas dengan ketepatan waktu penjemputan selalu dpt disc menarik tentunya,positive,negative,medium,Negative (score:-3.9)
1711,gopaylater tidak bisa digunakan padahal paginya berhasil tapi siangnya malah tidak bisa di gunakan semua transaksi sanga...,negative,neutral,high,"Mixed sentiment (pos:1, neg:1)"
1715,aplikasi yang sangat membantu konsumen khususnya dlm hal transportasi dan praktis dlm pembelian makanan,positive,neutral,medium,Neutral (score:0.0)
1718,keren sangat membantu saya yang capek pulang kantor semoga pelayanan dan kenyamanan nya di tingkatkan,positive,neutral,medium,Neutral (score:-1.3)
1726,sebelumnya aplikasi go jek ini sangat bagus sekali tapi sejak kejadian tgl saya isi kuota namun kuota tidak masuk dan sa...,positive,negative,high,Strong negative (score:-4.8)
1733,sangat membantu mobilitas semoga uinya bisa lebih ditingkatkan supaya tidak cluttered selamat mergernya dengan tokopedia...,positive,negative,medium,Negative (score:-3.2)
1742,kurang ramah dan terlalu cuek,negative,neutral,medium,Neutral (score:1.0)
1743,apa ini kenapa makin lambat malah ngeselin dulu lancar jaya buka aplikasi gojek skrang setiap buka atau mau pesan lamaa ...,negative,neutral,medium,Neutral (score:0.0)
1757,sangat berguna untuk para remaja buat bepergian jadi tidak bingung kalau tidak punya motor dan juga ada gofood juga poko...,positive,negative,medium,Negative (score:-3.9)
1763,selamat sore go jek dulu saya penguna akun go jek tetapi no hp sudah tidak aktif dan email saya sudah terdaftar dan susa...,positive,negative,medium,Negative (score:-2.6)
1768,aduh kenapa akhir ini tarif nya naik biasa harga nya lebih murah dr akun sebelah ini kenapa malah lebih mahal dan hampir...,neutral,negative,medium,Negative (score:-2.0)
1771,tolong titik lokasi costumer di perbaiki soalnya sudah di mark lokasinya tapi sering berpindah di karena kan itu sangat ...,neutral,positive,medium,Positive (score:2.6)
1775,sebenarnya aplikasi nya bagus hanya saja beberapa hari ini aplikasinya bikin emosi tiba pengemudi batal padahal titiknya...,negative,neutral,high,"Mixed sentiment (pos:1, neg:1)"
1779,kenapa sekarang setiap naik level tidk ada reward seperti dulu padahal reward sangat membantu untuk diskon membeli item ...,positive,negative,medium,Negative (score:-2.6)
1787,aplikasinya cukup bagus setiap saya pesan makanan lewat go food di respon sangat cepat,positive,neutral,medium,Neutral (score:1.3)
1791,pengalaman buruk mesen gocar sampai x di batal pesan pada tidak mau ngambil padahal sudah saya non aktifin promosi voche...,negative,positive,high,Strong positive (score:4.0)
1793,terima kasih gojek dengan gojek dan gopay transaksi jadi lebih mudah banyak kebutuhan yang dapat terpenuhi dengan baik a...,positive,negative,high,Strong negative (score:-4.0)
1796,klo saya pesen makanan kenapa lebih murahan di grab yahh meskipun beda beberapa saja cuma kan lumayan buat tip abangnya ...,neutral,positive,medium,Positive (score:2.0)
1804,sangat membantu semua kegiatan sehari hari terumata go food apalagi sekarang banyak banget promosi vouchernya bravo,positive,negative,medium,Negative (score:-3.2)
1808,bagus banget sih soalnya pengemudinya dateng tidak begitu lambat jadi tidak bisa telat dan drivernya juga kalo dateng di...,negative,positive,high,Strong positive (score:5.2)
1813,semakin kesini semakin tidak memperdulikan costumer seperti go point yang minimal penukaran point itu terlalu berat dan ...,negative,neutral,medium,Neutral (score:-1.0)
1816,tidak suka sama aplikasi gojek yang skrg karena klo chat ada pesan cepat nya bikin ganggu aja sering kepencet pas mau ng...,negative,neutral,medium,Neutral (score:0.0)
1820,tolong ada toleransi rating apabila pengemudi cansel order dengan alasan barang yang diantar tidak mungkinmengganggu kea...,positive,neutral,medium,Neutral (score:1.0)
1826,good job rekomendasi banget untuk yang butuh mobilitas tinggi,positive,neutral,medium,Neutral (score:1.3)
1829,sangat membantu buat kami kaum berkebutuan qusus divable apalagi sekarang banyak promonya yaah klu tidak pinter nyiasati...,positive,negative,high,Strong negative (score:-5.2)
1830,sangat ramah dan sopan,positive,negative,medium,Negative (score:-2.6)
1832,sedih banget kadang gojek gabisa login padahal koneksi bagus sudah hapus data trus instal uninstall gabisa bisa,neutral,positive,medium,Positive (score:3.9)
1834,sekarang abis di update promo nya harus di pilih ada promosi sekian tapi harus aja ongkir dll gabisa kepasang kalo dulu ...,neutral,negative,medium,Negative (score:-2.0)
1850,pelanggan yth tagihan gopay later dari mab sudah jatuh tempo biaya denda rb akan dibebankan besok jika tidak ada pembaya...,negative,neutral,medium,Neutral (score:-1.0)
1852,lengkap banget isi aplikasinya bisa pesan dan bayar apa saja keren,positive,neutral,medium,Neutral (score:1.3)
1853,sekarang kenapa cari drivernya agak lambat ya kadang sampai mnit tp kadang juga cepat cuma sering lamanya,positive,neutral,high,"Mixed sentiment (pos:1, neg:2)"
1863,menyedihkan tidak bisa batal pesanan padahal di aplikasi jelas tertulis kesulitan mendapat pengemudi,neutral,positive,medium,Positive (score:2.0)
1871,aplikasinya bagus sangat memudahkan memesan makanan mengantar barang dan mengantar bepergian makasih,positive,neutral,medium,Neutral (score:1.3)
1873,sangat membantuu saya suka aplikasi ini tapi untuk keramahan nya terhadap pelanggan terkadang kurang ya mohon ditingkatk...,positive,neutral,high,"Mixed sentiment (pos:1, neg:1)"
1875,aplikasi tidak simpel dan aga membingungkan bagi pengguna baru dan pajaknya mahal banget buat bagus ml saja harga rb jad...,negative,neutral,high,"Mixed sentiment (pos:1, neg:1)"
1879,aplikasinya sangat membantu tapi saya ada kendala saat saya mau ngasih penilaian bintang dikrnkan situasi dirmh ke klik ...,positive,negative,medium,Negative (score:-2.6)
1883,tidak bisa bagus up di indomart yang muncul metode pembayarannya cuman bank jago dan lewat kartu kredit dari bank lainny...,positive,negative,high,Strong negative (score:-6.5)
1892,performa semakin menurun di download pun sangat lambat,negative,positive,medium,Positive (score:2.6)
1897,bagaimana si ini woi ganti ceo jadi tidak becus sistem nyaa saya tidak bisa batal orederan padahal salah input menu pesa...,negative,neutral,medium,Neutral (score:0.0)
1899,kendala mesen yang comfort suka dptnya buruk mesen yang biasa kadang dptnya comfort kl ada yang deket ngapain di pilihin...,negative,neutral,medium,Neutral (score:-1.0)
1900,weyy kenapa waktu saya mau upgrade ke gopay plus gagal terus padahal semua sudah lengkap tidak blur dan sudah pas fotony...,neutral,negative,medium,Negative (score:-3.0)
1904,sangat membantu kalo keluar tidak ada yang jemput atau nganterin,positive,negative,medium,Negative (score:-2.6)
1905,tolong dong gojek lebih di sortis lagi driver nya banyak sekali yang suka berdrama bensin habislah ini lah itu lah custo...,positive,neutral,medium,Neutral (score:-1.6)
1906,aplikasi ini sangat membantu tapi tolong di tambah bonus dong klo abis beli makanan kasih go pay gitu,positive,negative,medium,Negative (score:-2.6)
1908,ngeselin setelah update apknya jadi sering keluar sendiri bukannya makin baik malah makin buruk,neutral,negative,high,Strong negative (score:-6.0)
1912,kurangnya itu kenapa harga ongosnya mahal banget apa lagi go foodnya tidak kyk yang disebelah trs kenapa tidak bisa liat...,negative,positive,medium,Positive (score:2.6)
1913,tolong dong pengemudi dari versi lambat kembaliin lagi soalnya pengemudi dari versi baru kebanyakan yang bikin jengkel p...,negative,neutral,high,"Mixed sentiment (pos:2, neg:2)"
1925,apk nya sangat bagus dan saya suka tapi kenapa kenapa akun nya bisa ke blokir mas tolong di perbaiki ini kenapa bisa ke ...,positive,neutral,high,"Mixed sentiment (pos:1, neg:1)"
1930,sekarang permasalahannya bukan ke harga yang belum pasti sekarang harganya sudah banyak yang pasti tapi tinggi saya cek ...,neutral,positive,medium,Positive (score:2.0)
1932,kenapa sekarang suka eror saat pesan gosend sih mana kadang pelanggan pesan di detik sameday berakhir eehh ditunggu pick...,neutral,positive,medium,Positive (score:2.0)
1952,harga sebelum pesan sama sesudah di pesan beda banget jauh lebih mahal setelah di pesan tidak sesuai mengecewakan sih ap...,negative,neutral,high,"Mixed sentiment (pos:1, neg:2)"
1956,mode batal pesanan nya terlalu cepat jadi tidak bisa matikan lagi minimal menit lah modenya buat waktunya terus suka bla...,neutral,positive,medium,Positive (score:2.0)
1962,saran saya tidak usah keluarkan banyak promo percuma pengemudi tidak mau jemput pernah dapat pengemudi ngeluh karena say...,negative,positive,medium,Positive (score:2.6)
1964,go ojek tidak jelas saya d blokir cm gara gara ngebeliin pulsa anak gw suka tiba ngeblokir dengan alasan yang tidak jela...,negative,positive,medium,Positive (score:2.0)
1965,aplikasi yang sangat membantu saya dan keluarga tetap dipertahankan visi pelayanan kedepannya ya semoga semua dpt merasa...,positive,neutral,medium,Neutral (score:1.3)
1981,ini bagaimana ya kode otp nya tidak masuk masuk edit belum berhasil tapi makasih,neutral,negative,medium,Negative (score:-2.0)
1985,rute penjemputan dan rute pengantaran sering menggunakan rute alternatif sehingga pengemudi suka lambat datang njemput k...,negative,neutral,medium,Neutral (score:0.0)
1991,rutenya kurang tepat perlu di perbarui yang baru,positive,neutral,medium,Neutral (score:-1.0)
1992,sangat membantu dalam keseharian dan mengedepankan keselamatan penumpang,positive,negative,medium,Negative (score:-3.2)
1998,aplikasi sangat membantu rekomen,positive,negative,medium,Negative (score:-2.6)
2007,bagus dan sangat mudah,positive,neutral,medium,Neutral (score:1.3)
2008,lumayan walau terkadang ad problem selama masihanusiawu,neutral,positive,medium,Positive (score:2.0)
2012,buat manajemen gojek kalo laganan voucher emang diskon nya itu yang fair aza diskon rb tp dpt nya cuma rb kalo di hitng ...,positive,negative,medium,Negative (score:-3.9)
2014,mau login semakin ribett pake link segala sedangkan buat yang punya handphone satu nomor sangatt sangatt ribeett harus m...,negative,positive,high,Strong positive (score:4.8)
2018,kalau bisa pas drivernya macet bisa diberitahu lokasi atau keadan dijalan itu bagaimana tolong di tingkatkan lagi dan sa...,positive,neutral,medium,Neutral (score:0.0)
2020,sudah bagus up di alfamart rb saldo masuk rb keterangan potongan admin tapi aneh nya saldo gopay berkurang jg rb aneh ha...,negative,neutral,high,"Mixed sentiment (pos:1, neg:1)"
2023,layanan penjemputan sangat cepat,positive,negative,medium,Negative (score:-2.6)
2037,upgrade gagal mulu padahal kamera hp sudah support bngt dan foto sudah jelas,neutral,negative,medium,Negative (score:-3.0)
2047,alamat saya susah di tentukan ya padahal sudah ketik alamat yang jelas tetep saja tidak muncul nyari lewat peta juga bgt...,neutral,negative,medium,Negative (score:-2.6)
2051,sekarang biaya trip tambah mahal jarang ada cash back atau diskon trip,neutral,negative,medium,Negative (score:-2.0)
2054,x gagal isi ulang kartu flazz bca dan multi trip bca rb multi trip rb entah saya yang salah atau bagaimana tapi saat ing...,negative,neutral,high,"Mixed sentiment (pos:1, neg:1)"
2055,sangat bagus apk nya cuman kenapa payleter saya sudah hampir bulan ribu mulu limit nya nggak naik naik limit nya padahal...,positive,neutral,high,"Mixed sentiment (pos:1, neg:1)"
2060,bnr paraahh banget tidak ky dulu dulu mudah klo mo pake aplikasi nya sekarang ampuunn harus pake pin kita proses aktif k...,negative,positive,medium,Positive (score:3.8)
2062,entah kenapa pake rekening gopay insentif prakerja saya mengalami gagal tapi milik teman saya yang pake rekening bni lan...,negative,positive,high,Strong positive (score:7.8)
2064,kalo bisa gopay di buat aplikasi khusus untuk payment melalui gopay biar gampang dan praktis topup dan transaksi jadi ti...,positive,neutral,high,"Mixed sentiment (pos:1, neg:1)"
2067,masalah belum selesai main tutup aja bilangmya nanti di email sudah ganti bulan tidak ada email apa pun chat cs di twitt...,positive,negative,medium,Negative (score:-3.0)
2070,terlalu sering koneksi terbatas padahal saya sudah menggunakan wifi dekat routernya untuk membuka aplikasi yang lebih be...,positive,negative,medium,Negative (score:-2.0)
2087,terimakasih skill academy narasumbernya sangat ramah penjelasan sangat jelas dan mudah dimengerti,positive,negative,high,Strong negative (score:-5.2)
2096,sangat membantu masyarakat,positive,negative,medium,Negative (score:-2.6)
2099,tolong klo saya order carikan pengemudi gojeg nya yang terdekat lokasi dengan saya so saya pesan gojeg selalu dapat nya ...,positive,negative,medium,Negative (score:-2.0)
2104,sangat baik operator ramah kendaraan baik perjalanan aman dan nyaman,positive,neutral,medium,Neutral (score:0.0)
2105,sangat kecewa dengan aplikasi ini dan tidak disarankan bagi yang lain tidak bisa uprage gopay plus alasan nya sudah pny ...,negative,positive,medium,Positive (score:3.9)
2106,cuma mau curhat min tadi pagi dpt pengemudi yang betul ngeyel dia kukuh mau pake jln sesuai maps sedangkan saya mau ambi...,neutral,negative,medium,Negative (score:-3.9)
2111,dari dlu perasaan bagus saja aplikasi nya kenapa sekarang tiba jaringan nya ntag kmna mana lagi laper nya malah tidak bi...,neutral,positive,medium,Positive (score:3.0)
2112,transportasi nyaman pnuh tangung jawab tpi aplikasi yang lain suka usil di hp terus bikin emosi iklan masuk trus dapat h...,negative,neutral,medium,Neutral (score:1.0)
2113,awas jangan aktifin gopay tabungan kalo tidak mau bagus up saldo kalian hilang otomatis pindah ke gopay tabungan namanya...,negative,neutral,high,"Mixed sentiment (pos:1, neg:1)"
2117,jadi gampang kemana mana semisal gaada kendaraan pribadi,positive,neutral,medium,Neutral (score:1.0)
2119,sekarang mahal n diskonnya kenapa pakai kartu kredit tidak kaya dl byk diskon nya,neutral,negative,medium,Negative (score:-2.0)
2124,aplikasi sangat membantu hanya saran kalau bisa carikand pengemudi yang lebih dekat dengan titik penjemputan agar custom...,positive,neutral,high,"Mixed sentiment (pos:1, neg:1)"
2135,mohon jika memeberi pengemudi gocar untuk penumpang itu yang sedang free bukan yang sedang mengantar penumpang alhasil p...,neutral,negative,medium,Negative (score:-2.0)
2138,overall bagus dan sangat membantu masalahnya cm satu utk gocar sangat amat sulit dicari dan klo sudah nemu gocar pasti m...,positive,neutral,medium,Neutral (score:1.6)
2141,yang lainnya sih lumayan cuma tolong dong go points nya dikasih filter untuk kotanya berbeda disini saya buka isinya cum...,neutral,positive,medium,Positive (score:2.0)
2146,pelayanan yang cepat dalam masalah upgrade tidak sampai sejam cuma butuh beberapa menit saya smoga gojek semakin lancar,positive,neutral,high,"Mixed sentiment (pos:1, neg:1)"
2151,klo bisa go jek ride jgn pake atribut kasian yang ada daerah opang malah susah nyarinya saya barusan dapet gojek pake at...,positive,negative,high,Strong negative (score:-5.0)
2155,admin tolong di bantu saya mau buka apk tapi no saya sudah ganti mau signup lagi email nya nyangkut ke no lambat mau upd...,positive,negative,medium,Negative (score:-2.0)
2156,aplikasi ini yang sangat membantu dan sangat mudah digunakan mulai dari layanan gofood goride dan terutama gosend,positive,negative,high,Strong negative (score:-5.2)
2169,belakangan ini sering susah bnget dpet pengemudi,negative,positive,medium,Positive (score:2.0)
2173,terkadang ada pengemudi yang memuaskan dan ada yang kurang memuaskan,neutral,positive,high,Strong positive (score:5.0)
2176,saya tiap hari pesan go car dari awal jadi customer go car tapi koq klo kasi promosi vocher selalu yang go ride motor se...,positive,negative,medium,Negative (score:-2.0)
2178,gojek milih rute terdekat dong kan rugi bayar rute jauh tapi drivernya lewat rute dekatt jauhnm banget selisih ongkosnya...,neutral,negative,medium,Negative (score:-2.6)
2181,maaf knpa ya gojeg saya jadi tidak bsa transfer gopay ke sesama tolong di respon tuk pencerahannya makasih,neutral,positive,medium,Positive (score:2.0)
2185,terlalu banyak fitur baru yang tidak berguna sehingga lebih lambat dalam melakukan suatu proses hp saya redmi note spek ...,negative,positive,medium,Positive (score:2.0)
2194,aplikasi yang sangat bagus,positive,negative,medium,Negative (score:-3.9)
2195,pengemudi tidak bisa dihubungi tidak bisa membatalkan pesanan dan tidak ada tombol berganti driver untuk berganti perlu ...,negative,positive,medium,Positive (score:2.6)
2198,ongkos kirim semakin hari semakin mahal diskon ongkir juga sudah jarang jarang,neutral,negative,medium,Negative (score:-2.0)
2205,tolong dong aplikasi food kalau restonyaa tutup ada tombol chancel buat pengemudi ini kendala besar banget kalau di samp...,negative,positive,medium,Positive (score:2.6)
2206,tepat waktu drivernya juga ramah dan komunikatif bagus lah pokoknya,positive,neutral,medium,Neutral (score:1.0)
2215,cs tidak kerja yaa lambat banget prosesnya data saya dipake lhoo sudah lewat menu bantuan sudah lewat call center trus i...,negative,neutral,medium,Neutral (score:0.0)
2218,sangat berguna dan membantu,positive,negative,medium,Negative (score:-2.6)
2224,adm kalo bisa minta kode otp atau login nya pake email juga bisa soalnya saya buka pake fb tetep pake no hp sedangkan no...,positive,negative,high,Strong negative (score:-4.0)
2227,gopay nya memuaskan buat belanja di indomaret tpi kenapa saldo aku hangus sendiri pas ngebuka aplikasi tiba tiba rupiah ...,neutral,positive,medium,Positive (score:3.0)
2228,aplikasi nya bagus tapi selalu eror ya,neutral,positive,medium,Positive (score:3.0)
2236,semakin lengkap semakin berat susah dibuka menu menu nya ngumpet masa harus ganti hp,neutral,negative,medium,Negative (score:-2.0)
2242,sejak update entah kenapa aplikasinya kayak lag tidak respon,neutral,negative,medium,Negative (score:-2.0)
2243,agak kecewa sama gojek saya daftar gofood sudah sebulan lebih sejak tandatangan kontrak selesai tpi tiap mau masuk gobiz...,negative,neutral,medium,Neutral (score:0.0)
2244,sangat membantu dan memudahkan mencari angkutan kota dengan harga murah dan transparan,positive,negative,medium,Negative (score:-2.6)
2247,alhamdulillah sudah lebih thn saya berlangganan gojek selalu memuaskan,positive,negative,medium,Negative (score:-3.0)
2248,sudah bagus tapi tolong untuk membuka apk nya diperingan masa jaringannya sudah bagus tapi buka aplikasinya masih lemot ...,positive,negative,medium,Negative (score:-2.0)
2254,sangat membantu goride tetapi tidak mampu pulihkan dan gopay juga sampai sekarang akun gopay plus comment hanya dokumenm...,positive,negative,medium,Negative (score:-2.6)
2257,sangat baik dan membantu sekali aplikasi mudah dan simple,positive,negative,high,Strong negative (score:-4.8)
2261,applikasi yang sngat membantu saya sampai saat ini dalam hal transportasi dan hal yang terkait di dalamnya thanks saja l...,positive,neutral,medium,Neutral (score:0.0)
2263,sudah si suruh update mulu tapi makin kesini makin tidak sinkron sama posisi driver mana nge bug mulu suka balik lagi ke...,neutral,positive,medium,Positive (score:2.0)
2265,saya sangat kecewa dengan aplikasi gojek padahal saya sudah pake gojek plus kejadian dapat pengemudi gojek yang jauh dar...,negative,positive,high,Strong positive (score:7.8)
2268,untuk ongkir kenapa lebih mahal dari grab klo ada promosi baru ada potongan ongkir itu pun masih murah grab,neutral,negative,medium,Negative (score:-2.0)
2269,pelayanan nya aneh pengemudi sudah dipesan menit baru jalan tapi gabisa di batal tulisannya pengemudi sudah di jalan yan...,negative,positive,medium,Positive (score:2.0)
2270,sekarang cari pengemudi agak susah banyak sibuk jarnya klo sudah dapat biasa jauh jauh punya,negative,neutral,medium,Neutral (score:1.0)
2273,males banget pake gojek lambat banget aplikasinya kelamaan loading padahal sinyal ku bagus dibawah wifi banget duduk mau...,negative,neutral,medium,Neutral (score:-1.3)
2286,layanan gofood sangat lambat pesanan tidak bisa dibatalkan dikonfirmasi duluan ke resto tapi pengemudi bisa diganti otom...,negative,neutral,high,"Mixed sentiment (pos:1, neg:1)"
2295,saya sangat kecewa kepada aplikasi gojeg karena saya mengganti nomor telpon tidak bisa kirim gmail merespon tpi tidak bi...,negative,positive,high,Strong positive (score:11.2)
2305,bagus dan aplikasi nya sangat mudah dimengerti walau untuk pemula tingkat kan lg,positive,neutral,medium,Neutral (score:1.3)
2307,aplikasinyaa sangat bagus tapi mohon untuk promonyaa dilebihkan lagi karena itu sangat bermanfaat untuk kita dimasa pand...,positive,negative,medium,Negative (score:-3.9)
2309,aplikasi yang sangat bermanfaat membantu aktivitas sehari hari,positive,negative,medium,Negative (score:-2.6)
2313,regulasimu benerin kenapa mesti tunggu makanan siap baru dicariin driver sudah nunggu jam akhirnya sia karena tidak dpt ...,neutral,positive,medium,Positive (score:2.0)
2319,sangat tidak memuaskan sudah beberapa hari gofood tidak bisa melakukan pesan antar tlong ya tim di evaluasi demi kenyama...,neutral,negative,medium,Negative (score:-3.9)
2329,tolong untuk pihak gojek harus melihat kembali permasalahan soal go shop go shop sudah murah dan mengapa harus melambung...,positive,negative,medium,Negative (score:-2.0)
2354,tidak bisa batal gara salah alamat,negative,positive,medium,Positive (score:2.6)
2356,kenapa makin hari gojeknya makin eror saya punya promosi goride dan gocar tapi gbisa di pakai sampai hangus lebih baik g...,neutral,positive,medium,Positive (score:3.0)
2359,tranfer nya agak susah gangguan,negative,neutral,medium,Neutral (score:1.0)
2360,bagus dan semangat dan cepat meskipun hujan rintik tetap jalan tanpa keluhan,positive,neutral,medium,Neutral (score:1.0)
2361,susah ganti propil dan nama serta akun milik orang lain bukan nama saya sendiri setiap verivikasi mohon tunggu jam kalo ...,neutral,negative,high,Strong negative (score:-4.0)
2363,makin kemari bukannya makin bagus malah sekarang sering dapat drive yang tempatnya jauh mau batal kasian psrforma driven...,positive,negative,high,Strong negative (score:-5.0)
2366,saya kasih rating satu karna saldo saya sampai saat ini belum juga kembali trx ngirim uang ke dana tidak masuk dan saldo...,negative,positive,medium,Positive (score:2.6)
2367,lagi pilih pesanan tiba tiba pesan sendiri dan parahnya tidak bisa dibatalkan klo di grabfood masih bisa di batalin klo ...,positive,neutral,medium,Neutral (score:-1.0)
2368,alhamdulillah saya sangat terbantu sekali dengan ada nya aplikasi ini terutama dalam transportasi sangat membantu sekali,positive,negative,medium,Negative (score:-3.2)
2373,mau buka layanan gofood susahh banget di keterangan server error terus kalau mau buka goride oke go car oke mau buka go ...,neutral,positive,medium,Positive (score:3.9)
2377,proses pembatalan sulit dan pelayanan cs nya tidak bisa menyelesaikan masalah beda dengan sebelah yang jauh lebih baik p...,negative,positive,high,Strong positive (score:7.0)
2379,sangat membantu pada saat saya laper trus mager keluar rumah gojekin ajaa,positive,negative,medium,Negative (score:-2.6)
2381,kenapa makin kesini tidak makin susah make nya maps tidak mau kebuka entah karena apa juga binggung,negative,positive,medium,Positive (score:2.0)
2384,gojek jangan terlalu mahal banget harganya,negative,positive,medium,Positive (score:2.6)
2386,sekarang sangat kecewa dengan rute perjalanan nya contoh nya ketika kita di simpang empat mestinya sudah sampai saat kit...,negative,positive,high,Strong positive (score:9.1)
2388,apa cuma saya saja pas upgrade gopay plus berkali kali tetap di tolak padahal sudah mengikuti petunjuk yang ada saya aga...,negative,positive,medium,Positive (score:2.0)
2389,sangat membantu untuk berpergian dan pesan makanan tidak repot hrus jln sendiri,positive,negative,medium,Negative (score:-2.6)
2390,minta tolong diaktifkan lagi untuk mode hemat gratis nya paling tidak seminggu sekali ini akan lebih menarik minat orang...,positive,negative,medium,Negative (score:-3.2)
2393,promosi kenapa pilih kalo reward contoh promosi xp bagi yang sultan respon cepat tapi kalo yang pengguna biasa respon la...,positive,negative,medium,Negative (score:-2.0)
2397,terima kasih tela mengantar dengan nyaman dan ramah,positive,negative,high,Strong negative (score:-4.0)
2398,lebih gampang pesen makanan dan sering kasih disc ya syukur ada free ongkir,positive,neutral,medium,Neutral (score:1.0)
2400,pengemudi nya baik tapi tolong dong untuk kendaraannya kadang ada yang ngak enak di naikin dan juga tolong di sediakan j...,neutral,positive,medium,Positive (score:3.0)
2402,maaf ya sebelumnyaa terkait hal kalo segala pemesanan sistem cod minta tolong bngt pengemudi harus ada usaha buat ada ke...,negative,positive,high,Strong positive (score:4.0)
2413,gojeg sangat membantu,positive,negative,medium,Negative (score:-2.6)
2420,tolong ya harap lebih di perbaiki masa belanja lewat go jek di tokonya tertera jelas kalau diskon tapi kenapa ya d setru...,negative,neutral,high,"Mixed sentiment (pos:1, neg:2)"
2424,map nya sangat aneh dan bermasalah seringkali memilih yang jauh dan berputar padahal tujuannya cuma dekat seakan disenga...,negative,positive,medium,Positive (score:2.6)
2428,kenapa gabisa buat bagus up pulsa bagaimana sih masa tulisannya tidak tersedia semua,positive,negative,medium,Negative (score:-3.0)
2434,pilihan resto di gorontalo masih terlalu sedikit ongkirnya juga mahal,negative,positive,medium,Positive (score:2.0)
2437,selama menggunakan aplikasi ini saya merasa sangat nyaman karena sikap drivernya pada ramah semua dan juga tidak pernah ...,positive,neutral,medium,Neutral (score:0.0)
2448,gampang ke blok akun gopay gara gara dilporkan,positive,neutral,medium,Neutral (score:1.0)
2450,membantu sekali terima kasih saya tidak kebayang hidup saya sekarang kalo tanpa aplikasi gojek pasti tidak akan efektif ...,positive,neutral,medium,Neutral (score:1.6)
2454,gua agak sering make gofood ada promosi yang sesuai yang didapat ada yang kaga ternyata banyak yang tidak sesuai promosi...,positive,neutral,medium,Neutral (score:-1.0)
2462,error terus call center tidak ada yang bisa dihubungi makin tidak jelas pengguna lambat padahal tiap hari pake ganti rek...,negative,positive,medium,Positive (score:3.0)
2463,lumyan senang pake gojek cuma kadang tarifnya mahal,negative,neutral,high,"Mixed sentiment (pos:1, neg:1)"
2467,aplikasi sudah bagus sih tapi mapsnya eror mulu jadi kenyang diomelin driver edited sudah saya pastikan mapsnya sebelum ...,neutral,positive,medium,Positive (score:2.0)
2472,sekarang mahal banget knpa si mna voucher tidak tersedia mulu,neutral,negative,medium,Negative (score:-2.6)
2473,koq ada biaya jasa aplikasinya dulu saya senang dengan go food skrang lagi beralih ke shopee food,neutral,positive,medium,Positive (score:3.0)
2474,aplikasi nya sangat bagus min bisa ke mana mana dan bisa pesan makan an,positive,negative,medium,Negative (score:-3.9)
2477,sangat puas dengan pelayanan nya proses upgrade pun cepat direspon moga makin jaya dan berkembang,positive,neutral,medium,Neutral (score:-1.3)
2479,kurang puas sekarang kalo pesan gojek belum tersedia disini sedangkan pesen food bisa ko,negative,positive,medium,Positive (score:2.0)
2482,min kalau lagi pesan gojek jangan cuman cantumin plat nomor saja sebutin nama motor nya juga soalnya susah carinya kalau...,negative,positive,medium,Positive (score:2.0)
2486,update terbaru bugnya gila bngt ya saya ni jadi tidak bisa pesan dari universitas borobudur ke stasiun cawang padahal se...,positive,negative,medium,Negative (score:-2.0)
2508,sudah pake gojek thn an mkin kesini tarifnya makin mahal ngasih voucher potongan cuma perak perak perak apa itu gedean j...,neutral,negative,medium,Negative (score:-2.6)
2511,terbaik aplikasi yang sangat membantu terus tingkatkan pelayanannya,positive,neutral,medium,Neutral (score:1.3)
2513,terimakasih gopay aplikasi yang sangat baik dan membantu sekali saya upgrade tidak butuh waktu lambat hanya menit selesa...,positive,negative,high,Strong negative (score:-4.8)
2518,all in good buat apk gojek tapi ad satu yang buat saya kecewa saya tarik saldo dari gopay ke rekening sejak kemren tapi ...,positive,negative,medium,Negative (score:-3.0)
2524,aplikasi yang sangat bagus untuk antar jemput dan pesan makanan dan minuman karena cepat dan banyak promo,positive,neutral,medium,Neutral (score:-1.3)
2529,map nya error sudah lebih dari x melakukan pemesanan go ride dan lainnya selalu kendala di mapnya tidak sesuai dengan po...,negative,neutral,medium,Neutral (score:0.0)
2532,sangat kecewa dari pihak call centre gopay indonesia dan gojek melakukan transaksi karena kesalahan pembayaran dengan pi...,negative,positive,medium,Positive (score:3.9)
2533,aplikasi gopay pinjam sangat buruk dan memuakkan sorry to say limit ada tapi tidak bisa dicairkan alasannya karena ada b...,negative,positive,medium,Positive (score:3.9)
2537,untuk anak kos dengan jarangnya ada voucher goride dan gofood aplikasi ini nyaris tak pernah kugunakan why mahal jelas m...,positive,negative,medium,Negative (score:-3.2)
2544,tolong ganti bahasa indonesia sama perlihatkan pengemudi dan bisa chat online jadi tidak usah sms kan rugi pakai pulsa p...,positive,negative,high,Strong negative (score:-5.0)
2545,sebell ada promosi potongan gofood tiap pembelian k sudah mencapai tapi kena promosi gratis ongkir judulnya sih ttep saj...,neutral,positive,medium,Positive (score:2.0)
2547,maret kemarin kena tipu cs toko online palsu sampai nominal jtaan akun gojek d hack padahal otp masuk pun tidak saya kas...,neutral,positive,medium,Positive (score:3.0)
2548,anjir mau perubahan nomor saja harus kirim ini itu trip terakhir dan bagus up gopay terakhir padahal semua keperluan dat...,negative,neutral,medium,Neutral (score:1.3)
2558,sangat membantu mobilitas keluarga kami,positive,negative,medium,Negative (score:-2.6)
2566,pelayanan harus lebih ditingkatkan untuk jogja bagian barat sangat sulit menemukan driver bahkan pernah dapat tapi terus...,negative,neutral,high,"Mixed sentiment (pos:1, neg:1)"
2570,kaget sama perubahan sistem gofood yang berubah harus selesai nyiapin makanan dulu baru bisa dapet pengemudi keren tolon...,negative,neutral,medium,Neutral (score:0.0)
2578,aplikasi yang sangat membantu dan terpecaya apalagi proses upgradenya cepat dan tidak menyulitkan makasih gojek,positive,negative,medium,Negative (score:-2.6)
2581,susah dapet pengemudi kalo jarak yang ditempuh lumayan jauh,negative,neutral,medium,Neutral (score:0.0)
2587,makasihh gojek jadi lebih gampang klok mw pergi,positive,neutral,medium,Neutral (score:1.0)
2588,terkadang suka kecewa sama pengemudi yang nolak penumpang dengan alasan harga murah,positive,neutral,medium,Neutral (score:-1.0)
2605,lama gojek ngeselin ya bentar main blokir gopaylater nya padahal selalu bayar tepat waktu malas kalau gini gunain apk go...,neutral,negative,medium,Negative (score:-2.0)
2607,sangat membantu tapi harus tetap berinovasi supaya tidak tertinggal oleh aplikasi sebelah yang sudah mulai bagus dan unt...,positive,neutral,high,"Mixed sentiment (pos:1, neg:1)"
2615,bagus banget aplikasinya buat aku tidak ada masalah apa apa lagi kalao untuk pemesanan lambat karena jaringan aja tingka...,positive,neutral,medium,Neutral (score:1.3)
2617,bagus sekali aplikasi ini buat orang yang mbawa mobil mancet sekarang tidak lagi karena sudah ada aplikasi gojek yang sa...,positive,neutral,medium,Neutral (score:0.0)
2621,saya tidak menemukan solusi sampai saat ini bahkan pusat bantuan tidak ada yang bisa membantu saya masalah yang saya had...,negative,neutral,high,"Mixed sentiment (pos:1, neg:1)"
2623,aplikasinya sangat bagus namun sayang kode refiksinya susah muncul,neutral,negative,high,Strong negative (score:-6.5)
2633,sangat membantu terutama gomat buat aku yang introvert,positive,negative,medium,Negative (score:-2.6)
2640,gila ongkirnya naik jadi k padahal cuman deket ngak ada km sekarang tambah ada biaya pesanan kecil mantap makin haru mak...,negative,neutral,high,"Mixed sentiment (pos:1, neg:1)"
2645,thanks you very much,neutral,positive,medium,Positive (score:2.6)
2649,sngat membantu perjalanan menjadi mudah kemana mana lapar tinggal pesan,positive,neutral,medium,Neutral (score:0.0)
2654,tolong dong gojek sekarang kalo go food harga ongkirnya diperjelas sebelum cekout bilangnya gratis ongkir eh pas mau pes...,positive,neutral,medium,Neutral (score:0.0)
2658,sangat mengecewakan voucher dan menu langganan tiba tiba hilang dan kosong padahal saya tidak pernah melakukan kecuranga...,negative,positive,high,Strong positive (score:4.8)
2665,kenapa lambat ya request kode otp nya jadi tidak bisa bagus up gopay,neutral,negative,high,Strong negative (score:-5.0)
2667,agak mengecewakan sih ada pengemudi terdekat tapi mereka tidak mau ambil pesanan nya terkadang sampai di batal berulang ...,negative,neutral,high,"Mixed sentiment (pos:1, neg:2)"
2668,apk bagus sangat membantu,positive,neutral,medium,Neutral (score:1.3)
2671,go food nya paling oke lengkap gambarnya dan menunya bagus simple dan hampir semua jajanan ada tidak kek lapak sebelah,positive,neutral,medium,Neutral (score:-1.3)
2676,lambat banget buat kebuka aplikasinya jaringan bagus di bilang tidak ada internet,neutral,negative,high,Strong negative (score:-6.5)
2677,aplikasi kurang simple tidak ada kolom komentar restorannya satu lagi saya kan dapat promosi pesan go food kali katanya ...,negative,neutral,medium,Neutral (score:-1.0)
2686,tolong upgrade harga menu di go food kebanyakan dari tempat makan itu sendiri sudah menaikkan harga sedangkan di gojek m...,neutral,positive,medium,Positive (score:2.0)
2687,kualitas nya sangat bagus bisa di jamin keselamatannya jika menggunakan go ride go car pokoknya gax usah ragu untuk meng...,positive,negative,high,Strong negative (score:-4.8)
2689,waktu menunggu tidak terlalu lama saat mengantar customer tidak ngebut d jalan trimakasih gojek,negative,positive,medium,Positive (score:2.0)
2701,mohon untuk di tindak lanjuti untuk perusahan gojek saya berlokasi di subang kalo pesen food di atas jam itu pesanan dap...,positive,negative,medium,Negative (score:-2.6)
2712,ngeselin mau bayar tagihan pay later tepat waktu malah trobel habis gitu besoknya denda rb tolong perbaiki sistemnya pad...,neutral,positive,high,Strong positive (score:5.0)
2714,biaya perjalanan nya kalau bs disejajarkan dengan maxim karena kalau masih tinggi lama banyak orng akan mengunakan maxim...,neutral,negative,medium,Negative (score:-2.0)
2731,gofood itu baru naik harga mahal kok saya tidak suka,negative,neutral,medium,Neutral (score:0.0)
2738,akurasi map nya kurang tepat saya selalu cek map buat liat posisi saya sebelum pesen tapi pas pesen map kemana gituh ter...,positive,neutral,medium,Neutral (score:-1.0)
2740,ulasan terbaru saya sebagai pengguna aplikasi ini dari pas pertama kali muncul sampai sekarang banyak perubahan harga ya...,negative,positive,medium,Positive (score:3.0)
2744,menu batal terlalu mudah membuat kami pelanggan mudah sekali mengancel pengemudi banyaknya tingkat pembatalan sepihak cu...,positive,negative,medium,Negative (score:-3.9)
2753,harga nya mahal bingit dri harga aplikasi yang lain dengan titik pengantaran yang sama,negative,positive,medium,Positive (score:2.0)
2755,sangat bagus bisa mempermudah segala hal praktis efisien dan very good,positive,negative,high,Strong negative (score:-11.2)
2758,sangat buruk mau verif bank atas nama siapa karena lambat sampai kena block padahal pke wifi mbps padahal perlu cepat eh...,negative,positive,medium,Positive (score:3.9)
2760,aplikasi nya kurang ini masa saya sudah isi gopay pas mau buat pin nya kode otp nya tidak ada masuk ke sms padahal kartu...,negative,neutral,medium,Neutral (score:-1.3)
2764,aplikasi ni sangat membantu sekali dan sekarang gofood nya keren jadi penjual nya bisa nyiapin makanannya dulu tanpa nun...,positive,negative,medium,Negative (score:-3.2)
2765,sejauh ini pengalamannya menarik dan menyenangkan menggunakan gojek sangat membantu di saat penting dan sedang tidak bis...,positive,negative,medium,Negative (score:-2.6)
2767,sangat bagus dan memuaskan sayang upgrade nya terlalu lambat dan butuh waktu,neutral,negative,high,Strong negative (score:-10.4)
2771,sangat mudah dan sangat membantu sekali,positive,negative,high,Strong negative (score:-6.4)
2774,luarbiasa sameday dishopee ya buruk melebihi sameday jkrta bandung kemarin saya kirim dr jkrta ini tadi siang saya beli ...,negative,neutral,medium,Neutral (score:0.0)
2776,sangat membantu untuk keperluan sehari hari dan juga membantu untuk pembayaran pakai gopay,positive,negative,high,Strong negative (score:-5.2)
2782,aplikasi jelek sudah disetting pilihan utama buat pembayaran dan bagus up tetap harus manual lagi berbahaya kalau lupa c...,negative,neutral,medium,Neutral (score:0.0)
2783,sangat membantu sgt praktis dn driver ramah pergi maupun pulang dpt pengemudi ramah thank u,positive,neutral,medium,Neutral (score:0.0)
2784,proses upgrade sangat cepat dan fitur didalmnya sangat baik semoga kedepannya semakin baik,positive,negative,high,Strong negative (score:-10.4)
2785,kadang suka lambat ya nunggu sampe dapet driver itu kenapa ya huhu coba ditingkatin lagi ya min untuk hal itu so far so ...,positive,neutral,medium,Neutral (score:0.0)
2799,kenapa sekarang gojek tambah mahal dan jarang ada diskon padahal dulu rame,neutral,negative,medium,Negative (score:-2.0)
2806,setelah diuprgrad makin keren makin gampang dah mudah dimengerti seru banget,positive,neutral,medium,Neutral (score:1.3)
2807,kenapa akun saya tidak bisa pesan makanan pun kalau pesan dengan biaya ongkir mahal padahal dekat restoranya,negative,positive,medium,Positive (score:2.0)
2818,sangat menyenangkan dan seru menggunakan gojek dan terus tingkatkan aplikasi,positive,neutral,medium,Neutral (score:-1.3)
2821,beberapa kali saya pesan ketika cuaca sedang hujan saya pesan gofood oke lah kalau masih hujan tidak dapat driver pesana...,negative,positive,medium,Positive (score:2.6)
2826,sangat membantu sich aplikasi gojek tp suka konfirms suruh update terus jd buat lemot,positive,negative,medium,Negative (score:-2.6)
2828,aplikasi ini cukup membantu tapi saya ada kecewa karena ada restoran cepat saji yang tidak bisa dibatalkan setelah membu...,neutral,positive,medium,Positive (score:3.0)
2839,saya edit ulasannya jadi bintang kalo ada knp saya bayar tokopedia gopay paylater bulan rekening saldo kepotong notifika...,negative,positive,medium,Positive (score:3.9)
2841,saya cukup sering pakai go car dan sering pengemudi cancel di samping itu saat saya pesan go car saya lihat di aplikasi ...,negative,positive,medium,Positive (score:2.0)
2844,buat yang bilang pt karya anak bangsa menindas mitranya coba dihitung per harinya jumlah rupiah potongan per order lalu ...,negative,positive,medium,Positive (score:2.0)
2851,lumayan tetap tingkat kan kualitas,neutral,positive,medium,Positive (score:2.0)
2858,sangat membantu sekali ketika kita membutuhkan transfortasi dan makanan,positive,negative,medium,Negative (score:-3.2)
2861,aplikasi yang sangat bagus mudah di gunakan sangat bermanfaat bisa untuk bayar segala sesuatu dengan mudah terimah kasih...,positive,negative,high,Strong negative (score:-9.1)
2881,aplikasi ini sangat mudah digunakan meskipun oleh pemula seperti saya drivernya banyak sehingga layanan cepat harga terj...,positive,negative,high,Strong negative (score:-5.2)
2884,balikin saldo saya baru bagus up k di tanggal maret eh pas di cek di tgl maret saldonya hilang sudah saya kirim keluhan ...,negative,positive,medium,Positive (score:3.0)
2890,sejauh ini aplikasi gojek sangat bagus saya pikir promo promo digojek ada untuk pengguna baru atau pengguna langganan te...,positive,negative,medium,Negative (score:-3.9)
2897,sangat membantu tapi saya ada saran sedikut kalau bisa tolong di buat pihak partner gofood bisa ngehubungin pengemudi ji...,positive,negative,medium,Negative (score:-3.2)
2900,tambah lambat tambah update kenapa tambah berat applikasinya ya yang dulu bagus dan ringan hmm kemarin yaah baru update ...,neutral,negative,medium,Negative (score:-2.0)
2908,pelayanan sangat amat mengecewakan padahal yang di cantumkan maksimal jam jika lebih dari itu bisa di batalkan yang terj...,negative,positive,high,Strong positive (score:4.8)
2920,sangat membantu trasportasi kemana pun,positive,negative,medium,Negative (score:-2.6)
2923,saya kan baru download gojek baru ini pesan makanan untuk org yang beda provinsi setelah pesanaan datang kenapa saya sel...,negative,positive,medium,Positive (score:2.0)
2927,ok jga tapi ada yang kurang knpa setelah diskon abis tarif nya aga lumayan tinggi kalo menurut saya tidak tau menurut or...,positive,neutral,high,"Mixed sentiment (pos:1, neg:2)"
2933,sejauh ini aplikasi lancar gaada bug eror segala macem semoga di pertahankan dan ditingkatkan,negative,positive,medium,Positive (score:2.0)
2937,bintang dulu maps tidak sesuai kasihan driver jarak tempuhnya tidak efisien selain itu pengemudi memang mengandalkan map...,neutral,negative,medium,Negative (score:-2.0)
2938,gegara kebanyakan pengemudi gojek jadi untuk nyari pengemudi lamanya minta ampun padahal lokasi drivernya dekat dan suda...,neutral,positive,medium,Positive (score:2.0)
2944,ini kenapa yaa tiap kali mau isi pulsa di my telkomsel terus pembayara menggunakan gopay gabisaa kecewa banget sii sudah...,negative,neutral,medium,Neutral (score:0.0)
2946,feature gofood saya error dan tidak bisa melakukan pesanan mau lapor juga ngak jelas menunya,neutral,negative,medium,Negative (score:-2.0)
2953,sangat membantu bagi yang butuh cepat,positive,neutral,medium,Neutral (score:0.0)
2962,update terbaru bikin susah untuk blanja di gojek sekarang prosedur pesanan nya di ubah jadi susaahh tauk tidak balikin p...,negative,positive,medium,Positive (score:2.0)
2967,tidak memuaskan pelayanan rider nya ongkos sudah jelas tapi rider nya minta tambah padahal set jemput sama tujuan nya ak...,neutral,negative,medium,Negative (score:-3.0)
2968,saya sangat suka dengan aplikasi gopay ini karena sangat mempermudah saya dalam berbagai urusan terimakasih,positive,negative,medium,Negative (score:-2.6)
2973,mana kode promosi gorideaja cuman menit saja berlakunya tolong diperpanjang waktu klaimnya karena potongan sudah turun j...,negative,positive,medium,Positive (score:3.0)
2976,saya kecewa sama paylater gojek denda keterlambatannya besar banget makin lambat makin banyak padahal yang kita pinjam c...,negative,neutral,high,"Mixed sentiment (pos:2, neg:2)"
2981,saldo saya baru di bagus up tapi aplikasi tidak bisa digunakan itu bagaimana ya sudah saya uninstal terus coba masuk jug...,neutral,positive,medium,Positive (score:3.0)
2983,aplikasi yang fungsional pengemudi sangat banyak bisa belanja atau bayar dengan mudah,positive,negative,medium,Negative (score:-2.6)
2985,sudah berlangganan sejak lambat dan masih setia sama gojek,negative,positive,medium,Positive (score:2.0)
2987,sekali salah pencet awas tidak bisa d batal aplikasi tidak informatif drop point tidak fleksibel seperti aplikasi sebela...,negative,positive,medium,Positive (score:2.6)
2995,hallo tolong ditambahkan menu sudah menerima pesanan yaa di gofood apalagi pembayaran dengan go pay kawatir makanan tida...,neutral,positive,medium,Positive (score:2.0)
2997,kecewa gopay saya diblokir dengan alasan adanya transaksi tidak wajar padahal saya hanya melakukan transaksi biasa saya ...,negative,neutral,high,"Mixed sentiment (pos:1, neg:1)"
2999,mntap sis tolong dong akun saya di kasih playleter saya ksi bintang dulu klo sudah di kasih playleter saya kasi bintang ...,neutral,positive,medium,Positive (score:2.0)
3001,kesal banget promosi fa sebanyak dulu dan gabisa apply dua voucher,neutral,negative,medium,Negative (score:-3.9)
3007,awalnya nyaman saja pakai gojek bertahun tapi kenapa semakin di upgrade malah voucher gofood gapernah dapet sekalipun da...,positive,neutral,high,"Mixed sentiment (pos:1, neg:1)"
3008,ada bug nih pas di detail pesanan gofood tidak bisa kembali tombol kembali tidak jalan smoga cepat diperbaiki,neutral,negative,medium,Negative (score:-2.0)
3009,dulu saya sangat suka menggunakan gojek ini tetapi sekarang sudah mulai banyak kendala untuk gojek ini mulai dari nyari ...,neutral,negative,high,Strong negative (score:-5.2)
3011,bantu banget apalagi buat pelajar jadi gampang mau kemana aja fiturnya juga banyak dan tidak bikin bingung meski baru pe...,positive,neutral,medium,Neutral (score:1.3)
3017,mohon untuk perbaikan maps pengantarannya ya ini suka tidak sesuai sama tempat ngantar nya yang harusnya ke alamat toko ...,positive,negative,medium,Negative (score:-3.2)
3021,berat dan ngelag cuy apk lma lbih enak,neutral,negative,medium,Negative (score:-2.0)
3023,good sangat membantu,positive,negative,medium,Negative (score:-2.6)
3030,seharusnya saat kita gofood gojek bisa menampilkan beberapa daftar pengemudi yang dekat dengan resto yang kita pesan aga...,positive,neutral,medium,Neutral (score:0.0)
3034,makin hari makin tidak jelas nih gopay baru saja sudah bagus up masa saldo gopay saya tiba hilang rb mau di laporin di p...,negative,positive,medium,Positive (score:3.0)
3039,kenapa sekarang klo pesen makan makin hari makin lama tolong qe gojek investigasi kenapa lambat nya dr pemesaan makanan ...,negative,neutral,medium,Neutral (score:0.0)
3042,aplikasi ini bagus cuma sayang login nya tidak bisa lewat email padahal daftar ada diminta email bisa email nya itu buat...,negative,neutral,high,"Mixed sentiment (pos:1, neg:1)"
3043,sangat membantu dan mudah,positive,negative,high,Strong negative (score:-5.2)
3045,bintang dulu sebagai tanda terima kasih sudah sering dpt diskon kurang bintang karena ketika aku lagi susah khujanan lag...,neutral,negative,medium,Negative (score:-3.0)
3054,tolong dong aplikasinya itu dibuat yang simple dengan fitur rute tercepat rute yang ada diaplikasi selalu rute yang mute...,neutral,negative,medium,Negative (score:-2.0)
3057,keren tepat dan sigap,positive,neutral,medium,Neutral (score:1.0)
3059,sangat membantu bagi kami yang tidak punya kendaraan dan terburu buru saat mau bekerja trimakasih go jek,positive,negative,medium,Negative (score:-2.6)
3060,gopay gagal terus pas lagi pembayaran lewat aplikasi byu padahal jaringan bagus lancar tolong diperbaiki,positive,negative,high,Strong negative (score:-8.0)
3061,beli pulsa listrik tokennya keluar tapi saat digunakan kwhnya tidak ada buruk sudah kali seperti itu saldo hilang percum...,negative,positive,medium,Positive (score:3.0)
3066,sangat membantu tapi banyakin diskon untuk daerah kabupaten,positive,negative,medium,Negative (score:-2.6)
3068,aplikasi ini sangat membatu untuk melakukan pembayaran logistik dan belanja namun sekarang tampilannya beda jadi agak ri...,negative,neutral,high,"Mixed sentiment (pos:1, neg:1)"
3075,sangat membantu lebih di beri kenyamanan lagi agar setiap penumpang merasa nyaman dan terus memakai layanan ini,positive,neutral,medium,Neutral (score:0.0)
3080,sebelumnya pakai gojek sangat aman dan nyaman tapi kenapa seminggu ini sangat mengganggu tiap sebentar muncul di layar h...,positive,negative,medium,Negative (score:-2.6)
3082,pesan pengemudi di gojek susah nya setengah mati padahal di cek di apps nya pengemudi di sekitar banyak tapi pada gamau ...,negative,neutral,high,"Mixed sentiment (pos:1, neg:1)"
3090,hapus fitur slot semenjak ada akun slot akun reguler di buat anyep buruk slot lebih di buat gacor buruk tidak adil betul...,negative,positive,medium,Positive (score:3.9)
3095,sudah update apk yang terbaru pakai wifi juga masih lemot untuk gofoodnya padahal saya tes memakai apk lain lancar saja ...,negative,positive,high,Strong positive (score:4.0)
3105,cepat dalam pengiriman dan sangat membantu dalam segala suasana,positive,neutral,medium,Neutral (score:0.0)
3115,jujur sangat kecewa dengan pihak gojek karena uang yang di tarik gojek dari rekening saya sampai saat ini belum dikembal...,negative,positive,high,Strong positive (score:7.8)
3127,cukup lengkap tapi adm masih mahal,neutral,negative,medium,Negative (score:-2.0)
3128,sangat berguna dan membantu mempelancar pemenuhan kebutuhan dan transportasi ke tempat tujuan,positive,negative,medium,Negative (score:-2.6)
3132,sebenernya applikasinya saya sangat suka dan sangat sering saya gunakan sungguh disayangkan sering sekali minta perbarui...,positive,negative,medium,Negative (score:-3.2)
3136,kebanyakan aturan mau batal tidak bisa jadi rugi banyak cuma gara salah pencet kata pengemudi bisa di batal tapi harus t...,negative,neutral,high,"Mixed sentiment (pos:2, neg:2)"
3137,kasih bintang dulu apknya suka tidak jelas mau bayar malah tidak bisa lanjut transaksi,negative,positive,medium,Positive (score:2.0)
3138,sangat mengecewakan dapat potongan harga dari gojek pas pemesanan awal ternyata ketika bayar tidak sesuai dengan harga y...,negative,positive,medium,Positive (score:3.9)
3140,sangat terbantu dengan gojek bisa semua nya transfer antar bank adm lebih murah bisa bayar semua tagihan lewat gopay sdh...,positive,neutral,high,"Mixed sentiment (pos:1, neg:1)"
3142,tidak ada notifikasi batal yang jelas sampai diulang pesanan juga batal padahal maaih di kota jalan raya tapi sampai sep...,negative,neutral,high,"Mixed sentiment (pos:2, neg:1)"
3148,mlaam ini malam yang saya alamin gojek menonjolkan kebegoann dan ketidak profesionalan baik pengemudi maupun cs nya gara...,negative,neutral,high,"Mixed sentiment (pos:1, neg:1)"
3152,jaringan kenceng baut play video youtube saja lancar masa buat buka nie aplikasi jaringan eror mulu,neutral,positive,medium,Positive (score:2.0)
3158,tolong berikan promosi kepada kami yang selalu bagus up di atas ribu kami butuh promosi untuk beli gacoan ongkir mahal s...,negative,positive,high,Strong positive (score:9.1)
3162,sangat sempurna tapi tolong tarifnya agak murah lagi,positive,negative,high,Strong negative (score:-5.2)
3165,sangat buruk apalagi mitra palangka raya kalteng pengemudi ojol tidak teliti dalam memberi kembalian kurang inisiatif la...,negative,positive,medium,Positive (score:2.6)
3174,bagus dan sangat membantu tapi pelit promosi dan voucher ke customer hapus dong resto yang fiktif,positive,neutral,high,"Mixed sentiment (pos:1, neg:1)"
3179,sudah bagus kembali tapi masih banyak bug,neutral,positive,medium,Positive (score:3.0)
3197,aplikasi ini membantu tapi khusus gofood harga makanan jadi lebih mahal ditambah ongkos juga jadi klo beli langsung bisa...,positive,neutral,high,"Mixed sentiment (pos:1, neg:1)"
3198,sulit mencari pengemudi pada saat hujan tengah malam dan menjelang shalat jumat utk aplikasi ini sangat membantu,neutral,negative,medium,Negative (score:-2.6)
3200,sangat buruk sekali ini aplikasi gojek karna driver drivernya sangat buruk kecewa banget,negative,positive,high,Strong positive (score:17.1)
3211,pengemudi terdekat saja ada kenapa yang dapat yang jauh dari lokasi mau berangkat kerja jadi molor waktunya tidak efisie...,neutral,negative,medium,Negative (score:-2.0)
3217,aplikasi tidak punya otak saya pelanggan lama slama ini tidak pernah ad mslh cm kemarin jaringan inet saya bermasalah se...,negative,positive,medium,Positive (score:2.0)
3222,banyak pengemudi sehingga cepat datangnya tersedia charger harga lebih murah dr aplikasi lain,positive,negative,medium,Negative (score:-2.0)
3224,sangat bagus tapi kenapa kalau saya mau beli paket di axisnet kenapa saya nggk di arahin ke menu pembayaran gopay,positive,negative,medium,Negative (score:-3.9)
3225,utk pembelian token lisrrik nomernya jadi nyambung agak susah bacanya msh mending versi terdahulu terpisah per angka,negative,neutral,medium,Neutral (score:1.0)
3227,tidak begitu suka,positive,negative,medium,Negative (score:-2.0)
3231,aplikasi yang sangat membantu dalam pencarian makanan dan transportasi yang dipesan secara online melalui gadget pribadi...,positive,negative,medium,Negative (score:-2.6)
3233,pake gofood sekarang banyak biaya tambahan nya ya dari ongkir biaya bungkus dr resto biaya aplikasi biaya parkir pengemu...,negative,positive,medium,Positive (score:2.0)
3234,klo aplikasi nya sudah ok ya itu dia trkadang para supir nya ada yang kurang profesional dlm playanan tidak ramah bhkn p...,negative,neutral,medium,Neutral (score:0.0)
3239,sangat membantu mobilitas di perkotaan dan lokasi lainnya dengan mudah,positive,negative,high,Strong negative (score:-5.2)
3248,tolong admin adakan fitur tambahan agar upgrade gopay plus lebih gampang saya hampir kali gagal terus,neutral,negative,medium,Negative (score:-2.0)
3249,menyesal banget belanja pake gomart barang yang diskon tidak ada di toko nyari untung malah jadi rugi tidak ikhlas bange...,neutral,negative,high,Strong negative (score:-6.5)
3250,sudah bisa pakai promonya gojek mantap banyakin terus promonya kalau bisa promonya kayak dulu bisa digabungkan promonya ...,negative,neutral,medium,Neutral (score:0.0)
3251,maaf boss saya lagi tf tapi masih disuruh nunggu sedang saya perlu uang itu secepat nya masuk ke rek tujuan saya boss to...,neutral,negative,high,Strong negative (score:-9.0)
3258,aplikasi nya makin ribet harus pakai selfie selfie segala lagi trus buruk lagi selfie nya dicoba kali tapi tidak bisa,negative,neutral,high,"Mixed sentiment (pos:1, neg:1)"
3262,sangat susah upgrade gopay padahal gambar sudah sangat jelas mohon dong kebijakanny soalny tidak ad alasan mengapa tidak...,negative,positive,medium,Positive (score:2.6)
3263,bulan ini saya kecewa terhadap go food dan go ride yang kerap tidak mau dengan banyak alasan pesan go food dengan gopay ...,neutral,negative,high,Strong negative (score:-5.0)
3277,assalamualaikum saya baru saja download gojek hari ini di play store tolong di jaga ya data saya dan gajukun gopay spinj...,negative,positive,medium,Positive (score:2.0)
3278,saya kurang puaas karena di sini untuk pesan goride tidak dicantumkn jenis kendaraanya apa jafi kalau saya bawa banyk ba...,negative,positive,medium,Positive (score:2.0)
3291,buruk apk nya padahal jaringan lancar tapi sering muncul internet mati,neutral,negative,high,Strong negative (score:-5.0)
3308,saat darurat perlu kendaraan ada yang selalu siap siaga membantu kita gojek is the terbaik,positive,neutral,medium,Neutral (score:1.0)
3309,pelit promo mahal,neutral,negative,medium,Negative (score:-2.0)
3314,terimakasih gojek sekarang mau transfer ataupun ambil uang lebih mudah bahkan belanja online pun sekarang sangat mudah,positive,neutral,medium,Neutral (score:0.0)
3315,semakin mengecewakan tidak seperti dulu lagi voucher banyak lah ini kebalik pake di beli yg dulunya pesan tw kali dpt vo...,positive,negative,medium,Negative (score:-3.0)
3318,selama ini gunakan itu jasa pesan antar pesanan diantar tiba baik karena dukungan maps bagus cuma ada pengemudi kurang p...,negative,neutral,high,"Mixed sentiment (pos:2, neg:3)"
3320,aplikasi pengantar terbaik semoga fiturnya semakin banyak dan bnyak promosi menarik,positive,negative,medium,Negative (score:-3.0)
3327,memudahkan orang berpergian saat tiada kendaraan gojek sangat membantu harga nya juga terjangkau,positive,negative,medium,Negative (score:-2.6)
3333,di update baru bukan nya tambah mudah baca aplikasinya malah tambah susah membingungkan toling di benahi lagi tatanan ap...,positive,negative,high,Strong negative (score:-5.2)
3338,respon penanganan untuk pengaduan pelanggan lambat transaksi beli token menggunakan saldo gopay yang sudah terpotong tap...,negative,positive,high,Strong positive (score:5.0)
3343,setiap pake fitur gosend kenapa selalu dapat drivernya jauh dari titik penjemputan padahal pas lihat peta di titik penje...,positive,negative,medium,Negative (score:-2.6)
3347,tidak bisa batal pesanan mana sudah lama dari drivernya tidak ada tanggapan tiba tiba dah jauh aja tidak bisa pesan tran...,negative,neutral,medium,Neutral (score:0.0)
3352,aplikasi baru seharusnya lebih simple untuk pemesanan dr apk yang sebelumnya min kemarin malem saya pesan untuk penjempu...,neutral,negative,medium,Negative (score:-2.0)
3353,solusi aplikasi yang tepat dan sangat cepat dan sangat memudahkan,positive,negative,medium,Negative (score:-2.6)
3355,ini kenapa ya saya update gopay plus nya kenapa tetap masih diproses saja sudah semaleman sampai pagi tetep saja tidak s...,neutral,positive,medium,Positive (score:2.6)
3371,sangat membantu sekali kalo bisa banyakin promosi terimakasih,positive,negative,medium,Negative (score:-3.2)
3372,penyesuaian alamat di map tidak sesuai ribet,negative,positive,medium,Positive (score:3.2)
3373,tolong untuk customer yang ngasih bintang buruk pada aplikasi ini terutama yang masalah tarif tarif sudah murah minta di...,negative,positive,high,Strong positive (score:14.4)
3377,btw kenapa ada foto bts kebetulan saya suka bts ngomong ngomong soal apk gojek ini komunikasi cepat sat set lokasi tujua...,positive,neutral,medium,Neutral (score:0.0)
3385,go jek sangat membantu apalagi drivernya sangat membantu aplikasinya juga mudah digunakan,positive,negative,high,Strong negative (score:-7.8)
3388,saya sangat suka dengan aplikasi ini drivernya ramah dan ketepatan waktunya juga ok,positive,negative,medium,Negative (score:-2.6)
3391,aplikasi gojek sangat bagus tidak ada hambatan atau pun kesalahan pengemudi nya pun sangat baik saya senang mempunya apl...,positive,negative,high,Strong negative (score:-11.7)
3392,saat pesen gofood selalu saja foto makanan nya tidak tampil jadi ingin memesan pun susah padahal sering di update app ny...,positive,neutral,high,"Mixed sentiment (pos:1, neg:1)"
3393,semua nya sudah bagus harga sesuai tapi yang ingin saya tambahkan coba saja ada go food pakai sepeda jadi untuk para rem...,positive,neutral,high,"Mixed sentiment (pos:1, neg:1)"
3394,ini apps kenapa ya tiap dua minggu harus update terus ke versi baru padahal sama aja tidak ada beda pun dengan yang lama...,negative,positive,medium,Positive (score:2.0)
3405,tiba kenapa aplikasi tidak bisa di buka mana saldo ny masih lumayan bnyk sudah kirim email seperti yang di sarankan dan ...,negative,positive,medium,Positive (score:2.0)
3408,benci sama aplikasi ini promonya menipu sudah kali pengalaman seperti ini yang harga awalnya rb sama termasuk promonya e...,negative,neutral,high,"Mixed sentiment (pos:2, neg:2)"
3411,lokasinya ngelag drivernya masih jauh tapi di maps sudah nyampe dan promonya masa sudah diaktifkin malah tidak berubah h...,positive,negative,high,Strong negative (score:-5.0)
3415,sering gangguan kalo bagus up tidak masuk dana nya,positive,negative,medium,Negative (score:-3.0)
3416,sangat membantu dalam perjalanan dan sangat mudah kemana pun tujuan makasih ya gojek semoga kedepannya jadi lebih baik l...,positive,neutral,medium,Neutral (score:1.3)
3428,aplikasi sangat baguss dan sangat membantu untuk terhubung dengan prakerja,positive,negative,medium,Negative (score:-2.6)
3429,edit ke versi baru malah tidak bisa memersan gocar goride gofood bahkan bayar payleter pun tidak bisa bagaimana ini haru...,negative,positive,medium,Positive (score:3.0)
3430,tidak jelas rating sendiri bagus dan aman aman saja tidak pernah aneh aneh atau ngapain tapi kalau nyari pengemudi lamba...,negative,neutral,high,"Mixed sentiment (pos:1, neg:1)"
3432,aplikasi taik awalnya jak yang bagus makin hari semakin brenksek yang tidak ad pengemudi lh yang melewati batas jarak an...,negative,positive,medium,Positive (score:3.0)
3435,harga makanan mahal mahal di gofood naiknya dari harga beli langsung tanpa aplikasi ini kalau harganya naik atau tidak j...,negative,positive,high,Strong positive (score:10.0)
3446,ada biaya tambahan rb itu cukup memberatkan liat saja customer nya pada pindah ke aplikasi lain kl untuk lasan layanan y...,negative,positive,medium,Positive (score:3.9)
3448,untuk mitra go food tolong lebih selektif jangan sampai mengecewakan masakan yang rasa dan penyajiannya tidak layak jang...,negative,positive,medium,Positive (score:3.0)
3451,kalau kasih tip chating ke drivernya yaa suka telat masuknya,neutral,positive,medium,Positive (score:2.0)
3461,kenapa sekarang gojek jadi kurang bagus saya nunggu lambat karena posisi pengemudi jadi dapet yang jauh terus trus ongko...,negative,neutral,medium,Neutral (score:0.0)
3462,tolong lah daerah wedi dan klaten selatan di untuk go food di kasih menu nya masa hampir semua tempat makan di daerah si...,negative,positive,medium,Positive (score:3.9)
3466,aplikasi yang sangat membantu sekali terutama pada masa pembatasan sosial saat ini namun jika boleh usul agar map di go ...,positive,negative,medium,Negative (score:-3.2)
3469,saran saya apabila system it gojek bisa mohon riwayat pesanan goride gocar itu tersimpan dan bisa dipesan kembali di rut...,positive,neutral,medium,Neutral (score:0.0)
3470,hmm lumayan memuaskan tapi setelah ganti ponsel dan no phone susah sekali memulihkan akunnyaa sampai berulang ulang tida...,negative,positive,medium,Positive (score:3.9)
3478,aplikasinya sangat membantu ditambah lagi dong diskonannya maju terus produk indonesia,positive,negative,medium,Negative (score:-2.6)
3481,alhamdhulillah sangat membantu smga sering sering ada gratis ongkir dan promo promo menarik ya bahagia dan sukses selalu...,positive,neutral,medium,Neutral (score:1.3)
3482,saya top up gopay dengan bca mobile saldo rekening berkurang tapi gopay tidak bertambah sudah telpon customer service pe...,negative,neutral,high,"Mixed sentiment (pos:1, neg:1)"
3487,kenapa pas aku pakai goride hemat hari jumat kenapa mahal padahal pas senin kamis murah terus saldoku sisa harganya pas ...,positive,negative,medium,Negative (score:-2.0)
3496,aplikasi sangat baik mudah dalam pembauran dan transaksi,positive,negative,high,Strong negative (score:-6.5)
3498,tolong diperbaiki aplikasinyaa ini mau pesan dari aplikasi lambat banget bahkan tidak bisa padahal sinyal data lancar,negative,neutral,medium,Neutral (score:0.0)
3502,sangat membantu gojek untuk mitra prakerja untuk mendapatkan insentif sangat cepat sangat saya sarankan untuk mitra prak...,positive,negative,high,Strong negative (score:-5.2)
3503,saya merasa sangat kecewa setelah tahun menjadi pengemudi gojek aplikasi gojek masih saja mengalami berbagai kendala kla...,negative,positive,high,Strong positive (score:4.8)
3514,meskipun sekarang tarif sudah agak mahal sudah jarang ada promo tapi msih bisa nyaman sama apk ini dan sangat membantu,positive,neutral,high,"Mixed sentiment (pos:2, neg:2)"
3517,bagus aplikasinya minus kadang bug kayak sudah batal driver tapi malah masih ada bookingannya,negative,neutral,high,"Mixed sentiment (pos:1, neg:1)"
3520,y lmyan baik cuma sekarang utk pengemudi kenapa tidak sllu dekat y jadi kita konsumen menunggunya agak lama,neutral,positive,high,Strong positive (score:4.0)
3524,sangat membantu saat perut sedang laparr dan malas keluar,positive,negative,medium,Negative (score:-2.6)
3527,aplikasi dan layanan serba guna sangat membantu dari berbagai sisi yang lebih menarik dari program ini adalah karya anak...,positive,negative,medium,Negative (score:-2.6)
3534,cepet promonya melimpah minus kadang suka kurang jelas nih apknya,negative,neutral,medium,Neutral (score:1.0)
3536,bagus sih hamya saja jauh lebih mahal dari aplikasi aplikasi serupa sebelah saya hanya sesekali gunakan pas ingin cepat ...,neutral,positive,medium,Positive (score:3.9)
3538,user interface gofood terlalu ribet terlalu banyak tulisan hal yang tidak perlu lebih disederhanakan lagi supaya tidak m...,neutral,negative,high,Strong negative (score:-5.2)
3540,coba pengemudi yang suka pilih tujuan costumernya itu di tendangin saja saya sering pesan jauh km saat dpt pengemudi ban...,negative,positive,high,Strong positive (score:5.2)
3543,sangat mudah di gunakan tapi titik jemput si pengemudi masih sering merabah jalan sering menanyakan posisi dimana padaha...,positive,neutral,high,"Mixed sentiment (pos:1, neg:1)"
3548,apk yang sangat membantu aman cepat tepat teruskan tingkatkan mutunya,positive,negative,high,Strong negative (score:-5.2)
3550,kenapa sekarang transaksi dengan metode pembayaran payleter tidak bisa di gunakan tiba payleter di bekukan saya tidak ma...,negative,positive,medium,Positive (score:3.0)
3552,biaya gofoodnya makin mahal saja ada biaya penanganan dan suka di mintain biaya parkir,positive,negative,high,Strong negative (score:-4.0)
3553,hallo selamat sore mau nanya nih aplikasi go jek klo pesen aplikasi go rade ko d daerah selatan itu ko sepuh semua ya ka...,neutral,positive,medium,Positive (score:2.6)
3559,aplikasi nya sangat bagus sangat membantu klo mau kmna mana dan juga bisa membantu buat pesan makanan,positive,negative,high,Strong negative (score:-9.1)
3561,aduh baru juga balik download aplikasi gojek login terus liat di voucher saya ada muncul voucher cashback payday lalu be...,positive,negative,medium,Negative (score:-3.0)
3563,please tolong banget pihak penyedia layanan gojek lebih ditekankan dalam hal unit atau kendaraan yang digunakan driver x...,negative,positive,medium,Positive (score:3.2)
3578,drivernya suka minta di batal kalo kejauhan sama macet kalo emang kejauhan atau macet alesannya kenapa di ambil pesanan ...,negative,neutral,medium,Neutral (score:0.0)
3594,saya agak kecewa pernah pesan gocar tapi saya disuruh nambah uang anggap saja rb jadi rb kan itu lumayan banyak kak pada...,negative,neutral,high,"Mixed sentiment (pos:2, neg:2)"
3598,tolong donk admin transfer gopay ke rekng bank jangan lama masa harus nunggu hari prosesnya kita tarik uang kan karena b...,neutral,positive,medium,Positive (score:2.0)
3600,saya suka gojek aplikasi anak negri membantu sekali tolong kualitas ditingkatkan terus agar kedepannya semakin bagus,positive,neutral,medium,Neutral (score:1.3)
3601,oke banget untuk keseluruhan cuma satu saran aja untuk pelayanan go food klo bisa rate untuk toko nya di tampilkan juga ...,positive,neutral,high,"Mixed sentiment (pos:1, neg:1)"
3605,saya suka aplikasi ini tapi sayang setiap kali saya ganti akun harus selalu ganti nomor telpon kalo ganti e mail masih g...,neutral,positive,high,Strong positive (score:6.4)
3611,saya pesan gocar dapatnya selalu blue bird buat apa saya pesan gocar kl dapatnya selalu blue bird disini kita sebagai cu...,negative,positive,medium,Positive (score:3.9)
3615,gojek sangat murah dan membantu,positive,negative,medium,Negative (score:-2.6)
3616,pelayanan pengaduan buruk saya sudah menyatakan bahwa akun saya tidak bisa di buka hanya bisa sampai di halaman pembuata...,negative,positive,high,Strong positive (score:7.8)
3617,sangat membantu banyak promosi hehe,positive,negative,medium,Negative (score:-2.6)
3618,pengalaman memuaskan selama ini walau kadang ada kendala sedikit tapi di maklumi semoga sukses selalu,positive,negative,high,Strong negative (score:-6.0)
3634,kapok sekapok kapoknya karena uang saya di curi sama pengemudi goride semoga sahabat goride lainnya slalu jujur di lindu...,neutral,positive,medium,Positive (score:3.0)
3638,aplikasi bermasalah pin minta ganti terus sudah di ganti malah tidak bisa di gunakan nunggu menit tetap tidak bisa di gu...,negative,neutral,medium,Neutral (score:-1.0)
3649,habis update kek tambah lag apk error di hp saya dan juga sinyal saya bagus tapi tidak bisa buka apk go jek setelah upda...,positive,negative,high,Strong negative (score:-13.0)
3655,dari dulu suka sekali dengan aplikasi ini karena sangat membantu untuk kegiatan sehari hari apalagi untuk domisili yang ...,positive,negative,high,Strong negative (score:-7.6)
3658,dulu ongkos kirim pesen gofood murah bingitz sekarang gila sih kaget masa pesen ke tempat sama dulu dan sekarang ongkirn...,neutral,negative,medium,Negative (score:-2.6)
3671,cukup bagus tapi boleh minta tolong misalnya kalo sudah pesan gojek atau gocar tapi tidak datang datang kelamaan langsun...,positive,neutral,high,"Mixed sentiment (pos:1, neg:1)"
3672,masukan buat team tolong berikan warning di aplikasinya disuruh keluar tempat terbuka agar lokasi akurat barusan saya pe...,neutral,positive,medium,Positive (score:2.0)
3673,baru pertama kali coba eh lansung di samperin sama gojek nya padahal awal nya iseng aja ternyata akun ini bukan tuk main...,positive,negative,medium,Negative (score:-3.0)
3680,sangat membantu kebutuhan sehari hari perjalanan pengiriman barang pemesanan makanan,positive,negative,medium,Negative (score:-2.6)
3685,sangat sangat buruk disuruh update pdhal belum sebulan jg msih dipakaigojeknya utk antar orang tp giliran di update msih...,negative,positive,medium,Positive (score:3.9)
3687,mau tanya kalau kita nabung atau nyimmpen uang di gopay dan dsimpan dalam waktu lambat bisa tidak atau misalkan bagus up...,positive,negative,medium,Negative (score:-2.0)
3700,untuk pelayanan sangat bagus,positive,negative,medium,Negative (score:-3.9)
3703,terima kasih goojek pemakaian aplikasinya sangat mudah di pahami semoga goojek tambah jaya,positive,negative,medium,Negative (score:-2.6)
3709,ngasih promosi voucher sih gilaan banget tapi para pengemudi tidak mw pick up ditungguin lambat tidak dtg di chat tidak ...,positive,neutral,high,"Mixed sentiment (pos:1, neg:1)"
3711,saya di suruh nunggu pengemudi sampe jam karena tidak bisa di batalin dengan alasan sudah di terima resto pesanan nya tr...,negative,positive,high,Strong positive (score:6.5)
3713,sangat membantu dalam kegiatan sehari hari,positive,negative,medium,Negative (score:-2.6)
3717,mantap semoga sukses selalu tapi tolong untuk menu di go mart lebih di lengkapi lagi karena untuk susu anak saya tidak a...,positive,neutral,high,"Mixed sentiment (pos:1, neg:1)"
3719,sangat membantu saat apapun lebih tingkatkan keamanan pengemudi yang savety saja si,positive,negative,medium,Negative (score:-2.6)
3722,aplikasi kurang membantu customer chat cs ribet dan sering ke kick,negative,neutral,medium,Neutral (score:-1.3)
3726,kenapa saldo aku belum masuk juga ya padahl sudah sukses tapi tidak masuk dan gaada juga di riwayat uang aku sekitar rup...,neutral,positive,medium,Positive (score:3.0)
3727,customer support sangat lambat,negative,positive,medium,Positive (score:2.6)
3733,kenapa tiap mau pesan go food selalu crash padahal sinyal baik tetapi kalo pesan lainnya normal,neutral,positive,medium,Positive (score:3.0)
3734,sudah berlarut permasalahan go paylatter tapi tidak ada solusi limit sudah di naik kan tapi tetap di blokir sangat tidak...,negative,neutral,high,"Mixed sentiment (pos:1, neg:1)"
3736,sangat membantu sekali bagi saya fitur fitur dalam apk ini sangat lengkap banyak promonya kalo bisa di tingkat kembali y...,positive,negative,medium,Negative (score:-3.2)
3737,alkhamdulillah berkat apk gojek saya bisa buat akun gopay dan upgradenya cepet tidak pake lambat cuma butuh beberapa men...,negative,positive,medium,Positive (score:2.0)
3740,kenapa proses upgradenya sangat lama punya temen saya hanya sebentar saja lgsg bsa ini punya saya pas upgrade tadi malem...,negative,positive,medium,Positive (score:2.6)
3743,terimakasih sudah menyetir dengan aman nyaman,positive,negative,medium,Negative (score:-2.0)
3747,saya senang pake aplikasi gojek sangat membantu saya saat mau pergi tapi kadang abang gojek a suka lambat banget,positive,neutral,high,"Mixed sentiment (pos:2, neg:2)"
3748,sudah lambat daftar gocar dan sudah terverifikasi tapi belum ada kelanjutannya bisa atau tidak gabung di gocar mudahan g...,neutral,positive,medium,Positive (score:3.0)
3751,saya sanagat kecewa tau tau saya dapat tagihan payletter sedangkan aplikasi ini sangat saya andalkan karena saya bekerja...,negative,positive,medium,Positive (score:3.9)
3755,assalamualaikum sebelumnya saya sudah pernah mendownload aplikasi ini tapi setelah itu appnya tidak bisa masuk warna nya...,positive,negative,medium,Negative (score:-2.6)
3759,agak lambat nunggu tapi abang goride nya malah bilang tenang aza bu nanti jatuh jadi malu banget,positive,neutral,high,"Mixed sentiment (pos:1, neg:1)"
3761,pengemudi sangat ramah dan nyaman,positive,negative,high,Strong negative (score:-5.2)
3762,siip makin maju dan memudahkan sayang harga gofood seringkali lebih mahal daripada kalau kita beli di tempat belum lagi ...,positive,negative,high,Strong negative (score:-5.2)
3767,terima kasih gojek saya upgrade gopay plus langsung ter upgrade tidak menunggu sampai x jam sudah selesai pokoknya sanga...,positive,negative,medium,Negative (score:-3.9)
3781,selama saya naik gojek baru kalai ini saya di ancam padahal lokasi jemputan sangan mudah dan hanya menit,positive,negative,medium,Negative (score:-2.0)
3783,ujung ujungnya tergantung orang yang melayani ada beberapa yang kurang bagus tapi sejauh ini masih lumayan,negative,positive,high,Strong positive (score:4.0)
3784,benar benar mengecewakan drivernya menunggu lambat dalam keadaan panas dan balita juga bawaan belanja tiba tiba di batal...,neutral,negative,high,Strong negative (score:-5.0)
3785,bingung dengan maps nya gojek setiap pesan bukannya dikasih jalur alternatif yang cepat malah muter dengan rute yang jau...,negative,positive,medium,Positive (score:2.0)
3787,proses tf nya kurang memuaskan,neutral,positive,medium,Positive (score:2.0)
3789,aplikasinya membantu memudahkan untuk pergi kemanapun dan beli apapun pelayanan juga ramah pengiriman cepat respon drive...,positive,neutral,medium,Neutral (score:0.0)
3796,saya ganti hp masuk susah banget klu masih susah mending saya uninstal saja,negative,neutral,medium,Neutral (score:0.0)
3799,sudah berlangganan jadi premium tapi masih saja minim dapet diskon makin kesini makin gaada promosi diskon dan jadi maha...,positive,negative,medium,Negative (score:-2.0)
3802,tiba tiba aplikasinya ter uninstall dan saat aku masuk pake no yang sudah terdaftar katanya opps ada yang salah sudah ku...,negative,positive,high,Strong positive (score:6.0)
3807,applikasi gojek sangat mudah digunakan cepat dan memudahkan segala transaksi belanja,positive,negative,high,Strong negative (score:-5.2)
3808,kode otp tidak kluar d beberapa pembayaran jadi pindah ke aplikasi pembayaran sebelah padahal katanya dompet digital ter...,negative,positive,medium,Positive (score:3.0)
3811,saya sangat suka dengan aplikasi ini saya berkali kali pesan makanan lewat go food dan alhamdulillah drivernya baik tapi...,positive,neutral,high,"Mixed sentiment (pos:1, neg:1)"
3817,banyak harga pada list go food tidak sesuai kenyataan karena saat ditagihkan akhir harganya jadi lebih mahal mohon untuk...,negative,positive,medium,Positive (score:2.0)
3818,hai gojek hp saya hilang dan saya ingin menggunakan layanan gojek kembali saya hanya memiliki satu email dan saya tidak ...,negative,positive,medium,Positive (score:2.0)
3819,selau kekgini pas di buat bagus up salah pin pas di ganti pin tidak bisa seharusya pin yang di gunaka itu sama dengan pi...,negative,neutral,high,"Mixed sentiment (pos:1, neg:1)"
3823,nyaman drivernya sopan semua penjemputan oke tingkat kan terus semoga sukses,positive,neutral,medium,Neutral (score:1.0)
3828,sangat baik dan membantu ketika tidak bisa keluar rumah dan banyak promosi nya,positive,negative,high,Strong negative (score:-6.5)
3829,pengemudi gocar banyak yang malas dapat pesanan tidak mau jemput tapi tidak mau batal juga kayaknya alasannya supaya tid...,negative,positive,medium,Positive (score:2.0)
3834,tolong buat gojek untuk evaluasi restoran pelayanan nya menurun menurut pengamalan saya sering saya memesan tapi kelengk...,positive,negative,medium,Negative (score:-3.9)
3839,pertama kali menggunakan aplikasi pelayanannya sangat memuaskan ntar klau pelayanannya tidak memuaskan kita kasih koment...,positive,negative,high,Strong negative (score:-7.8)
3849,sangat bagus dan juga membantu kemudahan dalam berbelanja kirim dan pesan,positive,negative,high,Strong negative (score:-6.5)
3851,gojek mohon tarifnya jangan dinaikkan sekarang juga tidak ada diskon jika menggunakan gopay dan sistemnya sekarang kayak...,neutral,positive,medium,Positive (score:2.0)
3855,good job untuk gojek saya sangat terbantu dengan segala fitur yang ada di dalam aplikasi ini semuanya sangat memudahkan ...,positive,negative,medium,Negative (score:-3.2)
3857,sulit penggunaan nya untuk pemula apalagi orang tua seperti kami set tujuan dan penjemputan bolak balik tidak selesai ha...,negative,positive,medium,Positive (score:2.0)
3859,aplikasi tolol mau masuk saja tidak ada internet terus padahal buka yang laen lancar,negative,positive,medium,Positive (score:2.0)
3860,benar benar aplikasi yang sangat membantu perekonomian rakyat kecip di bidang lap pekerjaan keep doing it really love th...,positive,negative,medium,Negative (score:-2.6)
3874,sudah x update tidak bisa bkn karena memory penuh tapi ad kesalahan apa tidak tau tgl nunggu ke buka doank sudah sukses ...,neutral,positive,medium,Positive (score:3.0)
3877,ya lumayan xlo bisa di tingkatkan kinerjanya,neutral,positive,medium,Positive (score:2.0)
3882,bukannya mudah tapi ribet masak pesan di resto yang biasa aku pesan di grab cuman nemu menu bakso doang tidak ada nemu m...,negative,neutral,high,"Mixed sentiment (pos:1, neg:1)"
3883,tarif nya suka berubah kadang murah kadang mahal banget x lipat daru tarif yang biasanya padahal sudah sering naik ke lo...,positive,neutral,high,"Mixed sentiment (pos:1, neg:1)"
3895,bagus up pulsa gagal melulu untuk apa dikasih voucher diskon potongan harga kalo pada akhirnya bagus up pulsa nya selalu...,positive,neutral,medium,Neutral (score:0.0)
3898,sangat baik dalam aplikasi ini memudahkan pengguna mau antar barang transportasi makanan dan lainnya,positive,negative,medium,Negative (score:-3.9)
3899,sangat membantu sekali banyak diskon sehingga bisa lebih hemat driver nya memenuhi standar prokes sikapnya juga baik ter...,positive,negative,high,Strong negative (score:-8.0)
3901,hematnya diawal doang pas di pertengahan sudah mulai mahal apalagi pas di akhir sudah pake gojek plush loh ini,negative,positive,medium,Positive (score:2.0)
3903,sangat membantu apa lagi klu dapet diskon ya di pertambah,positive,negative,medium,Negative (score:-2.6)
3906,setelah di update aplikasinya jadi sering ngelag,neutral,negative,medium,Negative (score:-2.0)
3916,aplikasinya sudah bagus tpi masih ad bug seperti delay notif terkadang ilangad dll,neutral,positive,medium,Positive (score:3.0)
3926,maaf saya kecewa make nih apk tiba tiba saldo saya kesedot tanpa sepengetahuan gw sayangnya responya juga lambat dari pi...,negative,neutral,high,"Mixed sentiment (pos:1, neg:1)"
3930,di update bukan makin bagus malah makin nurun,positive,negative,medium,Negative (score:-3.0)
3941,dapat memesan makanan tiket dan lain lain lebih mudah dengan go jek sangat mudah,positive,neutral,medium,Neutral (score:0.0)
3943,terus di update bukannya bagus maalah tmbah lemot saja,neutral,negative,high,Strong negative (score:-5.0)
3950,mb nya terlalu besar tolong di rendah kan lagi makasih,neutral,positive,medium,Positive (score:2.0)
3952,harga nya mahal harusnya per perjalanan k semua,negative,positive,medium,Positive (score:2.0)
3960,bagus up terlalu lambat,negative,neutral,medium,Neutral (score:1.0)
3961,tolong promosi nya di banyakin contoh nya gofood free ongkir ongkir biar customer juga senang,neutral,negative,medium,Negative (score:-3.0)
3963,jek sebaiknya biaya aplikasi dan biaya bungkus itu dihilangin karena saya mau makan terlalu mahal biaya gono gininya dan...,positive,neutral,medium,Neutral (score:1.3)
3965,aplikasi sangat bagus sekali cepat dan tanggap pengemudi juga sangat ramah aplikasi sangat direkomendasikan,positive,negative,high,Strong negative (score:-11.2)
3966,cashbacknya jgn pelit dong kaya dulu lagi gtu saya kembalikan bintang nya merchantnya sudah manteb pdahal ditaikin lagi ...,neutral,positive,medium,Positive (score:2.0)
3971,kenapa profil saya tidak bisa di ganti foto biasa disitu tertulis harus sama foto pengemudi gojek pake foto biasa tidak ...,negative,neutral,medium,Neutral (score:1.0)
3980,go jek sangat membantu pekerjaan saya supaya tidak terlalu ribet segala hal tentang transportasi gojek lah andalannya go...,positive,neutral,medium,Neutral (score:0.0)
3984,waduh saya tidak bisa login karena nomer saya sudah saya ganti sudah email customer service tapi tidak dijawab mulai dul...,positive,neutral,medium,Neutral (score:1.0)
3985,aplikasinya sebenarnya bagus tapi ada yang bikin saya tidak nyaman dan kecewa pada metode pembayaran scan awalnya pembay...,negative,positive,high,Strong positive (score:4.0)
3987,kenapa saya tidak bisa login lagi pdhal hbis saya bagus up saldo stlah saya log out rncana mau pindah hp malah smpek skr...,negative,neutral,medium,Neutral (score:0.0)
3988,aplikasi kurang ajar main batalin pesanan sudah nunggu menit,negative,neutral,medium,Neutral (score:-1.0)
3989,sekarang sudah mahal ongkirnya trus ada biaya penanganan tmbahan lain overall bagus sih cuman sekarang bnyak apk serupa ...,positive,neutral,high,"Mixed sentiment (pos:1, neg:1)"
3991,kenapa ya aplikasi gojek makin lambat makin tidak berkopenten masa baru beberapa hari di update harus di minta lagi di u...,negative,neutral,medium,Neutral (score:-1.0)
3994,aplikasi yang sangat bagus kita bisa bagus up di gojek dengan mudah benar benar aplikasi bagus,positive,neutral,medium,Neutral (score:1.3)
3995,berdasarkan pengalaman saya sendiri selama menggunakan ojol online drivernya byk yang kurang ajar tdk sopan kasar ugal u...,positive,neutral,medium,Neutral (score:-1.0)
4003,pelayanan gercep jadi gampang pengen apa saja tinggal klik gojek byk diskon dan ongkir lebih murah dr aplikasi sebelah m...,positive,neutral,medium,Neutral (score:1.0)
4008,mohon tambahkan bahasa chinese di aplikasi jgn cuma inggris sama indo saja gan app sudah bagus kenapa,positive,negative,medium,Negative (score:-3.0)
4015,katanya berlanggan golus sd rb sd diskon ini mah tidak berlanggan diskoj perak trus berlanggan cuma seribu saja diskij n...,neutral,negative,medium,Negative (score:-3.0)
4022,aplikasinya sangat berguna bagi saya saya mau bekerja tidak ada kendaraan nisa mesen goride pas laper dan males kewarung...,positive,neutral,medium,Neutral (score:-1.6)
4036,masukan buat sistemnya tolong diberikan label halalnya supaya tidak salah pesan apalagi salah makan karena msih banyak p...,negative,positive,medium,Positive (score:2.0)
4037,ongkir gofood makin mahal sekarang jadi jarang pakai gojek karena ada compare yang lebih murah gass lah,neutral,negative,medium,Negative (score:-2.0)
4038,bisa bantu di update makasih playlater nya macet,negative,neutral,medium,Neutral (score:0.0)
4041,ada yang mengancam saya lewat apk gojek ngetas nama gojek dia minta uang kalau tidak di kasih mau meretas identitas saya...,negative,neutral,medium,Neutral (score:-1.0)
4044,mohon ditangani oknum pengemudi yang pakai aplikasi tambahanaplikasi tuyul biasanya klu konsumen agak jauh mereka tidak ...,positive,neutral,medium,Neutral (score:-1.0)
4047,saya sangat suka dengan aplikasi ini untuk upgred gopay plusnya sangat mudah tidak makan waktu lambat,positive,negative,medium,Negative (score:-2.6)
4051,suka nge bug kadang,neutral,positive,medium,Positive (score:2.0)
4054,untuk gojek di area kecamatan karanganyar kebumen kurang banyak pengemudi nya tapi lumayan lah sudah bisa buat jadi peno...,neutral,positive,medium,Positive (score:3.9)
4064,aplikasi gojek sudah bagus banget cuma tolong dong di tombol pesan jangan gede banget dibawah terus kalo bisa kasih opsi...,negative,positive,medium,Positive (score:3.9)
4065,bagaimana sih sudah diupdate tapi aplikasinya keluar terus padahal kapasitas penyimpanan di hp masih banyak sekarang tia...,negative,positive,high,Strong positive (score:12.8)
4072,selama ini aku selalu merasa puas saat memakai aplikasi gojek sangat membantu banget so good job buat gojek dan semoga k...,positive,neutral,medium,Neutral (score:-1.6)
4073,saya aangat teramat kecewa dengan gojek terutama go car pesan terakhir saya di ambil tapi di jalan di batalkan pengemudi...,negative,positive,high,Strong positive (score:7.8)
4074,ongkirnya terlalu mahal apa lagi ada biaya penanganan tambahan beda jauh dengan grab klo ada promosi potongan ongkir dan...,neutral,negative,medium,Negative (score:-2.0)
4075,untuk gofoodnya kurang maximal mulai dari harga yang tertera belum ada keterangan sudah termasuk pajak atau belum kalau ...,neutral,negative,high,Strong negative (score:-4.0)
4084,hari ini gojek eror yaa kenapa mau pakai kenapa malah loading terus padahal buka semua nya lancar,neutral,positive,medium,Positive (score:2.0)
4094,aplikasi asu transfer ke bank kalau sekiranya penyelesaian nya lama lebih baik jangan di adakan untuk menu itu gila bang...,negative,neutral,medium,Neutral (score:-1.3)
4097,sebenernya senang apk ini dibanding yang sbelah tapi ko sekarang vouchernya gbsa dipake double lagi ya,neutral,positive,medium,Positive (score:3.0)
4102,gofoodnya bener ngak bagus banget sudah lambat nunggu dpt pengemudi ujungnya di cancel mending pake shopeefood saja cepe...,neutral,negative,high,Strong negative (score:-6.5)
4103,pesan gofood ongkir dll rp gede juga tapi okelah tinggal sebentar bagus up gopay ongkir dll rp saldo kurang biaya disesu...,positive,neutral,high,"Mixed sentiment (pos:2, neg:3)"
4105,kenapa stlh di upgrade gofood nya malah tidak bisa dibuka ketika dibuka suruh ngaktifin lokasi padahal sudah diaktifin h...,negative,positive,medium,Positive (score:3.9)
4109,klo mau coba cari tahu ongkir gojek dan gocar beda propinsi susah banget mesti cari titik mapnya padahal tidak ngerti tu...,positive,negative,medium,Negative (score:-2.6)
4115,tumben sudah bayar cicilan paylater saldo sudah kembali tapi tidak bisa dipakai sistem gangguan trus sudah beberapa hari...,negative,neutral,high,"Mixed sentiment (pos:1, neg:1)"
4119,pesen gfd titik sudah pas waktu di pesan titik nya berubah dua akun kek gitu pembayaran via gopay pula ilang saldo gopay...,negative,positive,medium,Positive (score:2.0)
4127,biaya layanan jasa aplikasinya sangat mencekik sekali pesan harus tambah rb padahal belum tentu yang diorder memuaskan s...,negative,positive,high,Strong positive (score:4.8)
4129,bagus dan sangat oke,positive,neutral,medium,Neutral (score:1.3)
4133,kemampuan aplikasi melacak pengemudi terdekat dengan customer harus di perbaiki begitu pula dengan estimasi waktu kedata...,neutral,positive,high,Strong positive (score:5.0)
4138,aplikasi sudah enak padahal sebelumnya sudah nyaman sekarang apaan saya mau pesen saja gabisa terus ke close sendiri,positive,negative,medium,Negative (score:-2.0)
4144,baru install gojek masih pengen tau perkiraan harga lha kenapa sudah langsung approval trus dibatalkan juga alasannya ke...,positive,negative,medium,Negative (score:-2.0)
4150,asli agak emosi nunggu gofood jam tidak ada konfirmasi bahwa drivernya tidak ada terus pengalaman lagi qris tidak bisa s...,negative,neutral,medium,Neutral (score:-1.3)
4161,sangat membantu memudahkan kesulitan kami,positive,negative,medium,Negative (score:-2.6)
4165,gojek saya bermasalah di mapnya jadi gbs mesen apa gps data semua on di aplikasi transport sebelah lancar saja tidak ada...,neutral,positive,medium,Positive (score:2.0)
4175,jarang menggunakan gojek mohon maaf aplikasi online dibuat untuk mempermudah pengguna tetapi yang saya dapatkan malah su...,negative,neutral,medium,Neutral (score:1.0)
4176,ko setelah di perbarui tidak bisa bagus up game sih kemarin banyak pilihannya kenapa sekarang sedikit menyesal memperbar...,neutral,negative,high,Strong negative (score:-6.0)
4192,sangat bagus dan membantu thanks,positive,negative,medium,Negative (score:-3.9)
4196,trip yang sangat menyenangkan murah ramah bersih dan cepat trima kasih gocar,positive,neutral,medium,Neutral (score:0.0)
4211,aplikasi nya sangat membantu tapi kenapa sekarang saya tidak bisa membuka aplikasi gojek setiap saya buka aplikasinya la...,positive,negative,medium,Negative (score:-2.6)
4215,gopay sangat membantu dalam transaksi namun saat memperbaharui fiturnya menu transfer antar sesama gopay jadi tidak ada ...,positive,neutral,high,"Mixed sentiment (pos:1, neg:1)"
4217,hati hati yang belom pernah menggunakan paylater ternyata paylater bukannya membantu para penggunanya ternyata malah mem...,positive,negative,medium,Negative (score:-2.0)
4218,minta update sudah di update tapi gagal mulu sudah gt itu voucher nya cuma area bdg jogja surabaya jkt tidak ada kdang g...,neutral,negative,medium,Negative (score:-3.0)
4223,aplikasi ini sangat membantu kami namun saya sempat mengalami tersesat dijalan namun tidak membawa uang sepeser pun dan ...,positive,neutral,high,"Mixed sentiment (pos:1, neg:1)"
4226,tolong dong gopay gausah di upgrade ke gopay plus segala yang mempersulit proses registrasi enakan kek dulu simple ini d...,positive,negative,medium,Negative (score:-3.2)
4234,banyak promosi tapi setiap makai promosi gratis antar pengemudi gojek gaada yang mau nerima sekalipun nerima langsung di...,neutral,negative,medium,Negative (score:-2.6)
4235,bugus aplikasinya berguna buat ibu atau org yang tidak ada motor ngebantu sekali tapi sayang kalo kadang salah penjet ja...,neutral,negative,medium,Negative (score:-2.6)
4242,aplikasi yang sangat membantu bagi penggunanya terus tingkatkan agar bisa mempermudah pelanggan setianya,positive,negative,medium,Negative (score:-2.6)
4246,semenjak naek versi suka eror klo mau tf selalu susah pada hal sinyal bagus,neutral,positive,medium,Positive (score:3.0)
4249,sudah x book gada pengemudi mulu di telepon nyambung x tp gada yang ngelayanin csnya jangan sampe cuma pencitraan di awa...,positive,negative,medium,Negative (score:-3.0)
4250,dibeberapa pengguna tidak ada ongkir hemat ongkir gofood terdekat rb kedrivernya berapa apa bener cuma goceng kasihan dr...,neutral,negative,medium,Negative (score:-2.0)
4254,kadang suka eror saldo masuknya telat padahal di aktivitas sudah sukses katanya tapi saldo gopay tidak nambah hadeh,negative,positive,high,Strong positive (score:5.0)
4273,saya turunin bintang ya kenapa soal nya akhir akhir ini entah kenapa susah banget dapet driver padahal di map banyak ini...,negative,neutral,medium,Neutral (score:0.0)
4278,sangat membantu saat lagi laper dan di perjalanan semoga sukses,positive,negative,high,Strong negative (score:-6.5)
4296,suka bikin sebel saja klo dapet pengemudi lebih galak dari customernya gosend obat saja bikin hati dongkol klo tidak suk...,negative,positive,medium,Positive (score:3.8)
4312,halo team gojek saya sangat suka dengan aplikasi ini karna saya di berikan limid gopaylater yang lumayan besar dan sekar...,positive,neutral,medium,Neutral (score:0.0)
4324,akun saya sudah ada paylatera kk tapi kenapa tidak bisa digunakan tuk beli pulsa ya kataa sudah di aktifkan di mode pemb...,positive,neutral,medium,Neutral (score:-1.0)
4332,dapet pengemudi gofood ngasih kembalian kurang langsung gercep saya chat pengemudi nya tapi tidak ada respon sama sekali...,positive,neutral,medium,Neutral (score:1.3)
4338,beberapa pengemudi menyebalkan dah pesan malah tidak berangkat lain kali kasih layanan pengaduan dalam aplikasi biiar pa...,neutral,positive,medium,Positive (score:2.0)
4339,benar kecewa kepencet pesan gofood tidak sengaja hitungan detik lgsg dibatalin mau ubah pesanan karena double order tida...,negative,neutral,high,"Mixed sentiment (pos:2, neg:2)"
4340,ternyata enak ya nyebut jujur di awal kalimat pantesan temen temen aku pada suka jujur lama lama ku ikutan jujur di vers...,positive,neutral,high,"Mixed sentiment (pos:2, neg:2)"
4344,cashback tidak masuk sangat kecewa kalau sudah masuk baru di tambah bintangnya,neutral,positive,medium,Positive (score:3.9)
4347,ni kenapa si nulis alamat tujuan sama alamat jemput skarang susah banget gojek ejaan nya sudah bner jg alamat tidak kete...,negative,neutral,high,"Mixed sentiment (pos:1, neg:1)"
4348,untuk kesekian kalinya saya pakai gosend dan sangat mengecewakan dan kesekian kalinya saya seperti dipermainkan pengemud...,negative,positive,medium,Positive (score:3.9)
4351,kenapa sih setelah saya isi gopay malah tidak bisa di apain mau pesen gofood juga susah katanya ada perbaikan sudah bebe...,neutral,positive,medium,Positive (score:2.0)
4353,kecewa dengan para pengemudi yang sangat susah di dapat apalagi ketika habis turun hujan,negative,neutral,medium,Neutral (score:-1.3)
4369,terimakasih sangat membantu nyaman praktis dan semoga berkah,positive,negative,high,Strong negative (score:-7.8)
4370,lumayan bagus tapi buruk nya sistem tidak peka kalau pesan goshop sudah tau dibatalin karena pengemudi tidak cukup bawa ...,neutral,positive,medium,Positive (score:2.0)
4371,gojek pemecahan masalah untuk solusi mobilisasi masyarakat semua layanan tersedia siap menguasai pasar asia karyawan khu...,positive,neutral,high,"Mixed sentiment (pos:1, neg:1)"
4373,aplikasinya sangat bagus sangat membantu untuk memesan goridegocar dan bisa memesan makanan dan obat obat,positive,negative,high,Strong negative (score:-6.5)
4382,tolong untuk pengemudi jangan cabul atau membahas hal hal yang melecehkan yaa tadi malam istri saya dapet pengemudi yang...,negative,neutral,medium,Neutral (score:-1.0)
4390,daerah saya emg aga kampung jadi susah banget dapet pengemudi gocar tapi tiap saya pesen gocar kenapa ada saja pengemudi...,neutral,positive,medium,Positive (score:2.6)
4393,masih menjadi transportasi online yang bisa saya andalkan terima kasih ya bapak ibu driver walaupun pernah juga mendapat...,positive,neutral,high,"Mixed sentiment (pos:1, neg:1)"
4394,hallo min gopaylater sudah di buka makasih ya min kalo bisa gopay pinjam juga di buka dong,neutral,positive,medium,Positive (score:2.0)
4396,bagus sih tapi kadang lambat sistemnya apalagi untuk prakja via gopay mohon di perbaik lagi kekurangan nya,positive,neutral,high,"Mixed sentiment (pos:1, neg:1)"
4399,aplikasinya parah masa pesan gofood tidak bisa cancel namanya anak anak mainin hp orang tua kepencet sudah telepon call ...,negative,positive,medium,Positive (score:3.2)
4400,jaringan bgus tpi lag apalah,neutral,positive,medium,Positive (score:2.0)
4404,layanan customer care via aplikasi sangat buruk sekali seringkali yang bales cuman bot otomatis dan kalopun yang bales a...,negative,positive,high,Strong positive (score:8.0)
4411,mau ganti nomor ponselnya saja lambat prosesnya harus fast respon dong jangan dibikin ribet persoalan gampang kaya gini ...,negative,neutral,medium,Neutral (score:-1.3)
4413,voucher diskon belanja rb dengan minimum belanja rb tidak berlaku dan tanpa pemberitahuan pd waktu belanja padahal hanya...,positive,neutral,medium,Neutral (score:-1.0)
4416,sangat kecewa metode cashback gopay coins yang sekarang kalo bayar ditambah gopay coins gabisa pakai promosi dari outlet...,negative,positive,high,Strong positive (score:10.4)
4420,sangat membantu saya dalam mencari bantuan dan memudahkan saya untuk pengambilan intensif,positive,negative,medium,Negative (score:-2.6)
4422,mana promonya min untuk goride harganya mahal kalau mau pesan goride biaya jasa aplikasi yang mahal sangat jarang sekali...,negative,neutral,medium,Neutral (score:0.0)
4424,dengan adanya gofood memang sangat membantu bila sedang malas keluar cari makan tapi tolong berikan ruang kepada custome...,positive,neutral,high,"Mixed sentiment (pos:1, neg:2)"
4432,sangat membantu mempermudah segala kebutuhan kita dalam memesan makanan sukses selalu,positive,neutral,medium,Neutral (score:1.3)
4435,aplikasinya kadang eror min sudah dpt pengemudi sudah dichat pula bisa berubah harus pesan dr awal dan dpt pengemudi yan...,neutral,positive,medium,Positive (score:3.0)
4437,sekarang ongkirnya mahal dibandingkan pengiriman oleh kurir lokal kelebihan gojek adalah aplikasi yang lebih bagus dan b...,positive,neutral,medium,Neutral (score:1.0)
4440,sangat membantu aplikasi ini bisa kirim barang pesan makanan dan mengantar kita kemanapun,positive,negative,medium,Negative (score:-2.6)
4441,aplikasi yang sangat membantu tapi sangat mengecewakan juga karena banyak pengemudi yang sering minta dicancel susah dap...,neutral,negative,medium,Negative (score:-3.9)
4443,bagaimana sih dengan fitur gopay letternya padahal saya makainya bukan diawal bulan tpi tgl an kenapa sudah disuruh baya...,neutral,positive,medium,Positive (score:2.0)
4445,ini adalah aplikasi yang sangat bagus untuk bagus up games online seperti free fire pubg cod mobile legend aov dll saya ...,positive,negative,high,Strong negative (score:-10.4)
4447,biasa pesen gofood promonya oke saja eh sekarang pas mau di pakai malah tidak bisa di pakai padahal syarat nya sudah ben...,neutral,positive,medium,Positive (score:2.0)
4449,aplikasi yang sangat bagus berguna bermanfaat dan sangat luar biasa membangun dalam pencairan prakerja is the terbaik,positive,neutral,medium,Neutral (score:0.0)
4459,untuk aplikasinya sangat bagus tapi sayangnya beberapa pengemudi sering sekali tidak ada sopan santunnya dengan pelangga...,positive,neutral,high,"Mixed sentiment (pos:1, neg:1)"
4461,bagaimana ini setelah di perbarui kenapa malah logout sendiri udaa masuk lagi pake nomor yang sama malah tidak bisa baga...,negative,positive,high,Strong positive (score:4.8)
4464,maaf sblmnnya saya suka kesal degan gofood makanan kfc memilih menu sesuai aplikasi selalu habis dan tidak ada kenapa di...,positive,neutral,medium,Neutral (score:1.3)
4466,setiap pesan dapat pengemudi yang jauh banget posisinya orang pesan ride ingin dijemput segera bukan harus nunggu menit ...,negative,positive,medium,Positive (score:2.6)
4467,sangat membantu dan sangat cepat,positive,negative,high,Strong negative (score:-5.2)
4468,gojek sangat membantu saya dalam banyak hal baik transfortasi maupun pesan makanan kita tidak perlu repot repot tinggal ...,positive,neutral,medium,Neutral (score:1.3)
4470,sangat membantu saya dalam ber mobilisasi yang notabene tidak memiliki kendaraan tetap tapi tolong untuk gofood nya jgn ...,positive,negative,high,Strong negative (score:-5.2)
4473,tidak terlalu baik tapi juga tidak buruk kok,positive,neutral,high,"Mixed sentiment (pos:1, neg:1)"
4479,saya sangat senang dengan adanya aplikasi ini sangat mempermudah dan membantu saya ingin ke tempat tujuan saya kemana pu...,positive,negative,high,Strong negative (score:-6.5)
4481,kalau untuk go food nya kadang suka bikin sedih lagi laper banget di kantor terus pesan gofood eh drivernya tidak mau an...,neutral,positive,medium,Positive (score:2.6)
4486,pas ada update an langsung d update tapi pas pemasangan gagal terus padahal memori msh tersedia sudah saya hapus dan ins...,negative,positive,medium,Positive (score:3.0)
4490,aplikasi ini sangat membantu bagi pengemudi juga disaat pengemudi ke hausan dan kelaparan setelah balik ngebid distuh la...,positive,negative,medium,Negative (score:-2.6)
4491,tolong diperbaiki udah makin mahal klu pagi mau kesekolah dpt nya pengemudi yang jauh padahal jelas yang paling deket ba...,neutral,negative,medium,Negative (score:-2.6)
4495,kenapa di update malah gagal terus kalo sudah ngulang lagi dari biasanya tidak ada masalah sama aplikasi ini tapi kali i...,negative,neutral,high,"Mixed sentiment (pos:1, neg:1)"
4512,terima kasih gojek dengan aplikasi ini saya bisa memesan kendaraan makanan transaksi dan lain sangat bermanfaat sekali s...,positive,negative,high,Strong negative (score:-4.8)
4514,buruk saldo gopay tidak bisa scan qris selain qris gopay itupun klu bisa tapi di batasi aplikasi gagal semua ewallet bis...,negative,neutral,high,"Mixed sentiment (pos:2, neg:2)"
4515,gojek harusnya ada paket langganan yang bisa dibeli oleh user untuk menghemat pengeluaran sama seperti aplikasi sebelah ...,neutral,negative,medium,Negative (score:-3.0)
4523,sangat kecewa entah kenapa belum juga daftar paylater tiba tiba diblokir padahal sudah bertahun tahun pakai gojek malaha...,negative,positive,high,Strong positive (score:7.8)
4526,aplikasi yang sangat membantu baik untuk berpergian atau untuk pesan makanan sejauh ini pengemudi gojeg gofood yang saya...,positive,neutral,medium,Neutral (score:-1.3)
4530,sudah setahun lebih gopay later saya tulisannya akun sudah masuk antrian sampe sekarang gopay later belum aktif juga sud...,negative,positive,high,Strong positive (score:6.0)
4538,app ok pesan tinggal sekali klik lancar semuanya,positive,neutral,medium,Neutral (score:0.0)
4539,kenapa saya tidak pernah dpt voucher go ride gocar dan voucher gratis ongkir lagi padahal sering pake gojek voucher gori...,positive,negative,medium,Negative (score:-2.6)
4543,trima kasih akulaku walaupun sudah jatuh tempo hanya ingatkan pelunasan via sms aplikasi rekomendasi untuk teman yang la...,positive,neutral,medium,Neutral (score:1.0)
4546,aplikasi paling ngaret tidak direkomendasikan klo caranya seperti ini tidak sesuai jadwal dan tgl tolong fropesional lah...,negative,positive,medium,Positive (score:3.2)
4547,aplikasi ini sangat membantu apalagi dalam hal transfer mentrafer cepet banget aksesnya terima kasih gojek kau banyak me...,positive,neutral,medium,Neutral (score:0.0)
4555,lumayan membantu kalau lagi tidak ada disc jadinya mahal banget truss ongkos pas hari hujan juga mahal banget ya,negative,positive,high,Strong positive (score:5.2)
4558,selalu bisa diandalkan utk gojek n gofood sama go send hanya klo pesan gocar drivernya jarang yang mau turun buka pintu ...,neutral,positive,medium,Positive (score:2.0)
4563,gua kenapa jadi kesal lagi ya sama sistem go jek sekarang sebelum bagus up sudah mau pesen nih dari a ke c tarif rp k de...,positive,negative,high,Strong negative (score:-13.0)
4566,ongkir sudah mahal dan ditambah biaya layanan lainnya juga banyak banget makanan lbh murah dari ongkir dan biaya layanan...,neutral,negative,medium,Negative (score:-3.2)
4572,halloo admin kenapa uanh saya belum masuk juga ya sayq kemaren melakukan penarikan uang ke rek bank kali tapi belum juga...,negative,neutral,high,"Mixed sentiment (pos:2, neg:2)"
4575,rugi banget pake gojek plus juga yang ada cuma ngabisin uang sama saja kaya gojek biasa,neutral,negative,medium,Negative (score:-2.6)
4584,ini bagaimana ini massa mau upgrade ke akun plus saja dipersulit padahal aku sudah menggunakan identitas ktp asli massa ...,negative,positive,medium,Positive (score:3.9)
4589,sebenarnya gojek itu bagus cuman saya ganti nomor dan nomor ini sudah pernah di pakai untuk login gojek oleh pengguna se...,neutral,positive,medium,Positive (score:3.0)
4599,saya melakukan komplain tetapi tidak di hiraukan oleh servernya dikarenakan diskon saya hilang dalam waktu cuma beberapa...,negative,positive,medium,Positive (score:3.9)
4606,bagus dan sangat membantu promonya juga lumayan sayangnya ada oknum pengemudi yang tidak mau dibayar dengan gopay dengan...,positive,neutral,high,"Mixed sentiment (pos:1, neg:2)"
4607,kecewa banget padahal kemarin kemaren bisa tarik tunai langsung dri gopaynya sakrang nggk bisa padahal fiturnya dah bagu...,negative,neutral,medium,Neutral (score:0.0)
4610,sudah bagus dari sebelumnya namun ada kendala di upgrade akun jadi premium sudah mengikuti instruksi dan persyaratan yan...,positive,neutral,high,"Mixed sentiment (pos:1, neg:1)"
4611,dear atasan gojek dulu aku penggila dan pemakai app gojek saat masih di surabaya promosi gilaan diskon juga gilaa gratis...,neutral,negative,medium,Negative (score:-2.0)
4614,sangat puas dengan pelayanan gojek,positive,negative,medium,Negative (score:-3.9)
4615,sudah blnan ini gofood nya susah diakses alhasil lebih sering pake sh food setiap diakses selalu sedang ada perbaikan ka...,negative,neutral,medium,Neutral (score:1.0)
4619,drivernya selalu yang dapat jauh konsumen rugi di waktu kelamaan menunggu pengemudi kasihan kejauhan menjemput,neutral,negative,medium,Negative (score:-2.0)
4621,ini gopaylater nya kenapa ya dari kemarin gangguan terus di coba pakai tunai bisa tapi pakai gopaylater langsung ganggua...,negative,positive,medium,Positive (score:3.9)
4624,ini bisa di download atau tidak karena saya sudah capek cuma mutar mutar saja kalau ini aplikasi sudah tutup lebih baik ...,negative,positive,high,Strong positive (score:8.0)
4628,aplikasi ini terbaik dibandingkan competitor paling sat set tapi tidak juga pake gojek hemat dikasih motor tua yang kura...,positive,neutral,high,"Mixed sentiment (pos:1, neg:3)"
4629,sangat bagus mempermudah dalam memesan makanan maupun bertransaksi,positive,negative,medium,Negative (score:-3.9)
4637,makin lambat aplikasi ini ko makin tidak jelas kasih paylater sendiri limit di naikin bayar tepat waktu tau ada aktifita...,negative,neutral,high,"Mixed sentiment (pos:1, neg:2)"
4645,pas urgent di butuhin pagi tidak tersedia gara nominal pembayaran tidak gede bolak balik pesan nominal pembayaran malah ...,negative,positive,medium,Positive (score:2.6)
4655,sangat kecewa sama gojek padahal saya pengguna gojek dari dulu tapi akhi ini akun saya di bekukan tanpa keterangan pas p...,negative,neutral,high,"Mixed sentiment (pos:2, neg:2)"
4663,layanan yang belum di aplikasi gojek adalah belum ada fasilitas bagus up etoll,positive,negative,medium,Negative (score:-3.0)
4666,saya sudah langganan gojek khususnya goride selama bertahun tahun dari smp kelas sampai smk kelas sekarang selama ini sa...,negative,positive,high,Strong positive (score:7.8)
4669,aplikasi ini sangat bermanfaat dan sangat membantu mempersingkat bertransaksi perbankan fan commodity,positive,negative,medium,Negative (score:-2.6)
4679,menu gofood lengkap tapi kecewa banget sama harga ongkir lebih mahal dari harga makanan mending kalo jarak jauh,negative,neutral,high,"Mixed sentiment (pos:1, neg:1)"
4683,cara buat laporan permasalahan bagaimana ribet banget malah di arahkan ke bantuan,negative,positive,medium,Positive (score:3.2)
4694,lumayan kecewa sama performa apk kali ini,negative,neutral,medium,Neutral (score:-1.0)
4701,sangat lambat proses verifikasi untuk jadi gopay plus katanya jam sudah nunggu hari belum juga di verifikasi padahal unt...,negative,positive,medium,Positive (score:2.6)
4703,saya kecewa sama gojek saya pernah pengaduan gopay saya berkurang minta di balikin lagi eh tidak ada respon terus sekara...,negative,neutral,high,"Mixed sentiment (pos:2, neg:2)"
4708,sangat membantu dalam belanja online dan sangat mempermudah segala urusan efisien dan sangat mudah digunakan dan terjami...,positive,negative,high,Strong negative (score:-7.8)
4713,semoga cepat ditanggapi untuk penggantian pin gopay tolong dong verifikasi nya juga bisa lewat email susah banget saya y...,neutral,negative,high,Strong negative (score:-5.2)
4716,saya selalu mendapatkan pengalaman yang berharga dan memuaskan terutama untuk lokasi yang sering tepat terima kasih goje...,positive,negative,medium,Negative (score:-3.0)
4738,drivernya isinya preman tidak tanggung jawab nurunin penumpang sembarangan dikasih rating buruk datang bawa rombongan ma...,negative,positive,medium,Positive (score:3.0)
4739,sebetulnya sangat membantu tapi sekarang fiturnya tidak ada tarik tunai dan sering sekali jika melakukan transaksi terki...,positive,negative,medium,Negative (score:-3.8)
4743,aplikasi ini sangat membantu kalian yang banyak mengeluh tentang pengemudi ya itu kembali lagi ke drivernya bukan pihak ...,positive,negative,medium,Negative (score:-2.6)
4744,alhamdulillah aplikasi gojek ini sgt bgus semua bisa digojek aplikasi ini sgt trbntu buat masyarakat yang tnggal dipedal...,positive,neutral,high,"Mixed sentiment (pos:1, neg:1)"
4754,kenapa saya tidak bisa menggunakan go pay later padahal saya baru saja membayar go pay later bersama dengan denda nya ju...,positive,negative,high,Strong negative (score:-4.0)
4765,sejak tergabung dengan mab jadi berasa asing lebih bagus pake findaya buruk gojek sistemnya skrg sorry saya suka sama fi...,negative,positive,medium,Positive (score:2.0)
4768,awalnya coba lama nyaman akhirnya susah pisah kan kalo sudah nyaman tinggal nunggu jadian,positive,neutral,medium,Neutral (score:0.0)
4769,sudah bagus banget yang jadi masalah hari ini barusan saya d batal driver kasih peringatan dong jangan seenak nya saya b...,negative,neutral,medium,Neutral (score:1.3)
4772,saya tidak suka verifikasi link sangat merepotkan kode otp sudah cukup kuat kok gojek jagan bersifat pantang tak top dan...,negative,neutral,medium,Neutral (score:0.0)
4773,aplikasi sangat membantu tapi tolonglah itnya perbaiki jarak jemput jangan terlalu jauh kasian pelanggan nunggu lama dan...,negative,neutral,high,"Mixed sentiment (pos:1, neg:1)"
4776,gojek membawa saya ke tempat tujuan dengan aman nyaman dan selamat sukses selalu buat gojek dan para pengemudi nya,positive,neutral,medium,Neutral (score:1.3)
4782,good app sangat membantu,positive,negative,medium,Negative (score:-2.6)
4787,lambat banget hampir jam nunggu ada pengemudi tapi tidak ada padahal cuma gerimis doang bagaimana sih ini pelayanannya i...,negative,neutral,high,"Mixed sentiment (pos:1, neg:1)"
4788,ini bagaimana semenjak main suit kalau mau tf terima tf an tidak bisa ada tulisan tidak dapat menggunakan fitur ini trs ...,positive,negative,medium,Negative (score:-3.0)
4790,gara gara tidak bisa bagus up bsi saya harus repot repot kirim lewat bank dan akhirnya salah input dan gagal transaksi d...,neutral,negative,high,Strong negative (score:-6.0)
4793,ya nih gojek kenapa sering ngelag ya coba di perbaiki nanti kalau sudah aku tambah bintangnya,neutral,negative,medium,Negative (score:-2.0)
4802,jujur saya sangat senang sekali dengan kedatangan gopay di kantin aku meskipun status aku pembeli sebagai ob ditempat ke...,positive,neutral,medium,Neutral (score:1.6)
4803,transfortasi nya sangat mudah di dapat dan tepat dalam waktu pesan nya,positive,negative,medium,Negative (score:-2.6)
4806,jangan daftar plus nanti yang awalnya ongkir hemat ada jadi tidak ada malah jadi ongkir yang mahal mahal mana tidak ada ...,neutral,negative,high,Strong negative (score:-6.0)
4809,kirim gambar di chat lambat banget tidak jelas heran,negative,positive,medium,Positive (score:2.6)
4823,tolong lah kl pas saya pesan pengemudi nya harus dekat dengan resto biar pun ramai orderan kadang kl pesanan sudah ramai...,neutral,positive,medium,Positive (score:2.0)
4836,biar pembuatnya tau padahal jaringan saya bagus koneksi jga tapi kenapa otp nya tidak masuk perbaikan dulu gehh jadi rug...,positive,negative,high,Strong negative (score:-5.0)
4840,baru saja dapet voucher langsung ilang kecewa banget padahal saya ngasih bintang saya ganti bintang saja,neutral,negative,medium,Negative (score:-3.9)
4854,bagus aplikasi yang sangat membantu kecuali dalam jumlah harga belum bisa turun dari biaya penanganannya,positive,neutral,medium,Neutral (score:1.3)
4858,halo kak ini maaf banget ya aku kasih bintang satu soalnya bener capek dan trouble berhari hari awalnya senang banget pa...,positive,neutral,medium,Neutral (score:1.3)
4863,karena ongkir hemat banyak di batal dengan driver kl pengemudi tidak mau hemat kenapa tidak di nonaktifkan saja gocar he...,neutral,negative,high,Strong negative (score:-4.0)
4864,sangat membantu saat pandemi begini jadi bisa tetap makan makanan favorit walau pesannya dr rumah aja,positive,negative,medium,Negative (score:-2.6)
4868,tolong buat promosi atau voucher goride nya lebih banyak ya terus kalo yang sering pake goride mending kasih promonya bu...,negative,positive,medium,Positive (score:2.0)
4870,salah satu aplikasi yang terbaik tercepat dan juga ringan paket saya sampai dengan cepat excellent,positive,negative,medium,Negative (score:-2.0)
4871,banyak promonya sangking murah tiap hari ngecek makanan dan belanja susah klo disrh diet kalau ada gofood,positive,negative,medium,Negative (score:-2.0)
4878,enak dan cepat cuma harga ongkir nya lumayan agak mahal,positive,neutral,high,"Mixed sentiment (pos:2, neg:2)"
4879,untuk go car emang sih tarif nya murah tapi pengemudi mobil nya yang tidak ada susah banget di sini untuk nyari pengemud...,negative,positive,medium,Positive (score:2.6)
4884,terimakasih gopaygojek sangat baik dengan adanya aplikasi ini memudahkan kami dalam menggunakan berbelanja atau pembayar...,positive,negative,medium,Negative (score:-3.9)
4904,ongkir utk resto terdekat agak mahal,negative,neutral,medium,Neutral (score:1.0)
4908,saya sudah x daftar full service dan selalu ditolak padal foto ktp saya jelas tolong bantuannya saya sangat kecewa,negative,positive,medium,Positive (score:3.9)
4912,bagus dan sangat membantu bisalah promosi ongkir supaya lebih murah,positive,neutral,medium,Neutral (score:1.3)
4926,itu drivernya banyak yang pakai mood curang di kota surabaya tolong segera ditindak soalnya makin susah dapat driver sek...,negative,positive,high,Strong positive (score:6.4)
4931,mengapa tidak bisa menentukan sendiri vocer gofood mana yang ingin saya gunakan saya ingin mwngunakan vocer diskon namun...,positive,negative,medium,Negative (score:-3.0)
4936,aplikasi yang menyenangkan dan memudahkan untuk segala kebutuhan saya sangat senang dengan adanya gojek kapan dan di man...,positive,negative,high,Strong negative (score:-6.5)
4941,gopay later kenapa tidak bisa dipakai pesan gofood katanya lebih mudah sudah hari ini tidak bisa dipakai error mulu ah t...,positive,negative,high,Strong negative (score:-5.0)
4958,dengan gojek kita bisa pergi kemana saja dengan cepat dan untuk jarak jauh kita bisa menggunakan gocar kita dirumah kala...,positive,negative,high,Strong negative (score:-6.4)
4967,menggunakan aplikasi gojek ini memudahkan saya dalam beraktifitas mulai dari hendak bepergian mengirimkan pesanan custom...,positive,neutral,medium,Neutral (score:0.0)
4982,harga makanan suka tiba jadi naik sebelum dibayar dan voucher potongan go food tiba jadi hilang kalau mengulang pesanan ...,positive,negative,medium,Negative (score:-2.0)
4986,saya rasa pengemudi dan penjual makanan belum tahu sistem diskon go food di gojek saya langganan go food plis bebas ongk...,negative,neutral,medium,Neutral (score:-1.0)
4989,sangat membantu memperlancar transfortasimempercepat pekerjaan,positive,negative,medium,Negative (score:-2.6)
4993,tepat waktu menjemput umum nya semua pandai memilih rute cepat tanpa macet,positive,neutral,medium,Neutral (score:0.0)
4998,pasti pengguna gojek sekarang pernah ngalami akun tiba pesan sendiri saat pilih menu gofood saat jaringan lemah maps hil...,negative,positive,medium,Positive (score:2.0)
5005,wooy ini bagaimana sih mau kasih tip pengemudi pas sudah selesai malah tidak bisa bisa nya pas pesanan belum selesai jad...,positive,negative,medium,Negative (score:-3.0)
5015,sangat membantu buat aku yang tidak bisa motoran karena ada bocil dan mager klo suruh beli makan keluar,positive,negative,medium,Negative (score:-2.6)
5021,sangat kecewa saya tidak akan menggunakan akun gojeg lagi berawal dari bonus paylater tapi akhirnya saya disuruh membaya...,negative,positive,medium,Positive (score:3.9)
5025,saya tidak sengaja pesan dan sudah sempat tekan pembatalan namun pesanan tetap berlanjut dan pembatalan tidak bisa dilak...,positive,negative,medium,Negative (score:-2.6)
5033,sangat membantu saat di beri voucher belanja dan gofood semoga sering di beri voucher mantabb,positive,negative,medium,Negative (score:-2.6)
5048,aplikasi gofood makanannya sangat lambat di antar pengemudi dapat pesanan food saya dapat giliran terakhir di antar data...,negative,neutral,medium,Neutral (score:0.0)
5055,mohon perbaiki kinerja gps sangat susah ketika compare titik alamat rumah saya untuk data tq,negative,positive,medium,Positive (score:3.2)
5074,aplikasi gofoodnya sekarang ada mode hemat mode instan milih mode hemat makanan nya lambat sampai mending jalan sendiri ...,positive,neutral,high,"Mixed sentiment (pos:1, neg:1)"
5078,gojek makin kemari ongkirnya makin mahal padahal jarak yang dipesan kerumah cukup dekat dan sering gofood di gojek tapi ...,neutral,negative,medium,Negative (score:-2.0)
5086,saya sangat suka banget sama aplikasi ini jadi kalau kemana mana tidak perlu nungguin angkot atau ojek kita bisa pesen a...,positive,negative,medium,Negative (score:-3.2)
5106,xiaomi redmi gabisa buat verifikasi ktp buat upgrade go pay bingung ini cs nya tolong cepat balas,neutral,positive,medium,Positive (score:2.0)
5111,ini kenapa sih saya tidak dapet kode otp nya padahal nomernya sudah bener saya bahkan isi pulsa karena takut karena puls...,negative,positive,medium,Positive (score:2.0)
5112,pelayanan sangat bagus sekali cepat pengantar sangat ramah pokoknya puas dech,positive,negative,high,Strong negative (score:-16.0)
5117,terima kasih gojek karena sudah memberi banyak sekali vocher sehingga sangat membantu semoga kedepan ny bisa di tambah i...,positive,negative,medium,Negative (score:-3.2)
5134,saya sangat kecewa dengan gopay saya sudah coba buat upgrade gopay ke gopay plus tidak bisa sudah x an saya coba dan sya...,negative,positive,high,Strong positive (score:7.8)
5140,kenapa gofod sekarang tidak bisa kasih rating bkin resto semena semena smbarangan komplain tidak bisa kasih rating tidak...,negative,positive,medium,Positive (score:3.0)
5142,jujur saja secara uiux enak yang lama tampilan menu langsung di depan jadi tidak perlu cari cari mana gosend mana go yan...,positive,negative,medium,Negative (score:-2.0)
5146,aplikasi yang sangat bermanfaat bagi saya karena sangat membantu dalam kegiatan keseharian saya,positive,negative,medium,Negative (score:-2.6)
5150,aplikasi nya sangat bagus mudah menggunakan nya terimakasih gojek dan banyak potongan harga juga,positive,negative,high,Strong negative (score:-6.5)
5153,haduh tidak usah ada fitur isi emoney deh kalo status sukses tapi saldo tidak masuk mah padahal sudah email sudah kirim ...,negative,neutral,high,"Mixed sentiment (pos:1, neg:1)"
5159,ada armada mobil terbaca di peta tapi pada tidak mengambil pesanan mengsedih hampir semua pengemudi dengan enaknya meng ...,negative,positive,high,Strong positive (score:4.0)
5163,segala sesuatu lebih mudah dengan gojek,positive,negative,medium,Negative (score:-2.0)
5166,aplikasi baru di perbarui malah suka brenti layanan nya padahal lagi pesan gofood pesanan an yolanda gara gara brenti se...,negative,neutral,medium,Neutral (score:-1.0)
5181,mudah di gunakan sangat puas bagus,positive,negative,high,Strong negative (score:-5.2)
5184,scan kode qr sangat buruk susah membaca barcode qr tidak ada pilihan transfer ke rekening bank kalau bukan karena kebutu...,negative,positive,high,Strong positive (score:6.5)
5187,sempat uninstall gojek lalu install lagi tapi waktu login selalu pemberitahuan internet mati sudah dihapus dan install u...,negative,positive,medium,Positive (score:2.0)
5189,suka eror aplikasinya jadi mls makenya,neutral,positive,medium,Positive (score:2.0)
5191,gojek ini kan aplikasi untuk mempermudah masyarakat tapi makin kesini kenapa makin banyak biaya aneh yang tidak masuk ak...,negative,positive,medium,Positive (score:2.0)
5196,sejauh ini pake gojek mau pesan goride atau gofood tidak pernah ngecewain sih dari segi aplikasi juga lancar lancar aja ...,positive,negative,high,Strong negative (score:-4.0)
5203,semoga kedepannya lebih praktis harga lebih murah dng ojol lain,positive,negative,medium,Negative (score:-2.0)
5210,pesanan sudah diset aplikator jadi pesanan tidak fair yang gacor jam tupo yang anyeb trip saja susah setengah mati kadan...,positive,neutral,medium,Neutral (score:1.0)
5212,kurang promosi pengguna gratis,positive,neutral,medium,Neutral (score:-1.0)
5228,walau untuk sekarang promonya tidak banyak tetapi penanganan masalah oleh gojek ini sangat bagus sedikit cerita saya per...,positive,negative,high,Strong negative (score:-6.5)
5235,tolong aplikasi gojek saya pakai alamat yang sudah clear malah berubah saat pesan goridegofood di perbaiki lagi aplikasi...,negative,positive,medium,Positive (score:3.9)
5237,tolong dong kepada cs kalau mau ngejar waktu naik kereta di lihat dulu kalau posisi macet harus ngerti jangan minta ngeb...,positive,negative,medium,Negative (score:-2.6)
5249,tingkat kan lagi aplikasi nya saya pernah batalkan pengemudi go car karena mobil yang saya mau tidak sesui tapi sangat s...,negative,positive,high,Strong positive (score:5.2)
5250,dari kemarin mo pakai aplikasi tidak bisa terus sudah update versi tetep saja loading terus aplikasi tidak bisa dibuka p...,negative,neutral,medium,Neutral (score:0.0)
5254,kenapa saya ngisi gopay tidak masuk dan saldo masih blum nambah juga padahal sudah komplain juga lewat emailnya tapi gad...,neutral,negative,medium,Negative (score:-3.0)
5257,tidak sekamanya harus menggunakan jln tol klau hamya daerah cinangka ke bsd lumayan tolnya mahal,negative,neutral,medium,Neutral (score:0.0)
5260,sangat ramah sekali n baik banget trus ahli arah navigasi arah navigasi arah,positive,neutral,medium,Neutral (score:1.9)
5264,aplikasi sangat membantu apalagi bekerja sama dengan tokopedia jadi gampang membayar dan pengantaran barang,positive,negative,medium,Negative (score:-3.9)
5265,tidak bisa mengubah pin saya sudah memperbarui pin gopay saya melalui lupa pin lalu saat saya coba di ganti pin terdapat...,neutral,positive,medium,Positive (score:2.6)
5266,good selama ini aplikasinya lancar dan jarang ada gangguan pengemudi nya juga baik baik sopan dan tidak macem macem,positive,negative,high,Strong negative (score:-4.0)
5269,pengemudi sekarang kalo antar makanan lamaa banget menit itu kelamaan tau kalo di luar negeri sudah gratis kalo sampe se...,neutral,negative,medium,Negative (score:-2.6)
5292,sangat membantu hanya saja untuk chat nya sering tertunda sehingga komunikasi agak terganggu mohon ditingkat lagi kualit...,positive,neutral,high,"Mixed sentiment (pos:1, neg:1)"
5297,harga bagus tolong lebih tingkatkan maps nya,positive,negative,medium,Negative (score:-3.0)
5298,aplikasi yang sangat keren sangan membantu fan mudah di gunakan proses cepat dan mudah ok,positive,neutral,medium,Neutral (score:1.3)
5301,saya bayar gojek plus biar dapat promo tapi malah tidak dapat promosi potongan makanan tidak semua resto potongan ongkir...,positive,negative,high,Strong negative (score:-4.0)
5307,sangat membantu untuk setiap kebutuhan baik transportasi makanan dll,positive,neutral,medium,Neutral (score:1.3)
5309,baguss walau kadang pas pesen gocar maps titik jemput nya tidak sesuai kadang malah masuk ke daerah yang ada di sebelah ...,negative,neutral,medium,Neutral (score:-1.0)
5310,tolong kasih waktu menit untuk konfirmasi pesanan dari consumer pencet oke dari consumer sendiri yang butuh tambahan pes...,positive,neutral,medium,Neutral (score:1.3)
5315,sering sering saja diskon klo tidak diskon naujubile mahal jadi klo tidak diskonan si gojek bukan pengganti alat transpo...,negative,positive,medium,Positive (score:2.0)
5316,petanya tidak jelas dan tidak sesuai waktu lambat dan tidak teratur,negative,positive,medium,Positive (score:2.0)
5317,kenapa belakangan aplikasinya suka error ya aplikasi tidak menanggapi lah tau keluar sendiri lah tolong dong dibenerin j...,negative,positive,medium,Positive (score:2.0)
5322,setelah di upgrade gopay later tidak bisa diaktifasi pdhal sebelumnya baik saja in bagaimana sih sedikit kecewaa,neutral,negative,medium,Negative (score:-3.0)
5323,tolong buat aplikasi saya pesan hemat suka dapet motor yang besar kebanyakan pengemudi memakai plat nomer tidak sesuai d...,positive,neutral,medium,Neutral (score:0.0)
5328,makasih gojek sesering mungkin ya kasih promosi nya hehehehehe,neutral,positive,medium,Positive (score:2.0)
5332,fitur paylater sama seperti rentenir iklannya di tv bilang bukan riba tapi kenapa terlambat bayar tetap kena denda berli...,negative,positive,medium,Positive (score:3.0)
5335,saya selalu naik gokar setiap kali bepergian dan bagi saya adanya transportasi gokar sangat membantu aktivitas saya teri...,positive,negative,medium,Negative (score:-2.6)
5344,aplikasi yang sangat membantu dalam kebutuhan saya dan bergaransi bila ada kesalahan dlm pesanan oleh restoran atau toko...,positive,negative,high,Strong negative (score:-6.4)
5349,aplikasi yang sangat membantu,positive,negative,medium,Negative (score:-2.6)
5351,sangat membantu dan aman,positive,negative,medium,Negative (score:-2.6)
5359,pelayanan ganti no nya lama gak bisa login juga via email kalau no lamanya hangus tolong dikembangkan lagi katanya sudah...,negative,positive,medium,Positive (score:2.0)
5365,tolong ya jangan gampang percaya sama yang melaporkan penipuan saldo saya yang awalnya sekarang di blokir saya saja tida...,negative,neutral,medium,Neutral (score:-1.0)
5368,kenapa harus ada biaya pesanan lagi voucher nya kalo bayar cash tidak bisa di pake terus kadang kalo pesan gocar sudah d...,neutral,negative,medium,Negative (score:-2.0)
5382,slalu gagal upgrade premium padahal ktp baru bikin loading menu lambat sinyal datawifi padahal bagus buka app lain lanca...,negative,neutral,medium,Neutral (score:0.0)
5397,semakin lambat apl ini semakin mahal dan tidak mendapatkan voucher untuk go ride tolong beri diskon seperti dulu diskon ...,positive,negative,high,Strong negative (score:-7.8)
5400,sangat membantu disaat bepergian pesan makan disaat sibuk berkendara dengan aman dan nyaman,positive,negative,high,Strong negative (score:-5.2)
5405,saya kurang suka sekarang harga gojek naik tapi ke pengemudi tidak sesuai dengan yang dibayar penumpang kasihan driver t...,negative,neutral,high,"Mixed sentiment (pos:2, neg:3)"
5410,bagus dan sangat membantu pandai kita menggunakan teknologi,positive,neutral,medium,Neutral (score:1.3)
5412,sangat membantu dan praktis tapi sayang gopay later saya di blokir sampai bulan dan tidak di buka buka juga sampai saat ...,positive,negative,high,Strong negative (score:-5.2)
5418,ni kenapa si aplikasi nya tidak bsa error mulu dibilang sruh nyalain aplikasi padahal sudah nyala sudah coba berbagai ca...,negative,positive,medium,Positive (score:2.0)
5421,sebenernya oke sih apk nyaa sangat membantu tpi kenapa yaa setiap gofood pasti ongkir nyaa kadang seharga sama makanan n...,positive,neutral,medium,Neutral (score:0.0)
5422,kenapa sekarang lambat sekali muncul fitur gopaylaternya pdahal saya sudah selalu pakai gopay dan isi gopay bahkan untuk...,positive,negative,medium,Negative (score:-2.6)
5427,aplikasi canggih ini sangat bermanfaat buat saya pribadi selain responsnya yang sangat cepat terlebih saya dapat membant...,positive,neutral,medium,Neutral (score:0.0)
5431,bagus up gopay rb jam baru masuk sangat kecewa padahal selama ini pakai gojek terus cs slow respons,neutral,positive,high,Strong positive (score:7.8)
5437,aplikasi yang bagus tetapi mohon diperbaiki promosi gofoodnya karena terkadang error dan tidak bisa digunakan terimakasi...,positive,neutral,high,"Mixed sentiment (pos:1, neg:1)"
5453,saya tidak dapet pengemudi lambat banget,negative,positive,medium,Positive (score:2.6)
5458,drivernya ramah semua waktu penjemputan juga cepat sikap serta keamanan dalam mengemudi juga baik terbaik dah,positive,negative,high,Strong negative (score:-6.0)
5484,sangat membantu tapi kecewa karena suka eror,neutral,positive,medium,Positive (score:3.9)
5486,sangat di rekomendasikan untuk uninstall aplikasi estimasi mnt tapi sudah lebih mnt estimasi tidak berubah tetap mnt pad...,negative,neutral,high,"Mixed sentiment (pos:1, neg:1)"
5500,mempermudah semua transaksi mudahan kedepanya lebih bagus dengan bisa naikan limit paylaters karena sangat membantu bngt,positive,neutral,medium,Neutral (score:1.3)
5504,apk ini sangat membantu memberikan fasilitas yang nyaman saat di perjalanan dan ya kalian bisa dengan mudah mendapatkan ...,positive,negative,medium,Negative (score:-2.6)
5505,wat saya si da sangat bagus ya aplikasi gojek sangat membantu w juga sering dapet diskonan harga tu dan semua ny real,positive,negative,high,Strong negative (score:-6.5)
5510,memudahkan dan sangat membantu aktivitas dan pengiriman barang terutama saat musim hujan,positive,negative,medium,Negative (score:-2.6)
5512,masih banyak rute memutar yang bikin harga naik padahal jalan tidak arah makin mahal bisa kali lipat di jam kosonglongga...,negative,positive,high,Strong positive (score:5.0)
5521,sangat bermsnfaat tetapi harga juga terlslu mahal dan jangan pelit promosi,negative,positive,medium,Positive (score:2.6)
5528,sangat membantu dan memudahkan saya belanja tanpa harus keluar desa saat pandemi ini di desa saya tidak boleh keluar jad...,positive,negative,high,Strong negative (score:-5.2)
5532,saya pernah salah kirim tip dan tidak bisa di batal,negative,positive,medium,Positive (score:2.0)
5533,saya sangat kecewa pda gopay saya pengguna gopay tapi beberapa kali ini saya tidak pernah mendapartkan cash back padahal...,negative,positive,medium,Positive (score:3.9)
5541,sangat membantu mungkin harus lbih di tingkatkan lagi kualitasnya spya lbih canggih ok,positive,neutral,medium,Neutral (score:0.0)
5542,gojek siaalaan bbrp kali bagus up masuknya lambat bgt kadang sudah pesan tiba dicancel org sudah nunggu lama kadang juga...,negative,positive,high,Strong positive (score:10.4)
5544,apaan sekarang gojek mahal entah itu dri transpot food dan gosen dan diskon nya jarang mending pilih grab saja lebih mur...,positive,negative,medium,Negative (score:-2.0)
5552,sikap pengemudi sangat sopan dan sangat membantu menurunkan barang bawaan saya terima kasih orang baik,positive,neutral,medium,Neutral (score:1.3)
5562,sangat memuaskan pelayanannya dan ramah,positive,neutral,medium,Neutral (score:-1.3)
5563,gojek sedang saya uninstal ongkir nya tidak masuk akal banget masa saya mau pesan goofud yang yang harga nya rb ongkir n...,negative,neutral,high,"Mixed sentiment (pos:1, neg:1)"
5577,saya sudah dua kali cancle tapi pesannya malah keterima sama driver kadang suka eror pula,neutral,positive,medium,Positive (score:2.0)
5578,tolong ditingkatkan browser go foodnya soalnya mau cari restoran menu gofoodnya suka hilang sendiri masih jauh kualitas ...,negative,positive,medium,Positive (score:2.0)
5582,sangat membantu kalau mau bepergian atau belanja online,positive,negative,medium,Negative (score:-2.6)
5583,sangat membantu sekali tingkatkan terus pelayanannya,positive,negative,medium,Negative (score:-3.2)
5594,gopay bagus dah ui nya seger dan enak di pandang bahasa pengantar nya sangat ramah dan mudah di mengerti,positive,neutral,medium,Neutral (score:-1.3)
5595,aplikasi yang sangat bagus dan sangat membantu tapi tolong dong kembangin lagi dan bisa menjangkau seluruh wilayah di in...,positive,negative,high,Strong negative (score:-6.5)
5599,aplikasi yang sangat membantu untuk segala kegiatan aplikasi mudah utk digunakan dan banyak promosi menarik yang bisa ki...,positive,neutral,medium,Neutral (score:-1.3)
5609,sangat membantu dan makin kesini makin luamaa anternya,positive,negative,medium,Negative (score:-2.6)
5617,selamat malam barusan saya mau pesan makanan belum di klik pesan tb toko sudah siapin makanannya mau d batal jg gabisa p...,negative,neutral,medium,Neutral (score:1.3)
5619,sangat membantu sekali aplikasi ini,positive,negative,medium,Negative (score:-3.2)
5621,mungkin yang kurang enak di gojek karena tarifnya berubah padahal baru ngecek buat nanti ehh sudah beda ada tarifnya mis...,positive,neutral,medium,Neutral (score:-1.0)
5626,nyaman sih pake bayar pulsa ama tagihan pakai gojek tapi saranku biaya admin dikurangi biar pengguna gojek tidak mengelu...,positive,neutral,high,"Mixed sentiment (pos:1, neg:1)"
5632,kenapa tombol pembatalan pemesanan go food tidak ada ya saya kurang suka seperti ini masalah nya yang sudah di pesan tid...,negative,neutral,medium,Neutral (score:1.0)
5634,saya beli tiket di go transit lewat gopay sudah kali beli tiket kereta dari stasiun bekasi ke stasiun rangkasbitung tida...,negative,neutral,high,"Mixed sentiment (pos:2, neg:2)"
5636,sekarang antar paket lewat gosend lambat penanganan nya tidak seperti sebelum nya cepat penanganan nya tolong di perbaik...,neutral,negative,high,Strong negative (score:-4.0)
5637,pengemudi tidak pernah mengecewakan ramah selalu sesuai pesanan,positive,neutral,medium,Neutral (score:1.0)
5643,mengecewkan cuma pengen cek harga saja gabisa pesan pun lemot balasan cek koneksi internet padahal internet tidak ada ma...,negative,positive,medium,Positive (score:2.0)
5647,sangat bagus dengan aplikasi ini ketika saya lapar bisa tinggal langsung pesan pakai go food jadi tidak ribet lagi deh,positive,neutral,medium,Neutral (score:-1.6)
5649,sangat membantu saya sekali dlm belanja kirm barang pesen barang mudah sudah tu ongkirnya murah n tidak ribet sukses trs...,positive,neutral,medium,Neutral (score:-1.9)
5653,sangat kecewa dengan harga yang drastis naik secara tiba tiba padahal tujuan nya sama yang biasanya sekarang kalo kayak ...,negative,positive,high,Strong positive (score:6.5)
5656,lbih byk memuaskan meski terkadang pengemudi main batal pesanan belum lagi yang susah dihubungi sy tidak keberatan klo k...,negative,neutral,medium,Neutral (score:1.0)
5659,bagus sangat membantu cuma ada masukan sedikit coba adain sistem pulang pergi buat yang cuma sebentar saja keluarnya jad...,positive,neutral,high,"Mixed sentiment (pos:1, neg:1)"
5664,aplikasi sangat bagus penyelesaian masalah sangat cepat ditanggapi terimakasih banyak akun saya yang sebelumnya kena sus...,positive,negative,high,Strong negative (score:-6.5)
5675,aplikasi bagus sangat membantu jadi alternatif transportasi buat mengantar tepat dan cepat ke tujuan,positive,neutral,medium,Neutral (score:-1.3)
5680,makin kesini makin kecewa sama app gojek resto yang jelas cuma sekilo dari rumah berubah jadi kiloan naikin ongkir tidak...,neutral,negative,medium,Negative (score:-3.0)
5683,perbaiki aplikasi chat nya deh susah banget kalo selemot ini padahal koneksi jaringan lancar bikin salah paham dengan pe...,positive,negative,high,Strong negative (score:-5.2)
5692,sangat membantu sekali hemat waktu nbisa ngerjakan yang lainya trims gojek,positive,negative,medium,Negative (score:-3.2)
5693,padahal baru daftar sudah diminta masukan go to pin saya mana tau go to pin nya berapa jadi menurut saya aplikasi ini me...,negative,positive,medium,Positive (score:2.6)
5695,aplikasi ini sifatnya membantu belum ada kendala berarti selama memakai aplikasi ini kecuali saat pengemudi akan pick up...,negative,positive,high,Strong positive (score:4.0)
5700,aplikasi ini sangat membantu dan fiturnya juga bagus kemarin saya upgrade ke gopay plus alhamdulillah lumayan cepat x ja...,positive,neutral,medium,Neutral (score:-1.3)
5701,aplikasi ini sangat membantu tapi kenapa di hp kakak saya sering force close setelah dicek ternyata versi update an terb...,positive,negative,medium,Negative (score:-2.6)
5705,agak kecewa sama gojek kemaren fitur paylater sudah bisa dipakai di akunku selama hampir setahun eh tau taunya di blokir,negative,positive,medium,Positive (score:2.0)
5716,saya sudah pengguna gojek begitu lama baru kali ini saya sangat kecewa berat saya tf ke gopay dengan jumlah besar gopay ...,negative,neutral,high,"Mixed sentiment (pos:1, neg:1)"
5719,aplikasi ini emang bagus tapi kadang suka macet dan ngaco kadang saya suka kesal,positive,negative,medium,Negative (score:-2.0)
5729,mudah diakses tapi saya menggunakan aplikasi punya teman kalau download sendiri ko susah sudah dicoba ulang tapi tidak b...,positive,neutral,high,"Mixed sentiment (pos:1, neg:1)"
5733,pada tgl saya mendapat kiriman jt di akun bank saya utk go pay dari gojek dan saya jg menerima sms dr gojek uangku dan s...,neutral,positive,medium,Positive (score:3.0)
5740,seandainya tidak ada bug sama aplikasinya bakalan ngasih bintang aplikasi suka keluar sendiri kadang juga suka membuka s...,neutral,negative,high,Strong negative (score:-5.2)
5747,untuk pengemudi nya di tinggkat kan lagi ya jadi tidak cuma di kota saja yang banyak pengemudi semoga di plosok juga soa...,negative,neutral,medium,Neutral (score:-1.0)
5755,saya naik gokar harga pas klik pesan gokar setelah sampai mau bayar harganya berubah lebih mahal beda harga rb mohon dic...,negative,positive,medium,Positive (score:2.0)
5760,gmna si ini customer service nya gabisa dihubungi terus lagi darurat malah susah di hubungin dibanyakin dong customer se...,negative,neutral,medium,Neutral (score:0.0)
5763,aplikasi makin kesini makin sering eror apalg klo pake goridegocar pengemudi dimap nya deket eh dapetnya suka jauh keban...,negative,positive,medium,Positive (score:2.0)
5775,selalu terbantu dengan pelayanan yang memuaskan,positive,negative,medium,Negative (score:-3.0)
5780,kenapa sekarang point gopay sedikit banget pilihan reedem nya dan tidak ada pilihan tukar poin dengan voucher gofood or ...,neutral,negative,medium,Negative (score:-3.9)
5783,sangat bagus cepat lumayan ramah selama yang aku dapat tukang gojek nya tidak menyiakan waktu,positive,negative,high,Strong negative (score:-6.5)
5786,lagi ngapa ngapain jadi gampang karena gojek bagus,positive,negative,high,Strong negative (score:-4.0)
5787,tim gojek aneh ya dapat voucher gofood tpi tidak bisa di gunaiin alasan nya gagal di gunakan pdhal bru pembaruan aplikas...,neutral,negative,medium,Negative (score:-3.0)
5792,ketika pesan gofood makanannya tidak ada dan diganti menu lain dengan harga yang lebih murah seharusnya saldo gopay yang...,positive,negative,medium,Negative (score:-3.0)
5807,bagi saya sangat membantu banget di saat kesibukan kita di di rumah di kantor dan di mana saja sangat membatu kita dan p...,positive,neutral,medium,Neutral (score:1.9)
5809,aplikasi yang sangat membantu saya dan sangat bermanfaat upgrade ke premiumnya juga mudah,positive,negative,high,Strong negative (score:-5.2)
5813,bermanfaat sih cuma buat gofood nya kurang saja gitu,positive,neutral,medium,Neutral (score:-1.0)
5814,kalau lagi mager sangat membantu nich aplikasi saran perbanyak diskonnya alias sering saja sayang ongkos aplikasi dibeba...,positive,negative,medium,Negative (score:-2.6)
5816,aplikasi sangat buruk sebelum update ini saya gampang transfer uang ke penjual akun game tapi sekarang jadi susah sudah ...,negative,positive,high,Strong positive (score:4.8)
5823,servernya jelek selelu lost connettion padahal sinyal aman saja buat aplikasi laen semoga pihak developer segera memperb...,neutral,negative,medium,Negative (score:-3.0)
5829,sangat membantu sekali dan harganya pun terjangkau sekali,positive,negative,medium,Negative (score:-3.2)
5832,alhamdulillah bagus cuma sekarang kalau gofood tidak bisa di cancel,neutral,positive,medium,Positive (score:3.0)
5837,terimakasih gojek apalikasi ini sngat membantu bgi kaum kmi yang tidak bisa naik motor bisa kmn bisa jajan apa aja jd ti...,positive,negative,medium,Negative (score:-2.0)
5844,terimakasih gojek aplikasi ini tidak hanya membantu dalam pesan online tapi bisa juga untuk pembayaran terlebih saat ini...,positive,negative,high,Strong negative (score:-5.2)
5845,ampun sama koneksinya jaringan internet bagus tpi aplikasi koneksinya lemot apalagi klo hujan ammpunn minta tolong diper...,neutral,negative,high,Strong negative (score:-5.0)
5852,sekarang gopay later nggax bisa di gunakan lagi padahal sangat membantu sekali adanya gopay later untuk berbelanja di to...,positive,negative,medium,Negative (score:-3.2)
5853,aku pengen kasar rasanya ya akunku kena blokir dah beberapa kali karena melakukan cancel he dibaca dong di deskripsinya ...,negative,neutral,medium,Neutral (score:0.0)
5855,sangat suka pa lagi lok anak pngen makanan apa tidak prlu kluar sangat mmbantu sukses sll,positive,negative,high,Strong negative (score:-6.5)
5858,maaf bintang dulu saya kecewa sudah dua bulan saya tidak mendapatkan voucher cashback maksimal rp di level sultan saya s...,positive,negative,high,Strong negative (score:-6.0)
5869,akun saya tidak bsa msuk lagi kenapa ko bsa atau karena kemarin saya sering nge cancel maaf ya kalau saya tidak d suruh ...,negative,neutral,medium,Neutral (score:-1.0)
5885,jek saya mohon perbaikilah pasa sistem gosend ongkos tuh harus nya gosend yang lebih mahal dikarenakan pengemudi tuh suk...,positive,neutral,medium,Neutral (score:0.0)
5887,agak kesal kalau apk gojek selalu padat mana lagi butuh banget pesan pesanan,negative,positive,medium,Positive (score:2.6)
5888,sangat membantu sekali buat kebutuhan mendadak,positive,negative,medium,Negative (score:-3.2)
5904,estimasi tidak tepat waktu kalo emg gada pengemudi ya tolong sediakan pembatalan pesanan jadi tidak nunggu lebih lambat,negative,positive,medium,Positive (score:2.0)
5905,sangat mantap dan bisa mendapatkan pesanan makanan maupun berpegian dengan lancar ditambah promosi dan pengemudi gojek y...,positive,negative,high,Strong negative (score:-6.4)
5913,pakai paylater untuk isi pulsa buat beli kuota simpati pada tgl agustus pukul karena saya br dapat notif dr simpati masa...,negative,neutral,medium,Neutral (score:-1.0)
5917,fitur berita gosip terlalu banyak sangat tidak efisien,neutral,negative,medium,Negative (score:-2.6)
5930,masaan selalu timbul bacaan tenng silahlan coba nanti sedangkan setelah ditunggu berapa jam kemudian dan dicoba lagi tet...,negative,positive,medium,Positive (score:3.9)
5933,aplikasinya memuaskan dan sangat membantu disaat kita sedang ingin berpergian secara mendadak pokonya sangat membantu,positive,neutral,medium,Neutral (score:-1.3)
5939,sangat membantu dan selalu tepat waktu,positive,negative,medium,Negative (score:-2.6)
5940,sangat mengecewakan upgrade gopay plus dr tgl agustus sampai saat ini tidak bisa keterangannya lagi diproses saya sudah ...,negative,positive,medium,Positive (score:3.9)
5942,sering mengalami macet pada aplikasi atau bug sinyal padahal sinyal bagus saya pernah kehilangan sinyal dan lagi memesan...,negative,positive,high,Strong positive (score:5.0)
5945,dengan adanya gojek sngat membantu klw sdg buru semangat trus bpa pengemudi gojek,positive,negative,medium,Negative (score:-2.0)
5953,aplikasi yang sangat membantu untuk keperluan,positive,negative,medium,Negative (score:-2.6)
5955,kepada yang terhormat yang membuat aplikasi go jek saya mau tanya kenapa beda ya uang yang di terima sama pengemudi goje...,positive,negative,medium,Negative (score:-2.0)
5956,di update malah apli sering ngelag pesanan pengemudi juga jadi lambat dan map tidak akurat pengemudi sering reject pangg...,negative,positive,medium,Positive (score:2.0)
5961,paylater pinjaman besar malah susah di gunainya enakan dulu tingal klik bli pulsa sudah klo sekarang ya ampun mau gunai ...,negative,neutral,high,"Mixed sentiment (pos:1, neg:2)"
5962,selama makai pemesanan bagus tapi kalau go club tidak bisa diklik mending hapus aja dapet notif harta karun tidak bisa m...,neutral,positive,medium,Positive (score:3.0)
5982,kenapa buat bagus up game mahal amat tolong di perbaiki,neutral,positive,high,Strong positive (score:6.5)
5986,sangat bermanfaat n membantu sih aplikasi ini dan sering juga dpt promosi potongan harga baik jasa transport maupun deli...,positive,negative,high,Strong negative (score:-9.6)
5990,aplikasi bagus tapi sayang no rekening yang di aplikasi tidak bisa di hapus,neutral,positive,medium,Positive (score:3.0)
5991,kami mohon kepada aplikasi ini segera buka blokir dari dasar apa kalian melakukan transaksi kami masih hal wajar saja to...,positive,negative,medium,Negative (score:-2.0)
5993,membantu sekali tpi hari ini eror saat pemesanan alamat tujuan tiba berubah padahal saya tidak merubahnya pemesanan pert...,negative,neutral,medium,Neutral (score:-1.6)
5996,sangat mengecewakan habis bagus up ribu besoknya saldo terblokir dan tidak dapat di gunakan kembali sudah lapor sanan si...,positive,neutral,high,"Mixed sentiment (pos:2, neg:2)"
6007,aplikasinya sangat membantu tapi dikasih drivernya jauh banget padahal taripnya naik terus mulai merasa kesal,positive,negative,high,Strong negative (score:-8.0)
6011,min admin bagaimana kenapa makin buruk bagus up dari tanggal agustus saldo masih belum bertambah masalah teknis alasanny...,negative,positive,medium,Positive (score:3.9)
6016,isi gopay dari juli gamasuk cs buruk sekali gada kejelasan tidak membantu customer,negative,neutral,medium,Neutral (score:1.3)
6021,saya punya usul tambahin go fix biar kalau ada yang rusak atau kendaraan yang mogok bisa dibenerin gitu makasih kak,negative,neutral,medium,Neutral (score:-1.0)
6024,sangat membantu sekali cuma tarif nya sering berubah mahal biasa nya ribu jadi ribu,positive,negative,high,Strong negative (score:-6.4)
6027,apl sengat membantu sekali,positive,negative,medium,Negative (score:-2.6)
6029,adakan pilihan rute lewat jalan utama atau tol biar tidak rutenya muter jauh biaya tol bagaimana apakah ditanggun pengem...,neutral,positive,medium,Positive (score:2.0)
6030,saya pengguna gojek cukup kecewa di karnakan voucher saya pada hilang semua tidak tau karena apa tibahilang begitu saja ...,neutral,negative,medium,Negative (score:-3.0)
6031,aplikasi yang sangat membantu alangkah sempurna aplikasi ini jika pada gofood tidak hanya pengemudi sj yang dikasi penil...,positive,negative,high,Strong negative (score:-6.5)
6033,sangat membantu utk kebutuhan beli online dan transaksi dana melalui gopay,positive,negative,medium,Negative (score:-2.6)
6053,agak kecewa sih jadi aku ngasih komplain karena tidak bisa ubah limit gopaylater eh laporannya malah ditutup,negative,positive,medium,Positive (score:2.0)
6061,ribet banget mau tf duit ke akun yang nya saja harus upgrade ke gopay plus sudah gitu akun cuman id sudah gabisa tf duit...,negative,positive,high,Strong positive (score:5.7)
6062,masih kurang mendekatkan jarak antara penumpang dan driver yang nyantol bisa lebih dari km nunggunya kelamaan mohon dipe...,negative,neutral,medium,Neutral (score:-1.0)
6063,bagaimana sih pembayaran apapun tiap pake qris suka susah kalau emg hp nya yang eror mungkin pake qris lain juga bakal g...,negative,neutral,high,"Mixed sentiment (pos:1, neg:1)"
6064,semoga lancar d perjalanan sukses selalu,positive,neutral,medium,Neutral (score:1.0)
6072,buruk sekali gopay sekarang tidak kayak dulu apalagi gopaylaternya dikit d blokir nanti d on kan lagi trs buat ambil d b...,negative,neutral,medium,Neutral (score:-1.3)
6073,saya sudah th pake aplikasi gojek mulai dari onkir rb per km sekarang sudah semakin berkembang sudah naik jadi rb sdh ad...,positive,negative,high,Strong negative (score:-6.5)
6080,terkadang aplikasi nya kek nge bug gtu padahal pengemudi nya dekat tpii saya tidak di kasih cepat padahal hari baguss lo...,neutral,negative,medium,Negative (score:-2.0)
6091,aplikasinya dulu bagus tapi sekarang buruk banget belum pesan makanan kog sudah otomatis pesan dan sudah x minta bantuan...,negative,neutral,high,"Mixed sentiment (pos:1, neg:1)"
6100,aplikasi ini sangat bagus mudah mencari alamat tujuan mantap,positive,negative,medium,Negative (score:-3.2)
6111,praktis menggunakannya sangat membantu dan menolong semoga dikembangkan lagi fitur fitur lainnya jaya selalu gojek,positive,neutral,medium,Neutral (score:0.0)
6115,ngapain harus ke menu bantuan disini saja takut ya dengan ulasan buruk dan real fakta aplikasi anda busuk,negative,positive,medium,Positive (score:3.0)
6116,selama bulan puasa pesan gojek sangat susah dimulain jam setengah sore pesan goride sangat susah sekali ditambah harga n...,negative,positive,high,Strong positive (score:6.4)
6122,mempermudah kami dlm melakukan segala hal baik dalam belanja maupun bepergian gojek adlh sarana yang paling pas,positive,negative,medium,Negative (score:-3.9)
6125,sangat baik dan cepat,positive,negative,high,Strong negative (score:-6.5)
6126,cash back pembelanjaan di alfa mart ternyata sehari cuma sekali kl transaksi go bill lainnya dlm hari yang sama ternyata...,negative,positive,high,Strong positive (score:4.8)
6130,kenapa ya sudah dua kali pakek voucer cashback gopay poin tapi tidak masuk cashbacknya error padahal sudah pesan tapi de...,negative,positive,medium,Positive (score:2.0)
6132,beberapa kali mau gofood tidak dapet pengemudi padahal signal bagus laper bawaannya emosi tolong dr siang lo,neutral,positive,medium,Positive (score:3.0)
6134,penggunaan aplikasi sangat mudah dipahami segalanya juga bertambah mudah maps semakin akurat,positive,negative,high,Strong negative (score:-5.2)
6135,kenapa gps selalu tidak tepat jaringannya padahal bagus setiap mu go ride dibuat muter jauh x nyatanya tidak lewat situ ...,neutral,negative,medium,Negative (score:-3.9)
6143,map tidak sesuai tolong donk perbaiki lagi map nya pengemudi sama penumpang jadi bingung mau efisien malah di putar kesa...,neutral,positive,medium,Positive (score:2.0)
6146,pernah mendapatkan sikap pengemudi yang sangat buruk pernah mendapatkan kondisi kendaraan yang sangat buruk hallqql yang...,negative,neutral,medium,Neutral (score:1.3)
6152,sangat berguna dan sangat membantu bagi saya dan keluarga tetap pertahankan,positive,negative,medium,Negative (score:-2.6)
6155,apk sangat menyusahkan saya baru bagus up tadi siang trus tb tidak bisa dibuka suruh pasang pin lah padahal saya tidak m...,positive,neutral,high,"Mixed sentiment (pos:1, neg:1)"
6157,sangat membantu dan memberikan yang terbaik dan tidak kenal waktu dimanapun tetap setia melayani mantabb,positive,neutral,medium,Neutral (score:1.3)
6163,sangat sangat membantu naik depan rumah sampai tidak ribet dari pada jalan ke depan jalan kaki untuk naik transportasi u...,positive,negative,medium,Negative (score:-3.8)
6168,sangat membantu tapi tarif agak mahal ya skrg wkwkw,positive,neutral,high,"Mixed sentiment (pos:1, neg:2)"
6171,tidak bisa di butuh kan saat lagi butuh klo siang mah bro pergi saja sendiri pengemudi pada manja aplikasi nya suka eror...,negative,positive,medium,Positive (score:2.0)
6174,sangat membantu tapi saya tidak bisa buka lagi karena harus di update dan ketika di update gagal terus ada yang bs bntu,positive,negative,high,Strong negative (score:-6.5)
6178,layanan jasa publik yang keren tepat waktu dan santun saya sangat recomended dengan gojek,positive,neutral,medium,Neutral (score:1.3)
6182,pengalaman pling buruk adalah saat saya ingin upgrade gopay reguler ke gopay plus yang seharusnya dpt terkonfirmasi sesu...,negative,positive,medium,Positive (score:3.0)
6183,saya go mart dan go food hampir setiap hari namun mengalami kendala barang tidak lengkap makanan basi saya sudah komplai...,negative,positive,high,Strong positive (score:7.8)
6184,halo gojek ini saya sudah bagus up gopay saya tapi kenapa tidak bertambah sedikitpun yaa buruk banget sistemnya,negative,neutral,high,"Mixed sentiment (pos:1, neg:1)"
6191,halo gojek untuk gofood dengan kendala tidak dapat driver durasi jam terlalu lambat untuk kami customer membatalkan pesa...,positive,neutral,medium,Neutral (score:0.0)
6203,sering sekali para pengemudi tidak menyediakan kembalian yang pas sehingga membayar ongkos dengan harga yang lebih mahal...,negative,positive,medium,Positive (score:2.6)
6204,teruntuk pelayanan gofoodnya saya beberapa kali mengalami kendala dalam transaksi pengemudi telat trus tidak jadi ambil ...,neutral,positive,medium,Positive (score:3.9)
6206,gojek sangat membantu alhamdulilah saran saya sebagai costumer baru di aplikasi ini tolong lebih di simple kan lagi bebe...,positive,negative,medium,Negative (score:-2.6)
6209,saya kecewa banget hari ini saya sudah percaya banget klo transfer ke bank lewat gopay itu selalu cepat dan sekarang di ...,negative,neutral,high,"Mixed sentiment (pos:1, neg:1)"
6215,lebih praktis kemaja aja kebetulan saya tidak bisa pake motor dengan aplikasi gojek ini sangat membantu apalagi saya pun...,positive,neutral,medium,Neutral (score:0.0)
6229,transaksi yang sangat begitu cepat dan simpel,positive,negative,medium,Negative (score:-2.6)
6231,sudah boking jam lebih tidak dapat pengemudi sama sekali sangat mengecewakan,negative,positive,high,Strong positive (score:4.8)
6232,sering sering bg ngasih diskon aku suka,positive,negative,medium,Negative (score:-2.0)
6236,apk ini sangat buruk ko saya tidak bisa transper ke bank saya sudah verifikasi ttep ajh tidak berhasil mau nya gmn sih i...,negative,neutral,medium,Neutral (score:0.0)
6239,lama lama males saya pakai gojek serba ribet mau nambahin metode pembayaran pakai debit saja gagal terus padahal sudah d...,negative,neutral,medium,Neutral (score:-1.3)
6241,kenapa lah sekarang susah akses gopaylater tidak bisa buat isi token lemot tidak ada jaringan alasannya padahal sinyal b...,negative,neutral,medium,Neutral (score:-1.0)
6245,ongkirnya tambah mahal kalau bayarnya tidak pake gopay buruk aplikasi ini tambah tidak wajar harga makanan lebih wajar k...,negative,neutral,medium,Neutral (score:-1.0)
6246,sangat membantu dalam transaksi dan membayar apa saja terima kasih gopay sukses selalu,positive,neutral,medium,Neutral (score:1.3)
6251,sangat mengecewakan beberapa kali pesan gofood yang anter malah minta cod lahh saya itu gunain jasa kamu karena pengen d...,negative,neutral,high,"Mixed sentiment (pos:1, neg:1)"
6258,sekarang untuk buka aplikasi gojek agak lama dan misal saya pakai help untuk conect ke gojek butuh waktu dan aplikasi hi...,negative,neutral,medium,Neutral (score:1.0)
6277,halo kenapa sekarang gojek lebih sering dipakai malah lebih jarang dapat voucher untuk goride nya saya setiap hari pulan...,positive,negative,high,Strong negative (score:-5.2)
6278,pengemudi respons tanggap dan ramah,positive,negative,medium,Negative (score:-2.0)
6280,bagus banget banyak promosi nya pengemudi nya juga ramah semua,positive,neutral,medium,Neutral (score:1.3)
6288,sangat sangat bagus untuk memudahkan kita dalam segala hal untuk melakukan pembayaran pesan paket makanan dll banyak bng...,positive,negative,medium,Negative (score:-3.9)
6289,gojek kenapa ya suka banget pending entah itu dalam transaksi atau pemesanan makanan mengesalkan tau tidak mau pesan di ...,negative,neutral,medium,Neutral (score:-1.3)
6291,kenapa ya kan teman saya kirimkan saldo gopay di struk tanda bukti pengirimannya sudah sukses tapi ke saldo gopay ku tid...,negative,positive,medium,Positive (score:3.0)
6297,buruk banget gojek sekarang beli langganan gofood ketika sudah dipakai sekali pas di cek lagi yang bisa pake promosi lan...,negative,neutral,medium,Neutral (score:-1.6)
6300,kenapa gopaylaternya di blokir padahal sudah dibayar semua tagihannya dan tidak pernah telat padahal hanya digunakan unt...,positive,negative,medium,Negative (score:-2.6)
6301,sangat kecewa dengan gojek jika ada promosi tidak ada yang mau mengambil percuma ada promo meskipun ada promosi suka mel...,negative,neutral,high,"Mixed sentiment (pos:2, neg:2)"
6306,jujur gofood salah satu platform yang saya sering gunakan untuk pesan makanan namun untuk dari harga terkdang saya rasa ...,neutral,negative,medium,Negative (score:-2.0)
6309,tidak menyesal download aplikasi ini fitur sangat lengkap dan cepat trm ksh gojek sangat membantu sekali,positive,neutral,medium,Neutral (score:-1.6)
6311,bagus banget aplikasinya sangat membantu dan memudahkan kegiatan sehari hari,positive,neutral,medium,Neutral (score:1.6)
6312,apk nya bagus siihh tapi kadang sedikit lambat loading nya jdi nggu nya lambat banget,negative,neutral,high,"Mixed sentiment (pos:1, neg:2)"
6317,untuk pembelian ke apotek tolong dipilah untuk obatnya soalnya tidak semua obat bisa bebas di beli kasian ke drivernya s...,neutral,negative,medium,Negative (score:-2.0)
6323,sangat membantu untuk berpergian bagi yang tidak punya kendaraan dan juga untuk pemesanan makanan terus tingkatkan,positive,negative,medium,Negative (score:-2.6)
6329,gapernah dapet deket pengemudi nya dilempar ke yang jauh terus tidak worth it kalo lagi buru buru,negative,neutral,medium,Neutral (score:-1.0)
6330,saya termasuk pelanggan setia gojek tim gojek bisa cek seberapa sering saya melakukan transaksi di aplikasi gojek tetapi...,negative,positive,high,Strong positive (score:4.8)
6332,aplikasi yang sangat membantu buat perjalan atau pesan makanan jadi cepat semoga sukses selalu buat gojek onlen buat pen...,positive,negative,medium,Negative (score:-3.9)
6333,pakai maxim saja bro harga bersahabat ramah di kantong,positive,negative,medium,Negative (score:-2.0)
6335,pengen banget bisa instal gojek bisa tidak ya di hp ini soalnya semua aplikasi di hp ini sulit untuk kompirmasi identita...,neutral,positive,medium,Positive (score:2.6)
6336,kata abang gojek akun gojek saya baguss tidak pernah batal bintang bnyk berapa lupaa lebih bagus akun saya dari pada aku...,neutral,positive,high,Strong positive (score:5.0)
6344,saya sangat kecewa setiap saya pesan tidak sesuai dri aplikasi khususnya untuk pengemudi nya khususnya dikota batam saya...,negative,positive,medium,Positive (score:3.9)
6353,ada beberapa pengemudi motor yang sikapnya kurang ajar dan memaki maki pelanggan trus langsung mindahin ke pengemudi lai...,negative,neutral,medium,Neutral (score:-1.0)
6367,dulu awal pakai aplikasi ini memang bagus tapi beberapa bulan belakangan ini utk aplikasi gofood sangat sulit mendapatka...,neutral,positive,medium,Positive (score:3.9)
6369,ini bagaimana aplikasi gojek tidak bisa dibuka tolong pihak cs bantu dong akun saya nih tidak bisa dibuka pinter banget ...,negative,positive,medium,Positive (score:3.9)
6370,mohon untuk yang gofood ketika warung atau restoran yang sedang tutup jgn ditampilkan di aplikasidibenahi agar warung ma...,positive,negative,medium,Negative (score:-3.0)
6377,sumpah ini aplikasi keren lo harus cobain apalagi yang gamau ribet sana sini pesennya juga mudah dan tidak lama dan saya...,positive,neutral,medium,Neutral (score:1.6)
6379,kenapa ya setiap pesan gofood map nya error terus padahal jaringan nya bagus,neutral,negative,high,Strong negative (score:-5.0)
6380,ini aplikasi ojek online yang sangat buruk sekali sangat sangat buruk sangat kecewa oleh buatan negara sendiri mulai dar...,negative,positive,high,Strong positive (score:27.2)
6382,sebaiknya pt gojek menertibkan akun yang diperjual belikan dengan verifiksi wajah drivernya kan risih juga kostumer kala...,negative,neutral,medium,Neutral (score:1.0)
6383,aplikasi yang sangat bagus dan fitur nya juga banyak untuk di gunakan,positive,negative,medium,Negative (score:-3.9)
6391,permisi pihak gojek kenapa loading sangat lambat setelah update,negative,positive,medium,Positive (score:2.6)
6396,mohon untuk pengantaran double ordernya dihilangkan karena hal ini sangat merugikan customer pengantaran pesanan jadi ma...,negative,neutral,medium,Neutral (score:1.3)
6401,ya lumayan lah bisa buat ganjal perut,neutral,positive,medium,Positive (score:2.0)
6405,untuk resto yang sudah tutup tolong jangan dicantumin di gojek kasian yang ambil order dan sebagai konsumen jg males kan...,negative,neutral,high,"Mixed sentiment (pos:1, neg:1)"
6423,tidak on time buruk,negative,positive,medium,Positive (score:3.0)
6425,sekarang gojek ongkos nya tambah mahal aku bandingkan sama aplikasi grab jauh lbh murah,neutral,negative,medium,Negative (score:-2.0)
6429,saya anita dari peserta yang mengikuti kartu prakerja pengupgrade nya sangat cepat sekali sehingga mudah dan bis langsun...,positive,negative,high,Strong negative (score:-6.4)
6436,tolong dong kasih peringatan buat pengemudi yang sengaja tidak ngambil pesanan saya yang hujan nan nungguin pengemudi ya...,neutral,negative,medium,Negative (score:-3.9)
6439,sangat mengecewakan upgrade gopay plus saya sudah seminggu lebih masih dalam proses saya tanyakan ke cs lewat email bebe...,negative,positive,high,Strong positive (score:7.8)
6443,tidak pernah mengecewakan hanya saja dibagian paylater sangat mengecewakan yang eror sistem sudah bekali kali instal dan...,negative,positive,high,Strong positive (score:7.8)
6450,sangat membantu selalu mendapat pengemudi yang sopan dan baik dan jg sabar,positive,neutral,medium,Neutral (score:1.3)
6451,respon bagus dr cs utk segala keluhan terus tingkatkan trutama gopay saya sering transaksi gopay utk trf antar bank apab...,positive,neutral,medium,Neutral (score:1.0)
6461,aplikasi ini sangat membantu apalagi selama pandemi covid kita di anjurkan tidak keluar rumah jadi aplikasi ini sangat m...,positive,negative,high,Strong negative (score:-5.2)
6466,rata pengemudi di waktu pagi dikisarain jam sd pilah pilih untk menerima pelanggan saya sangat kecewa padahal jam ditas ...,negative,positive,medium,Positive (score:3.9)
6467,aplikasi anak bangsa yang sangat membantu saya dan keluarga saya dalam berbelanja barang dan makanan dan bertransaksi fi...,positive,neutral,medium,Neutral (score:1.3)
6468,kalo dapet pengemudi selalu jarak yang jauh sampe pengemudi nya kadang juga bingung kenapa bisa dapet yang jauh titik pe...,neutral,negative,medium,Negative (score:-2.6)
6471,sangat membantu sekali saat tidak keluar makanan diantar sampai ke rumah sangat membantu juga kalau bepergian tidak ada ...,positive,negative,high,Strong negative (score:-6.4)
6475,alhamdulilah sangat meringankan dan membantu banget tpi kalau pesan pasti dpet nya jauh trus mohon di sesuaikan lagi den...,positive,negative,medium,Negative (score:-3.2)
6482,aplikasi sangat membantu saran bagaimana jika ada fitur untuk mengklasifikasikan pengemudi laki laki dan wanita untuk go...,positive,negative,medium,Negative (score:-2.6)
6493,lumayan cuman tidak ramah lingkungan aja nyeerang,negative,neutral,high,"Mixed sentiment (pos:1, neg:1)"
6502,untuk gofood na skarang tambah susah cari promo dlu banyak ada promosi menarik sekarang smua makin di persulit,neutral,negative,medium,Negative (score:-2.0)
6503,tarif dan jarak tidak stabil meskipun jaraknya sama tapi perhitungan tarifnya selisih akurasi titik masih belum bagus sa...,positive,neutral,high,"Mixed sentiment (pos:1, neg:1)"
6506,tertulia nya sih disana dapat potongan tapi kenapa ternyata pas bayar saldo gopay tertarik nya harga normal instruksinya...,negative,neutral,medium,Neutral (score:1.0)
6507,makin ke sini mala makin jelekk buka apk saja lodingnya lambat padahal sebelumnya lancar lancar ajaa,positive,negative,high,Strong negative (score:-6.0)
6513,sangat berguna mudah di aplikasinya dan upgrade nya tidak lambat yu buruan dwonload teman teman,positive,neutral,medium,Neutral (score:0.0)
6514,sangat membantu dalam segala kebutuhan banyak diskon nya sangat menguntungkan,positive,negative,medium,Negative (score:-2.6)
6524,sekarang aplikasi ini lebih ribet untuk pemesanan go food sekarang pakai waktu sampai akhirnya tidak bisa pesen makanan ...,negative,neutral,medium,Neutral (score:1.3)
6527,aplikasi sangat membantu saya dalam memesan makanan tanpa harus pergi ke tempat makan ongkos ongkirnyapun tergolong mura...,positive,negative,medium,Negative (score:-2.6)
6533,lumayan sebagai pengguna setia gofood kalau bisa tambahin promosi gofood saja sih,neutral,positive,medium,Positive (score:2.0)
6537,sekarang sudah tidak ada vocer terus kalo masukin kode vocer tidak bisa jadi sekarang saya pindah ke grab saja yang seri...,negative,positive,high,Strong positive (score:5.0)
6538,dear gojek tolong ya di perbaiki untuk bug nya dulu saya kasih bintang karena mudah banget sekarang banyak bug sehingga ...,negative,positive,high,Strong positive (score:5.2)
6544,sebenarnya aplikasi ini sangat membantu tapi ada diantara fitur yang masih perlu diperbaiki lagi seperti untuk upgrade g...,positive,negative,high,Strong negative (score:-6.5)
6553,semua yang butuh jasa deliver jadi serba gampang dan cepat mantap,positive,negative,high,Strong negative (score:-4.0)
6557,suka selalu ada promo tinggal tunggu dirumah pesanan datang dengan cepat,positive,neutral,medium,Neutral (score:0.0)
6560,sangat membantu saat butuh transportasi makanan maupun kiriman barang pengemudi sat set aplikasinya lengkap joss dan mud...,positive,neutral,medium,Neutral (score:0.0)
6561,knpa apk gojek sekarang sangat lemot dalam mengakses seperti di gofood sudah nunggu lambat tapi loading terus ditambah m...,negative,neutral,high,"Mixed sentiment (pos:1, neg:1)"
6564,sangat mengecewakan dulu aplikasi ini sangat memudahkan karena tidak hanya cepat tapi biayanya juga tidak begitu mahal t...,negative,neutral,high,"Mixed sentiment (pos:2, neg:2)"
6565,cukup baik sangat membantu saya untuk transfortasi sana sini disaat tidak ada kendaraan pribadi,positive,neutral,medium,Neutral (score:1.3)
6567,sebenarnya aplikasi ini fiturnya bagus sekali tapi ntah kenapa di hp saya aplikasinya akhir ini lemot atau tidak respon ...,positive,neutral,high,"Mixed sentiment (pos:1, neg:2)"
6578,sangat bagus dan bermanfaat untuk saya semoga e wallet nya tidak kendala dan lancar untuk program kartu prakerja saya mo...,positive,negative,high,Strong negative (score:-6.5)
6582,saya sangat berterimakasih kepada gojek aplikasi yang sangat luar biasa mudah digunakan tidak ribet dan cepat pastinya t...,positive,negative,medium,Negative (score:-3.2)
6589,layanan customer service sangat lambat merespon tidak menyelesaikan masalah dan tidak paham dengan pernyataan yang diber...,negative,positive,medium,Positive (score:2.6)
6599,aplikasi terbaik sangat membantu,positive,neutral,medium,Neutral (score:1.3)
6607,segala urusan jadi mudah pake gojek tidak perlu kesana kesini cukup diri rumah saja urusan dan keperluan berjalan lancar...,positive,negative,medium,Negative (score:-2.6)
6608,kenapa gobox nya tidak bisa koneksi trs tapi paket saya byk jaringan saya bagus tolong y perbaiki secepatnya karena saya...,positive,negative,medium,Negative (score:-3.0)
6610,mohon untuk diperbaiki saat jaringan atau server error harusnya pesanan dikirim ke alamat yang sudah di input penerima m...,negative,positive,medium,Positive (score:2.6)
6612,aplikasi karya anak bangsa emang selalu keren dan bermanfaat sekali buat kebutuhan sehari hari semangat selaluu,positive,neutral,medium,Neutral (score:1.3)
6614,ongkirnya kenapa jauhh beda ya sama sebelah ribuan lho bedanya sini yang kemahalan atau sono yang terlalu murah cari pen...,neutral,positive,medium,Positive (score:2.0)
6626,aplikasi kurang bagus,negative,positive,medium,Positive (score:2.0)
6639,aplikasi gopay sangat bagus untuk berteransaksi fitur fitur nya mudah di pahami driver jiga sangat ramah,positive,negative,medium,Negative (score:-3.9)
6645,cukup membantu meski harganya lumayan mahal dibanding pakai aplikasi ojol yang satunya,neutral,positive,medium,Positive (score:2.0)
6647,tolong dong go jek ditambahin metode pembayaran lewat via dana biar gampangin bagus up,positive,negative,medium,Negative (score:-3.0)
6655,tidak dikasih codenya sudah masukin nomor hp nya yang bener tapi tidak bisa tidak ada codenya gojeknya gabisa jelek sms ...,negative,positive,medium,Positive (score:3.0)
6659,bagus lah dari saya mempermudah saya topup game cari makan mudah isi pulsa isi kuota cari ojek tinggal bukak hp bagus sl...,positive,negative,medium,Negative (score:-2.0)
6660,permintaan pengemudi apabila pengemudi sedang menjemput kastamer sudah smpai tujuan di cencel kastamer harus dipotong sa...,negative,positive,medium,Positive (score:3.0)
6661,susah banget pesan go food saat hujan tidak ada pengemudi yang hidupin aplikasi gojeknya jadi bilangnya tidak ada pengem...,negative,neutral,medium,Neutral (score:-1.3)
6662,pelayanan nya bagus banget sigap dan juga cepat dalam menangani masalah,positive,neutral,medium,Neutral (score:1.3)
6671,tidak recomended kurir tidak ramah padahal jarak tidak jauh tapi tidak mau ngambil barang padahal cuma hujan kecil banji...,negative,neutral,high,"Mixed sentiment (pos:1, neg:1)"
6674,setelah update aplikasi gojek saya jadi error tidak bisa order hp saya dua duanya os nougat dan error dua dua nya tapi s...,negative,neutral,high,"Mixed sentiment (pos:1, neg:1)"
6679,pengantaran aman terkendali aplikasi ini sangat membantu dan mempermudahkan stiap orng yang mau bpergian,positive,negative,medium,Negative (score:-2.6)
6683,terimakasih atas pembekuan akun gojek saya berkali kali saya memesan gocar semua pengemudi menolak dengan alasan macet d...,negative,positive,high,Strong positive (score:4.0)
6687,mantap gojek makin lengkap menunya dan tolong tetap di pertahan kan go food nya dan masukan lagi menu makan an yang belu...,positive,neutral,medium,Neutral (score:1.0)
6694,saya bagus up saldo gopay tapi belum masuk juga tolong bisa kah di ganti saya kecewa,neutral,positive,high,Strong positive (score:6.0)
6696,ini kenapa kalo saya mentransfer lewat qris selalu gagal saya yang belum goprem jadinya susah kalo mau transfer atau bel...,negative,neutral,medium,Neutral (score:-1.0)
6709,wah aplikasi ini sangat membantu karena proses upgrade sangat cepat dan stabil saya sangat merekomendasikan aplikasi ini...,positive,negative,high,Strong negative (score:-5.2)
6717,saya itu sering butuh banget masuk sekolah setiap pagi pukul saya selalu pesan gojek sekitar pukul tapi saya tidak perna...,negative,positive,high,Strong positive (score:8.0)
6725,propesional dalam menangani pelanggan dan ramah,positive,negative,medium,Negative (score:-2.0)
6728,aplikasi sudah bagus untuk go car terkadang lambat dapet pengemudi padahal mobil banyak,positive,neutral,medium,Neutral (score:1.0)
6732,agak kecewa sama fitur go transitnya saya berharap di perbaiki lagi jadwal kedatangan sama jadwal di apk gotransitnya ba...,negative,positive,medium,Positive (score:2.6)
6746,kenapa gojek di device hp saya susah sekali dapat pengemudi pas coba di tab malah gampang dapat pengemudi padahal tidak ...,negative,neutral,medium,Neutral (score:-1.3)
6751,sangat membantu kadang plat nomer mobil tidak sama foto drivernya beda tapi tidak masalah bagi saya karna kita juga butu...,positive,negative,medium,Negative (score:-2.6)
6752,saya senang dengan aplikasi gojek krena menguntungkan bisa dapt berpergian dengan ongkos murah selagi dapat memesan maka...,positive,neutral,medium,Neutral (score:1.0)
6755,benar benar sangat membantu ini aplikasi semua lengkap ada di gojek dan juga hemat banget banyak diskon nya dan sangat m...,positive,negative,medium,Negative (score:-3.2)
6758,saya usul untuk akun customer agar di upgrade lalu harus scan ktp jadi para pengemudi khusus go food tidak takut ad pesa...,positive,neutral,medium,Neutral (score:1.0)
6762,promosi bohongan cs lambat jangan pake gojek mau untung malah rugi transaksi di jadi id katanya ada cashback pas bayar c...,positive,neutral,medium,Neutral (score:0.0)
6767,aku tu tidak pernah aneh aneh aku tu pesan juga sesuai dengan promosi bahkan aku juga bayar tidak pernah batal pesanan t...,negative,positive,medium,Positive (score:2.6)
6780,fitur menarik update terus anti ketinggalan jaman club bagus lah pokoknya lebih eren lagi tolong sering sering ada disko...,positive,negative,medium,Negative (score:-3.0)
6785,bayar tagihan listrik pln jadi mudah kalau ada kerdala dijalan bisa langsung pesan istri males masak tinggal pesan pokok...,positive,neutral,medium,Neutral (score:-1.3)
6786,tolong dong untuk gojek harganya di kurangin tiap naik gojek pasti lebih mahal tidak kaya dulu lebih murah di kantong pe...,neutral,negative,medium,Negative (score:-2.0)
6788,saya beli vocer gofood potongan rb tp di tagihan potongan hanya rb kecewa saya,negative,positive,medium,Positive (score:3.0)
6791,saya naik gocar blue berd di online harga sd eh setelah sampai sama dengan tidak pakai online harga norma saya sangat ke...,negative,positive,medium,Positive (score:3.9)
6793,amat sangat membantu,positive,negative,medium,Negative (score:-3.2)
6795,aplikasi yang sangat membantu tapi kenapa harus di update terus tidak semua hp bisa memadai kalo gini caranya nanti mala...,positive,negative,medium,Negative (score:-2.6)
6802,lebih gampang pake aplikasinya dan klw kirim barang lbh murah ongkirnya,positive,neutral,medium,Neutral (score:1.0)
6814,sangat bermanfaat dan mudah untuk berangkat kerja,positive,negative,medium,Negative (score:-2.6)
6820,apk nya bagus tapi pengemudi nya cam tai kalo ngetik di singkat singkat bikin bingung mesti hilang dtg gw kira datang te...,negative,positive,medium,Positive (score:3.0)
6821,parah sekarang voucher gofood toko tidak otomatis kepasang jadi tidak bisa pake voucher padahal yang bikin betah yang ga...,positive,negative,high,Strong negative (score:-4.8)
6829,bagus up saldo gopay tidak masuk chat di jawab robot aja gimana ini tanggung jawab gojek bikin takut saja pake gojek uan...,negative,neutral,medium,Neutral (score:1.0)
6830,gojek agak buruk saya mau ngasih bintang ke pengemudi koq tau mesen goride masa habis make goride trus mesen lagi ngaco ...,negative,positive,medium,Positive (score:2.0)
6832,aplikasi nya bagus tapi drivernya suka diamin pesanan orang tolong jika bisa auto cancelnya dipercepat sangat menggangu ...,negative,neutral,high,"Mixed sentiment (pos:2, neg:2)"
6836,biaya layanan sekarang semakin lumayan,neutral,positive,medium,Positive (score:2.0)
6838,sangat membantu mudah pemakaiannya banyak pilihan jasa nya,positive,negative,high,Strong negative (score:-5.2)
6841,memudahkan aku banget sih apk ini tapi akhir ini kenapa jadi sering eror apk gamau berjalan padahal apk ku yang lain dib...,negative,positive,medium,Positive (score:3.9)
6850,gojek sangat menolong d saat kita butuh pergi mndadak dan juga ktika lagi mager untuk kluar rumah bs dengan mudah memesa...,positive,neutral,medium,Neutral (score:-1.3)
6853,sangat mudah dan cepat layanannya begitu juga sikap drever yng baik ramah sopan tepat waktu,positive,neutral,medium,Neutral (score:1.3)
6856,gojek mudahan selalu yang terdepan tingkatkan pelayannya dan selalu mudahan kita amanah aplikasi yang saya rekomendasika...,positive,negative,medium,Negative (score:-2.6)
6857,bagus sangat membantu,positive,neutral,medium,Neutral (score:1.3)
6859,kurang puas harus lebih diperbaiki dan di tingkatkan lagi,negative,positive,medium,Positive (score:2.0)
6861,kenapa berapa minggu ini tidak bisa tarik tunai di atm bca sangat kecewa sekali hanya bisa transfer saja,negative,positive,high,Strong positive (score:4.8)
6862,sistem aplikasi bekerja dengan baik dari pemesanan sampai penjemputan berjalan dengan cepat dan presisi keep doing good,positive,negative,high,Strong negative (score:-5.0)
6865,mahal dan pelit diskon,neutral,negative,medium,Negative (score:-2.0)
6866,sangat membantu sekali dengan ada nya aplikasi gojek ini kemana mana jadi lebih mudah dan ongkos nya pun sangat terjangk...,positive,neutral,medium,Neutral (score:0.0)
6871,semoga sukses selalu,positive,negative,medium,Negative (score:-3.0)
6873,aplikasi sangat membantu mudah di operasikannya dan ada voucher voucher sehingga bisa berhemat,positive,negative,high,Strong negative (score:-5.2)
6877,setelah sekian lambat tidak dipakai sekarang mau saya pakai malah tidak bisa di pakai infonya terblokir aneh saya tidak ...,negative,neutral,medium,Neutral (score:0.0)
6883,semoga dana insentif saya cair jgn proses mulu yang salah rekening gopay atau apa kurang tau aku ganti rekening gopay ta...,positive,neutral,medium,Neutral (score:-1.0)
6884,sangat membantu sekali aplikasi dan yang paling utama aku sering dapet banyak promosi nyaa yang belum download mending d...,positive,negative,medium,Negative (score:-3.8)
6888,pengiriman nya cpet kurirnya juga ramah,positive,negative,medium,Negative (score:-2.0)
6889,gojek sekarang agak mahal lebih murah yang dulu saya merasa kasihan kepada masyarakat menengah kebawah yang ingin menikm...,positive,neutral,medium,Neutral (score:-1.0)
6891,aplikasi ini sangat membantu apalagi buat yang tidak mau ribet soal transportasi gojek adalah jawabannya pertahankan ter...,positive,neutral,medium,Neutral (score:0.0)
6896,gojek bagus deh gojek sangat membantu saat saya sibuk dan tidak bisa keluar rumah dan kebetulan perut lapar tinggal klik...,positive,neutral,medium,Neutral (score:1.6)
6897,sangat membantu dan ada saran kalau bisa gojek punya go base untuk pangkalan ditempat strategis contohnya sekolah dan pe...,positive,neutral,medium,Neutral (score:0.0)
6899,percuma semua voucher gofood gagal dipakai jaringan bagus tapi kadang kalau mesen ojeknya tidak pas sesuai di map tau sa...,neutral,negative,high,Strong negative (score:-6.0)
6904,aplikasi ini sangat membantu karena disaat kita membutuhkan kendaraan untuk bepergian tinggal klik pesan,positive,negative,medium,Negative (score:-2.6)
6905,sangat membantu sekali buat perjalanan semakin seru dengan promo harga yang terjangkau dan tentunya semakin savety bisa ...,positive,neutral,medium,Neutral (score:-1.6)
6906,kereen pelayanan prima sangat membantu,positive,negative,medium,Negative (score:-2.6)
6908,opsi pengiriman hemat nya kenapa dihilangkan saya sangat kecewa,negative,positive,medium,Positive (score:3.9)
6909,untuk upgrade ke gopay plus tolong dong jangan cuman e ktp saja tambahkan kartu pelajar soalnya untuk pelajarremaja yang...,neutral,positive,medium,Positive (score:2.0)
6911,bagus dan aplikasinya sangat membantu sekali bagi yang tidak punya kendaraan dan sedang dlm perjalanan jauh atau dekat,positive,neutral,medium,Neutral (score:1.6)
6914,aplikasi burik tidak bisa buka pesanan tombol bantuan tidak berfungsi aplikasi tidak guna sudah pengantaran makanan lama...,negative,positive,medium,Positive (score:2.0)
6922,sangat bagus dan membantu untuk transportasi kirim barang pesan makanan dan transfer ke bank lain dan untuk investasi re...,positive,negative,high,Strong negative (score:-6.5)
6924,titik semaunya padahal kita yang bayar gojek di samperin jalannya jauh banget tidak mau macet dan kehabisan bensin,negative,positive,medium,Positive (score:2.6)
6928,apaan nih aplikasi muncul notif kalau tidak di update akan di nonaktifkan kalau hp nya yang spek tinggi masalah kalau sp...,negative,neutral,medium,Neutral (score:1.6)
6930,aplikasi yang bagus harus dituntut dengan drivermitra yang bagus pula,positive,neutral,medium,Neutral (score:0.0)
6936,saya suka dengan aplikasi ini cuma terkadang yang bikin risih ada pengemudi yang menyimpan nomer kita bahkan ada yang sa...,positive,negative,medium,Negative (score:-2.0)
6941,buat pengguna baru ini sih sangat memudahkan banget akses nya apalagi untuk transaksi apapun pakai gopay semua bisa no r...,positive,negative,medium,Negative (score:-3.8)
6951,tarif ongkir go food kadang lebih mahal dari makanan tolong dong lebih di aplikasikan dengan baik padahal sama saja kena...,positive,negative,high,Strong negative (score:-5.0)
6957,aduh tolong dong dari dulu tidak berubah gojek pelayanannya buruk sekali gofood sudah sejam lebih dari tadi keburu menin...,negative,neutral,medium,Neutral (score:-1.6)
6970,sangat membantu saran saja ada mi bakso mas nardy solo tidak sesuai sama yang di pesan di foto baso nya gede datang baso...,positive,negative,medium,Negative (score:-2.6)
6972,transfer sesama gopay saja harus upgrade dulu sedangkan data sudah pakai akun yang tidak dipakai buruk banget,negative,positive,medium,Positive (score:3.9)
6973,sangat membantu mantabb pokoknya,positive,negative,medium,Negative (score:-2.6)
6977,hapuskan posko aman tidak guna itu posko aman kasihan pengemudi yang akun nya terdaftar di kota besar yang sudah terpaks...,positive,negative,medium,Negative (score:-2.6)
6983,sangat membantu saat saya sedang kelaparan maupun tidak di jemput pas pulang kerja tingkatkan kualitas aplikasi ini agar...,positive,negative,medium,Negative (score:-2.6)
6992,terimakasih sangat nyaman,positive,negative,medium,Negative (score:-2.6)
6995,kenapa saya isi saldo gopay sudah sukses tapi di aplikasi tidak ada saldo yang masuk alias tetep rp kalo gini kan saya j...,positive,neutral,high,"Mixed sentiment (pos:1, neg:1)"
6997,ini kenapa ya saya kalau mau instal apk gojek selalu tidak bisa padahal ram hp saya masih banyak dan jaringan bagus tuh ...,positive,negative,medium,Negative (score:-3.0)
6998,sudah chat bantuan karena pesanan kurang tapi tidak dibalas balas buruk,negative,positive,medium,Positive (score:2.0)
6999,customer service nya sangat buruk komplain tidak terselesaikan tapi di sistem selalu bilang sudah terselesaikan,negative,positive,medium,Positive (score:3.9)
7001,saldo yang mengendap di akun tidak bisa ditransfer balik jadi agak sulit tuk refund klo dibutuhkan sewaktu trus untuk pe...,negative,neutral,medium,Neutral (score:-1.0)
7004,setelah di update aplikasi malah tidak bisa dibuka padahal sebelum update lancar saja harap diperbaiki terima kasih,neutral,negative,medium,Negative (score:-2.0)
7011,kenapa sih chat suka tidak bisa di buka sudah di pencet chat nya tidak mau masuk ke room chat sebel banget mau balas cha...,neutral,positive,medium,Positive (score:2.6)
7012,tolong dong masa saya pakai voucher gojek pengemudi nya susah banget dapetnya percuma klo gt buat voucher padahal lagi u...,neutral,negative,medium,Negative (score:-2.6)
7013,kenapa akhir ini buka aplikasi gojek trutama goride go car sangat lemot skali pdhl kita lagi sangat urgen mohom di tinda...,negative,positive,medium,Positive (score:2.6)
7014,kenapa setiap pesan gofood selalu besar biaya jasa aplikasi sebelum ada versi terbaru gojek biaya aplikasi hanya ribu ke...,positive,negative,medium,Negative (score:-3.0)
7017,menu nya mending versi lambat tidak susah tidak ribet sekarang kalo mau pesanorder susah ribet nyari nya tolong lebih di...,positive,negative,medium,Negative (score:-2.6)
7021,selalu puas dengan layanananya sangat membantu untuk kehidupan,positive,neutral,medium,Neutral (score:1.3)
7024,terimakasih gojek sangat membantu saya tuk bepergian dn pesan makanan lebih cepat tanpa ribet di tambah voucher yang mem...,positive,negative,medium,Negative (score:-3.2)
7026,woy kenapa kenapa gojek jadi error sih masa tidak bisa pesan sama sekali goride gocar gofood semua tidak bisa selalu men...,negative,neutral,medium,Neutral (score:0.0)
7041,aplikasi gojek saya tidak dapat berfungsi dengan baik selalu meminta untuk mengqktifkan layanan lokasi padahal sudah say...,positive,negative,medium,Negative (score:-3.0)
7043,sekarang mau cek gopay saja ribetnya minta ampun kebanyakan loading dan lemot pdhal tidak ada masalah sama kuota saya bu...,positive,neutral,medium,Neutral (score:0.0)
7045,kenapa beberapa rumah makan yang deket ongkirnya lebih mahal daripada rumah makan yang jaraknya lebih jauh dari tempat s...,negative,neutral,medium,Neutral (score:0.0)
7050,semoga dapat yang terbaik gonta ganti aplikasi,positive,negative,medium,Negative (score:-3.0)
7053,sebenernya bagus masalah nya sudah mau upgrade ke gopay plus kan pake ktp pas nunggu lambat malah ngak berhasil dan mala...,negative,neutral,medium,Neutral (score:1.0)
7054,selalu mempermudah segala sesuatu cepat sat set cuuss sukses terus yaa,positive,neutral,medium,Neutral (score:1.0)
7055,tolong aplikasi di perbaiki ketika pesan lsg di arahkan ke chat dengan pengemudi biar mudah kami bertemu di titik penjem...,negative,neutral,medium,Neutral (score:0.0)
7057,sangat membantu buat orng yang tak punya kendaraan dn tidak perlu mikirin ngurus mobil tingal klik langsung sampai,positive,negative,medium,Negative (score:-2.6)
7064,sangat membantu utk kita bertransaksi dengan mudah cepat dan aman yg pasti direkomendasikan sekali,positive,negative,high,Strong negative (score:-9.6)
7066,sangat membantu kebutuhan transportasi yang lebih efisien dan hrg msh bersahabat,positive,neutral,medium,Neutral (score:0.0)
7067,bagus lah segala sesuatu jadi mudah,positive,neutral,medium,Neutral (score:1.0)
7070,termakasih buat aplikasi ini sudah mempermudah saya untuk melakukan transaksi dengan mudah dan mepercepay segala urusan ...,positive,negative,medium,Negative (score:-2.0)
7086,sangat membantu sekali proses upgrade juga lumayan cepat terima kasih gojek,positive,negative,high,Strong negative (score:-9.6)
7087,dengan go jek murah simple and cepat dari pada anglot ngetem lama kalau hujan pake go car sangat praktis no ribet,positive,neutral,medium,Neutral (score:0.0)
7089,agak kecewa akhir akhir ini sudah jadi anak sultan tapi promosi promosi kecil jarang di kasih voucher gofood lagi,neutral,positive,medium,Positive (score:2.0)
7100,tolong gojek kembalikan lagi promosi masa voucher diskon dapat lebih mahal dari harga toko,positive,negative,medium,Negative (score:-2.0)
7101,lebih baik fitur nyiapin makanan dulu sebelum dapat pengemudi dinonaktifkan aja soalny kalau ternyata tidak dapet driver...,positive,neutral,medium,Neutral (score:0.0)
7113,aplikasi sangat baik pelayanan lengkap ux nya memuaskan,positive,neutral,medium,Neutral (score:0.0)
7114,dimantapkan lagi niat bekerja nya buat driver kebiasaan ilang ilang drivernya kalo perlu diperketat sihh kalo seandainya...,negative,positive,medium,Positive (score:3.0)
7115,sangat membantu saya hbs menggunakn aplikasi ini barusan tapi tiba pd saat saya akn memberikan bintang k goride nya kena...,positive,negative,medium,Negative (score:-2.6)
7117,abis di update malah lebih sering eror padahal jaringan sudah bagus tapi tidak bisa mesen di layar tertulis ada kesalaha...,positive,negative,medium,Negative (score:-3.0)
7119,bisakah gojek kedepannya membuat inovasi untuk para pekerja becak supaya dapat bergabung juga dengan ojek yang lain teta...,positive,negative,medium,Negative (score:-2.0)
7122,jemput kejauhan pengemudi di mana penumpang dimana mohon diperhatikan bila di map ada sungai tanpa jembatan atau jalan h...,neutral,positive,medium,Positive (score:2.0)
7123,sangat membantu thank you,positive,negative,medium,Negative (score:-2.6)
7131,gopay nya kenapa ngelag trs pas mau di upgrade ke gopay plus kenapa kak mau tarik tunai kesusahan jadinya,neutral,negative,medium,Negative (score:-2.0)
7132,saya langganan gofood pluss biar gratis ongkir tapi kenapa ada biaya penanganan sama saja jadinya kena ongkir gimanasih ...,positive,negative,medium,Negative (score:-2.0)
7135,kurang suka sama apknya sekarang sudah langganan gofood plus tapi hanya toko yang plus yang dapet gratis ongkirnya dan s...,negative,neutral,high,"Mixed sentiment (pos:1, neg:1)"
7137,tidak bisa pesan resto yang dekat dengan alasan pengemudi tidak ada di tempat padahal banyak d depan resto nya bisa pesa...,negative,neutral,medium,Neutral (score:1.6)
7141,sangat kecewa sama customer service gojek gopay saya diblokir saya ingin buka kembali blokiran nya tapi tidak bisa pulsa...,negative,positive,medium,Positive (score:3.9)
7144,pas buka gofood loadingnya lambat banget malah kadang nggk bisa dibuka padahal jaringan internet lancar,neutral,negative,high,Strong negative (score:-5.2)
7148,ko naik versi bukan lebih baik malah drivernya jauh kaga kesian tuh sama drivernya orang susah butuh makan,positive,negative,high,Strong negative (score:-5.0)
7153,pengemudi nya suka batal pesanan kntl,negative,neutral,medium,Neutral (score:0.0)
7158,gabisa batal makanan kalau lagi dpt pengemudi yang lambat banget nganter nya keburu mati org nunggunya setidaknya kasih ...,negative,positive,medium,Positive (score:2.6)
7159,ongkir nya mahal bngt dulu di kasih voucher sekarang gaada sama sekali,neutral,negative,medium,Negative (score:-2.6)
7160,saran saja untuk tim gojek untuk pendaftaran gopay plus mohon bisa di tambahkan untuk opsi lainnya seperti sim maupun ya...,neutral,positive,medium,Positive (score:3.0)
7163,sejauh ini pelayanan gojek baik tapi dalam segi aplikasi menurut saya berkurang dari yang lama skrang kita tidak bisa me...,negative,neutral,high,"Mixed sentiment (pos:2, neg:2)"
7166,penanganan masalah yang sangat lambat dan tidak memberikan solusi bagi pengguna sudah sabar nunggu minggu ternyata akun ...,negative,positive,high,Strong positive (score:6.5)
7174,saya baru saja mengupgrade gopay menjadi gopay plus ketika saya ingin transfer saya tidak tahu kalau harus masukkan pin ...,negative,positive,medium,Positive (score:3.0)
7188,knpa kita sebagai pelanggan tidak hemat iya harga tidak pernah berubah msih terlihat mahal aja ini yang hemat pelanggan ...,negative,neutral,medium,Neutral (score:0.0)
7191,sangat membantu untuk ke tujuan yang sulit terjangkau dan altrnatif bila telat brngkat kerja,positive,negative,medium,Negative (score:-2.6)
7194,tirik penjemputan kgak akurat mohon ditingkatkan lagi akurasi mapnya thanks,neutral,positive,medium,Positive (score:2.0)
7197,bagus sangat membantu keseharian saya saran supaya fitur go ride bisa di filter pada jarak antar pengemudi dan passenger...,positive,neutral,medium,Neutral (score:1.3)
7209,tidak bisa dibatalkan ongkir tidak ngontak lebih mahal ongkir daripada harga makanan nya,negative,positive,medium,Positive (score:2.0)
7212,aplikasi yang sangat membantu buat kita yang kadang mau pergi tapi tidak ada kendaraan d rumah respon jg cepat terimakas...,positive,neutral,high,"Mixed sentiment (pos:1, neg:1)"
7214,aplikasi sangat bagus dan sangat membantu kebutuhan sehari hari apalagi dalam masa pendemi,positive,negative,high,Strong negative (score:-6.5)
7218,bagus banget pengemudi gojek yang ada di seputaran riau saya mau gosen ke tempat saja yang tolak pengemudi ap saya harus...,negative,positive,high,Strong positive (score:4.8)
7223,aplikasi nee sangat membantu saya kmn saja dengan mudah aman dan nyaman sehingga saya dan keluarga tidak khwatir wlau ru...,positive,negative,high,Strong negative (score:-5.2)
7229,gampang dipakai nya mantab sayangnya sampai saat ini masih belum dapat fitur paylater nya saja,positive,neutral,medium,Neutral (score:1.0)
7234,banyak bug gajelas error lah tidak bisa bayar lah terus pajaknya tinggi sokan nyari untung tinggi tapi tidak bisa mening...,negative,positive,medium,Positive (score:2.0)
7236,saya klau berangkat kerja selalu menggunakan go transit tapi kenapa belakang ini sulit di akses dengan alasan server sed...,negative,neutral,high,"Mixed sentiment (pos:1, neg:1)"
7240,trimakasih layanan tidak pernah mengecewakan saat saldo gopay terpotong pdhal tidak ada order bisa konfirmasi dan saldop...,negative,positive,medium,Positive (score:3.0)
7245,pengalaman aplikasi yang bagus,positive,negative,medium,Negative (score:-3.0)
7249,sangat baik menggunakan aplikasi ini saat ada keperluan dan yang bgi yang tidak ada kedaraan sangat bermanfaat baginya,positive,negative,medium,Negative (score:-3.9)
7257,gocar nama si a plat mobil axxbc pas datang nama nya si b plat mobilnya beda tidak sesuai dengan nama draiver si akun da...,neutral,positive,medium,Positive (score:2.0)
7260,kasih bintang dulu kurang memuaskan karena harus update terus dan kalo sinyal kami bagus tidak apa apa sudah sinyal buru...,negative,positive,high,Strong positive (score:4.0)
7268,sejauh ini sangat memuaskan apalagi tiap minggu saya dapet terus voucher pulsa dan perjalanan seringkali gratis bagus,positive,neutral,medium,Neutral (score:0.0)
7270,pengiriman cepet ongkirnya murah banget harga makanan nya oke kalau pake diskon harga totalnya jadi dibawah harga normal...,positive,negative,medium,Negative (score:-2.6)
7274,tolong dong untuk pantau pesanan gofood saat pengemudi mau ambil makanan maps nya dikembalikan seperti sebelumnya karena...,neutral,negative,medium,Negative (score:-2.0)
7281,sangat kecewa sekali bagi saya yang jarang menggunakan ojol terkadang ada salah nya dalam membuat orderan ketika saya sa...,negative,positive,high,Strong positive (score:5.7)
7297,sangat membantu saat perjalanan ke luar kota sukses selalu buat gojek,positive,neutral,medium,Neutral (score:1.3)
7298,hai mimin kebutuhan e wallet dmsa skrg sgt dbutuhkan apalagi akun gopay plus mksd nya itu loh buat program prakerja sara...,negative,positive,medium,Positive (score:3.0)
7300,bagus tetapi saya kesusahan mendapatkan kode otp berbagai cara sudah di coba seperti hapus cache nya hidup kan ulang hp ...,neutral,positive,medium,Positive (score:3.0)
7302,gua pas mau daftar go pay pas ngirim ktp nga masuk masuk saya pikir karena jaringan saya buruk pas diubah ke wifi tetep ...,negative,positive,medium,Positive (score:3.0)
7303,lumayan tapi coba biaya untuk delivery fee di go gofoodnya dikurangin terus biaya platform fee nya ditiadakan saja dan d...,negative,positive,high,Strong positive (score:6.4)
7313,saya sering telat kerja gara menunggu terlalu lama pengemudi kebanyakan harus siap dulu bukannya pengemudi harusnya serv...,negative,positive,high,Strong positive (score:5.0)
7314,meskipun saya bukan pengguna aktif alias pengguna pasif aplikasi ini sangatlah membantu pada saat genting terima kasih g...,positive,neutral,medium,Neutral (score:1.3)
7322,aplikasi ini sangat membantu transaksi di era digital ini semoga kedepanya makin tambah lebih baik lagi,positive,neutral,medium,Neutral (score:1.3)
7327,sebenernya banyak banget yang mau di comp dr provider ini kurang lebih sama dengan user lain mulai dari harga pesan wait...,positive,neutral,medium,Neutral (score:-1.6)
7336,transfer saldo gopay ke bank suka lama tidak kek aplikasi sebelah yang langsung masuk entah sistemnya gimana programmern...,negative,positive,medium,Positive (score:3.9)
7342,waktu penjemputan tepat waktu tidak lambat pelayanan baik,positive,neutral,medium,Neutral (score:-1.0)
7343,kejadian nyata pada hari jumat januari aplikasi tidak dapat digunakan dengan sangat baik aplikasi gojek telah merugikan ...,positive,neutral,high,"Mixed sentiment (pos:1, neg:1)"
7344,saya edit penilaian saya yang awalnya bintang jadi bintang saya sangat kecewa saldo gopay saya selalu hilang saya tidak ...,negative,positive,high,Strong positive (score:7.8)
7350,kurang ketat paket ko bisa bisanya terkirim dan diterima customer padahal tidak da foto bukti ngasihin customernya saya ...,negative,neutral,medium,Neutral (score:-1.0)
7353,sangat membantu masyarakat,positive,negative,medium,Negative (score:-2.6)
7354,kenapa makin kesini makin ngelag gt padahal jaringan saya baik baik saja kayak misalnya drivernya tiba tiba berhenti lam...,positive,negative,high,Strong negative (score:-13.0)
7356,aman dan nyaman murah meriah sangat membantu dengan adanya discound terus seperti itu gojeg buat pelanggan mu selalu ama...,positive,neutral,medium,Neutral (score:0.0)
7373,saya sangat suka aplikasi gojek tapi tolong berikan tanda bahwa masih ada pesanan saya double pesan karena mengira pesan...,positive,negative,medium,Negative (score:-2.6)
7376,saya pake saldo gopay untuk akses viu premium saldo sudah kepotong dan sudah ada notif sukses pula di email tetapi akun ...,neutral,positive,medium,Positive (score:3.0)
7381,untuk pesan mc d hati y gabisa dibatalin jadi mesti dipastikan dlu klo mau beli mc d uda gitu kenapa sih mc d pake makan...,neutral,positive,medium,Positive (score:2.0)
7384,aplikasi gojek gopay sangat bagus sangat memberikan kemudahan layanan dan kemudahan bertransaksi tidak ribet proses upgr...,positive,negative,high,Strong negative (score:-4.8)
7390,saya sangat kecewa dengan gojek saldo yang di kirim ke rekening bang belum juga masuk sampai sekarang saya coba hubungi ...,negative,positive,high,Strong positive (score:10.4)
7400,saya pengguna aplikasi ini sudah sejak lambat dan menurut saya aplikasi ini sangat membantu sy tapi terkadang ad beberap...,positive,neutral,high,"Mixed sentiment (pos:2, neg:3)"
7402,aplikasi bagus sangat membantu saya untuk kemana mana dan makan dimana mana saya berharap saya aplikasi ini bisa menjadi...,positive,neutral,medium,Neutral (score:1.3)
7403,suka sebel sama pengemudi yang blagu mau ambil pesanan ny cuma yang deket doang saya dr tambun cuma mau ke juanda bekasi...,neutral,positive,medium,Positive (score:2.6)
7407,sangat membantu sekali dalam banyak hal semoga kedepan para drivernya makin amanah jujur dan ramah,positive,neutral,medium,Neutral (score:0.0)
7423,tolong kalo kasih pengantar jangan kejauhan lambat,negative,positive,medium,Positive (score:2.0)
7424,sangat membantu d kala saya kluar kota pertahankan aplikasinya jangan sampai lemot,positive,neutral,medium,Neutral (score:0.0)
7426,dulu saya sangat terbantuin dengan adanua aplikasini dari keperluan makan belanja harian hingga transfortasi sebagai pen...,negative,positive,medium,Positive (score:3.9)
7427,aplikasinya bagus drivernya juga oke ya walaupun aku masih belajar menggunakan nya sih alhamdulillah sekarang sudah bisa...,positive,neutral,medium,Neutral (score:1.0)
7430,not recommended tba tidak bisa di pakai ud tlp cs ktanya ganguan sianyal tpi ud mimggu ttp gbs dan app lain gda msalah g...,negative,neutral,medium,Neutral (score:1.0)
7434,gojek sangat membantu kami dlm perjlnn,positive,negative,medium,Negative (score:-2.6)
7442,bnyk membantu segala akses baik transportasi maupun pembayaran berbagai kebutuhan semoga dengan bnyknya users makin bnyk...,positive,neutral,medium,Neutral (score:-1.0)
7443,ngirim kode otp lambat banget sih nyoba brkali ttp tidak dapet padahal nomer sudah bener dan koneksi internet stabil ini...,neutral,negative,medium,Negative (score:-2.6)
7447,kalo ujan ngapa susah bt si pada ambil nya mager apa gimana,negative,positive,medium,Positive (score:2.0)
7450,sgat baik dan memuaskan,positive,negative,high,Strong negative (score:-6.0)
7453,kenapa ini sudah di update pas selesai update kenapa pas dibuka apk gojek nya gabisa ya admin ini knpa toh jaringan saya...,positive,neutral,high,"Mixed sentiment (pos:1, neg:2)"
7455,bagus dah mempermudah kita kalau lagi butuh kurir nya juga cepat dan map nya sangat sesuai,positive,neutral,medium,Neutral (score:1.3)
7464,barusan dari resto mau bayar pakai gopay pas mau bayar suruh masukin pin pdhal belum pernah membuat pin untuk gopay alha...,negative,positive,medium,Positive (score:3.0)
7466,kecewa dengan aplikasi gopay yang bls sistem terus sudah melakukan laporan eh malah di teruskan ke email harus ada cs la...,positive,neutral,medium,Neutral (score:-1.3)
7468,keren pengiriman tepat penjemputan tepat pengantaran tepat,positive,neutral,medium,Neutral (score:1.0)
7471,aplikasi yang sangat membantu dan di butuhkan semua orang di masa sekarang ini jaya dan berkembang trus ya gojek,positive,negative,medium,Negative (score:-2.6)
7486,dulu ketika gojek baru booming saya senang menggunakan aplikasi ini karena pelayanan nya masih bagus tapi sekarang malah...,negative,positive,high,Strong positive (score:5.7)
7487,tolong saldo gopay nya bisa diisi dengan pulsa dong aku suka bingung kalo mau isi saldo harus ke indomaret sudah jauh la...,neutral,positive,medium,Positive (score:2.0)
7489,sangat membantu dan mempermudah kemana saja,positive,negative,medium,Negative (score:-2.6)
7493,sangat baik dan membantu untuk membeli perlengkapan yang di butuhkan apa lagi di saat pandemi begini tidak bisa keluar r...,positive,negative,high,Strong negative (score:-10.4)
7505,mohon di perbaiki aplikasi gojek sangat mengecewakan apalagi pas bagus up paket data telkomsel saldo kepotong paket tida...,negative,positive,high,Strong positive (score:7.8)
7513,apk inj buruk bngt sudah d update harus nya jadi lebih bagus pagi ini malah sebalik nya susah bngt masuk apk nua dan suk...,negative,neutral,medium,Neutral (score:0.0)
7515,saya suka ada nya go jek bisa menolong saya berpegian jadi saya nga takut kemanah manah karena saya sangat tertolong ada...,negative,neutral,medium,Neutral (score:0.0)
7519,aplikasi ini sangat membantu saya dan keluarga ketika sedang tidak ada kendaraan saya dan keluarga bisa menggunakan apli...,positive,negative,medium,Negative (score:-2.6)
7521,ngebantu bgd buat pelajar murah dan gampang pesennya,positive,neutral,medium,Neutral (score:1.0)
7528,saya kecewa sama akun gojek sudah beberapa kali saya mengisi saldo gopay saya tidak pakai transaksi apapun tapi malah ke...,neutral,negative,medium,Negative (score:-3.0)
7531,ok banget sangat membantu dan praktis,positive,negative,medium,Negative (score:-3.2)
7542,buat apa guna nya call center kalau ujung ujung nya balik lagi ke email tiap pengaduan apapun pasti suruh kirim bukti ke...,negative,positive,medium,Positive (score:3.2)
7543,pesan goshop saldo gopay kepotong tapi belanjaan tidak datang pengemudi di chat centang trus hubungin bantuan sudah tapi...,negative,positive,medium,Positive (score:3.9)
7548,beri masukan saja ke orang pt gojek indonesia kalo bisa applikasi pengemudi saat login memakai foto wajah supaya pengemu...,positive,negative,medium,Negative (score:-2.6)
7549,memper mudah si tapi terkadang sulit juga untuk dapat pengemudi,neutral,positive,medium,Positive (score:2.0)
7554,tidak pernah sekecewa ini dengan aplikasi gojek aplikasi akhir ini sering banget lemot belum diklik promo tiba sudah dit...,neutral,negative,medium,Negative (score:-2.6)
7558,aplikasi yang sangat membantu tapi sayang promosi semakin berkurang voucher semakin sulit didapatkan,positive,negative,medium,Negative (score:-2.6)
7570,sangat terbantu tepat waktu dan pengemudi nya sangat ramah,positive,negative,medium,Negative (score:-2.6)
7573,layanan gosend sangat membantu untuk kirim barang kemana saja namun kadang penemuan titik alamat dipeta kadang kurang te...,positive,negative,high,Strong negative (score:-4.8)
7584,bagus sangat membantu di setiap transaksi dan sangat di perlukan di saat di butuhakan,positive,neutral,medium,Neutral (score:1.3)
7585,pelayanan cs gojek sangat sangat buruk saat komplain tidak memberikan solusi apa hanya mengulang kembali jawaban yang sa...,negative,positive,medium,Positive (score:3.9)
7597,aplikasi nya sangat bagus mudah dimengerti dan digunakan namun masih banyak pengemudi yang kualitas kendaraan nya kurang...,positive,negative,high,Strong negative (score:-5.2)
7598,aplikasi nya sudah bagus tapi tolong pengurusan akun gopay yang terblokir dan terkunci di percepat dong kasian costumer ...,positive,neutral,high,"Mixed sentiment (pos:1, neg:1)"
7606,aplikasi sangat membantu ketika pingin pesen makanan tapi malas keluar untuk membeli makanan,positive,negative,medium,Negative (score:-2.6)
7608,bukannya makin lambat aplikasi semakin bagus ini malah mundur aneh giliran mau pesan harus berkali baru bisa ke order en...,negative,positive,medium,Positive (score:3.9)
7611,mengecewakan pesen gofood minta di batalin tidak bisa batal padahal salah pesen makanan akhirnya sia makanan tidak terma...,negative,neutral,medium,Neutral (score:-1.0)
7617,saya kecewa dengan drivernya setiap pesan selalu chat banyak kalo belum samperin gojeknya padahal sudah jelas jelas di d...,positive,negative,medium,Negative (score:-3.9)
7620,tidak lagi lagi sumpah kesalahan terbesar saya percaya dengan ini gara gojek saya harus pesen kereta lagi nunggu jam di ...,positive,neutral,medium,Neutral (score:0.0)
7624,pengemudi nya pada gaak ramah,positive,negative,medium,Negative (score:-2.0)
7627,tolong diperbaiki lg susah banget dpt driver mungkin karena harga terlalu murah jadi tidak ada yang mau,neutral,negative,medium,Negative (score:-2.6)
7630,sudah beberapa hari tidak bisa pesan gojek karena harus download aplikasi gojek yang baru yaa padahal sebelumnya lancar ...,positive,negative,medium,Negative (score:-2.0)
7632,pas mau pakai gopay latter eehh malah di blokir padahal rutin bayar tiap bulan bagus up gopay pun sering tiap bulan buat...,negative,neutral,medium,Neutral (score:0.0)
7636,mohon perbarui maps yang akurat perumahan saya itu seharusnya tidak ada nama jalan yang betul hanya blok saja tapi di ma...,negative,neutral,high,"Mixed sentiment (pos:1, neg:1)"
7644,gojek memang sangat membantu tetapi sekarang ada banyak oknum tertentu yang memperjualbelikan akun ada banyak juga db ti...,positive,neutral,high,"Mixed sentiment (pos:1, neg:1)"
7645,sampe saat ini asyik asyik saja banyak voucher nya juga tks off beberapa waktu juga lancar aja tks,positive,negative,medium,Negative (score:-2.0)
7647,gofood sangat membantu saya suka dengan promosi dan go club dengan harta karunnya tapi akhir ini mengecewakan harta karu...,neutral,negative,high,Strong negative (score:-11.7)
7658,responya cepat tapi sayang kadang pengemudi banyak yang kurang tau jln dan akhirnya malah memperlambat perjalanan,positive,neutral,high,"Mixed sentiment (pos:1, neg:1)"
7665,jujur sangat membantu sekali apalagi dalam hal pengiriman barang dan banyak untung untuk belanja online,positive,negative,medium,Negative (score:-3.2)
7667,maaf saya rubah ke bintang dulu karena barusan yang saya pesan salah kirimnya rugi lumayan ribuan sudah buat laporan tap...,positive,neutral,high,"Mixed sentiment (pos:1, neg:1)"
7669,lambat tidak di respon aplikasi gojek sudah saya hapus dan mau download lagi takut kalau diisi saldo naik mobil gojek di...,negative,neutral,medium,Neutral (score:0.0)
7670,saya merasa sangat puas dengan aplikasi ini karena bisa membantu pelajanan saya sehari hari,positive,neutral,medium,Neutral (score:-1.3)
7676,sangat bagus dan semoga deploper mengembangkan untuk menghasilkan uang dan aplikasi yang ngak ribet thankyou,positive,neutral,medium,Neutral (score:-1.6)
7678,aplikasinya sangat membantu tpi kenapa pas sudah diupdate jadi lamaa banget proses nya padahal pas pake gojek yang versi...,positive,negative,medium,Negative (score:-3.2)
7686,saya sudah kasibintang to long di perbaiki saya sering pake gojek dan saya pesan selalu dapet yang terjauh kenap sih har...,positive,neutral,medium,Neutral (score:0.0)
7688,saya sll pakai go car jika pergi dan sll saya bayar pakai gopay disamping saya bayar dengan gopay kadang saya juga suka ...,positive,neutral,medium,Neutral (score:-1.0)
7694,ya lumayan lah dapat mengurangi angka pengangguran di indonesia dan sekaligus membatu para pemalas pemalas,neutral,positive,medium,Positive (score:2.6)
7700,kpd gojek yth kenapa akun saya di gobiz pawon dhe ram tiba dinonaktifkan memang sebelumnya ada kesalahan apa terhadap ak...,neutral,negative,medium,Negative (score:-3.0)
7705,bagus cuma tolong hapus warung yang sudah tutup kasian pengemudi nyari pas ketemu e tutup,neutral,positive,medium,Positive (score:3.0)
7713,jarang ada promosi go ride mahal banget klo tidak ada promo,neutral,negative,medium,Negative (score:-2.6)
7718,tampilannya ribet kalo ada kita pesan harusnya ada di menu utama bukan ribet harus buka ini itu terus tidak praktis bego...,negative,neutral,medium,Neutral (score:0.0)
7722,map nya tolong dibenerin tidak sesuai arahannya customer maupun drivernya jadi sering bermasalah saya sering di batal se...,positive,negative,medium,Negative (score:-2.0)
7724,pengemudi kadang rewel hanya ingin mencapai poin suruh nganter agak jauh dikit susahnya minta ampun tolong diperbaiki si...,negative,neutral,medium,Neutral (score:1.0)
7727,kepasa pihak gojek saya mau komplain masa saya topup via mbanking tapi di saldo gojeknya tidak masuk si padahal di riway...,positive,neutral,high,"Mixed sentiment (pos:1, neg:1)"
7731,saya menggunakan aplikasi gojek sudah thn bahkan x ganti hp tetep gojek awal nya membantu cepat meriah paling tidak sama...,positive,neutral,medium,Neutral (score:1.6)
7739,pokok nya senang banget banyak diskon nya apalagi makanan pokoknya sangat membantu ketika mager deh,positive,neutral,medium,Neutral (score:1.6)
7748,aplikasi ini sangat bagus sekali sikap pengemudi nya sangat sopan sama pelanggan nya,positive,negative,high,Strong negative (score:-4.8)
7749,wahai mimin yang baca ulasan ini tolong minta developer bikinin versi ringanlite aplikasi gojek dong aplikasi ini lumaya...,neutral,positive,medium,Positive (score:2.0)
7756,aplikasi gonyek terbaik dah cuma mappingnya saja kurang update masih banyak tempat yang kurang sesuai belum terjamah,positive,neutral,high,"Mixed sentiment (pos:1, neg:2)"
7767,sudah kali masih cek promosi dan promosi belum terpasang tiba tiba pesan makanan sudah tersubmit komplen promosi belum t...,negative,positive,medium,Positive (score:3.0)
7769,dear gojek kalo memang pengantaran expres kalian lebih sering telat mending tidak usah di buat pilihan expres nya orang ...,negative,neutral,medium,Neutral (score:-1.0)
7775,gara gara aplikasinya sudah cacat fix dengan segenap jiwa dan raga langsung uninstall aplikasi ini pesan gofood belom ke...,negative,positive,medium,Positive (score:3.2)
7776,sangat membantu saat saat lapar tengah malam atau sedang sakit terima kasih sudah membuat aplikasi seperti ini sangat me...,positive,negative,high,Strong negative (score:-5.2)
7783,sangat cepat upgrade nya dan mudah mudahan tidak ada kendala di prakerja saya,positive,neutral,medium,Neutral (score:0.0)
7784,agak kecewa sedikit terutama gocar nya kebanyakan pengemudi tidak mau ambil kalau cuma tarif sedikit giliran tarif besar...,neutral,positive,high,Strong positive (score:4.0)
7786,sama sekali gapernah menggunakan gojek full pengguna gojek tapi kecewa jarang ada promosi yang good deal,neutral,negative,medium,Negative (score:-3.9)
7787,teruntuk gojek tolong di perbaiki aplikasi gojek nya jujur dengan adanya gojek kita semua sangat terbantu apalagi di bag...,neutral,negative,high,Strong negative (score:-4.8)
7789,jika hujan sinyal kurang bagus lemot harga berubah rubah di jam tertentu sopir armada terkadang tak sesuai aplikasi,negative,neutral,medium,Neutral (score:0.0)
7792,saya tidak tau kenapa karena saya baru pertama kali menggunakan go jek saat saya di suruh pilih lokasi tujuan saya tidak...,neutral,positive,medium,Positive (score:2.0)
7796,aplikasi ini sangat bagus untuk memesan apa saja seperti makanan dan bisa mengantar paket dll,positive,negative,medium,Negative (score:-3.9)
7797,lumayan kalo butuh n tidak kepingin keluar bs go food an banget jg kita dimudahkan kalo beoergian tinggal piluh mau go c...,negative,positive,high,Strong positive (score:5.2)
7801,min tolong untuk pesanan seperti makanan yang sudah pesan tidak bisa di cancel kasihan drivernya pesanan makanan di canc...,negative,neutral,medium,Neutral (score:0.0)
7802,aplikasi yang sangat mudah untuk digunakan dan sangat bermanfaat,positive,negative,medium,Negative (score:-2.6)
7804,sangat informatif dan tidak ribet shg mudah tuk dilihat dipilih serta tampilan yang menarik dan formatif okey banget,positive,neutral,medium,Neutral (score:0.0)
7810,makin kesini makin mahal ongkos gofood nya jarak tidak nyampe km saja ongkos rebu tolong d perbaiki lagih makasih,negative,neutral,medium,Neutral (score:0.0)
7813,driverya gasopan maps salab truz gabisa dicacel harga mahal,negative,positive,medium,Positive (score:2.6)
7814,anehh bagus up gopay saldonya tidak masuk padahal di inbox ada pemberitahuannya makin kesini makin aneh saja aplikasinya,negative,positive,medium,Positive (score:3.0)
7818,buat developer kalo mau nambahin fitur baru di menu gofood baiknya observasi dlu lah ke konsumen saya merasa dirugikan d...,neutral,negative,medium,Negative (score:-2.0)
7819,segalanya sangat mudah dengan gojek,positive,negative,medium,Negative (score:-2.6)
7824,kebiasaan gojek kalo pesen gofood suka telat terus,neutral,positive,medium,Positive (score:2.0)
7827,so bad tolong titik jemput nya akurat kasihan drivernya apalagi bapak sdah mutar tidak ketemu titiknya masa voucher yang...,negative,positive,high,Strong positive (score:5.0)
7831,jera menggunakan aplikasi ini setelah cek review dari beberapa sumber ternyata yang dialami teman di sini mewakili apa y...,negative,neutral,medium,Neutral (score:0.0)
7838,makasih sangat membantu disaat benar butuh dan waktu tidak memungkinkan untuk keluar beli sendiri,positive,neutral,medium,Neutral (score:0.0)
7840,sedih promosi go food sudah tidak bisa digabung lagi yang sebelumnya bikin irit malah jadi mahal bingit,neutral,negative,medium,Negative (score:-2.0)
7844,sangat membantu dalam beraktifitas dan penggunaan nya sangat mudah dan hemat,positive,negative,high,Strong negative (score:-5.2)
7852,sekarang gasuka sistem cepat pesen menu di mcd dll saya kalo beli paket minumannya diganti milo tapi sekarng malah gabis...,neutral,negative,high,Strong negative (score:-5.0)
7859,pendapatan goceng tidak nutup kebutuhan rumah apalagi go food kasian drivernya di kalimantan apalagi yang perantauan ngi...,negative,positive,medium,Positive (score:2.0)
7861,tidak ada alasan aku tidak suka dengan aplikasi ini pokoknya ini adalah aplikasi yang wajib di download di hp kamu karen...,negative,neutral,medium,Neutral (score:0.0)
7863,pesan food nunggu nya kelamaan saya amati beberapa kali pesan customer butuh pelayanan cepat seperti sistem awal dlu skr...,negative,neutral,medium,Neutral (score:0.0)
7864,sangat mengecewakan buruk tidak ada penyelesaian dan solusi yang baik saya pemakai jasa gocar utk pengiriman kue dan mak...,negative,positive,high,Strong positive (score:10.4)
7868,sistemnya jelek padahal baru beberapa menit yang lalu ngebatin design uiux gojek emang tidak ada duanya ehh mau pesan ma...,negative,neutral,medium,Neutral (score:0.0)
7875,saya sudah berkali mencoba buat upgrade akun goplus saya tapi tetap tidak bisa padahal waktu saya sudah melakukan foto k...,negative,positive,medium,Positive (score:2.0)
7880,tolong bantuannya saya tidak bisa bayar saat pembeliyan tolong di perbaiki dan segera di perbaiki klo gini terus percuma...,negative,positive,medium,Positive (score:3.0)
7886,aplikasi yang baru kurang ajar banget bagus up saldo laporan sudah succes tapi dibakun gojek customer saldo belum masuk ...,negative,positive,high,Strong positive (score:6.5)
7892,klo ngasi bonus sesuaikanlah sama yang biasa digunakan biar bermanfaat kalau penumpang sering naik gocar banyakinlah kup...,positive,neutral,medium,Neutral (score:0.0)
7894,funsinya sudah bagus tapi masih ada bug di fungsi go pay nya masak aku habis make saldonya masih utuh terus waktu aku pa...,neutral,positive,medium,Positive (score:3.0)
7896,terkadang mudah digunakan sangat membantu tapi terkadang susah saat sudah dapat orderan drivernya nya tak mau antar go s...,positive,negative,medium,Negative (score:-2.6)
7900,sangat membantu dikala mager cari makan,positive,negative,medium,Negative (score:-2.6)
7901,untuk maps nya tidak akurat jadi drivernya lewat jalan agak jauh padahal dekat,negative,neutral,medium,Neutral (score:-1.0)
7904,drivernya ramah sopan dan tepat waktu penjemputan juga pengantarannya pokoknya the terbaik,positive,neutral,medium,Neutral (score:-1.0)
7906,saya sangat senang sekali dengan aplikasi ini karena kemana cepat dan biaya pun sgat irit,positive,neutral,medium,Neutral (score:-1.6)
7908,pengemudi yang menjemput sangat jauh masa saya di denai dapt pengemudi di kualanamo mrt saya aplikasinya dibagusin dibag...,neutral,negative,medium,Negative (score:-3.9)
7909,aplikasi yang sangat membantu banget,positive,negative,medium,Negative (score:-3.2)
7926,banyak aplikasi dari gojek yang bisa digunakan dari gocar goride gofood dan gopay sangat memudahkan kita untuk kebutuhan...,positive,negative,medium,Negative (score:-3.9)
7938,go food plus tidak memuaskan banyak yang toko yang tidak go food plus,neutral,negative,medium,Negative (score:-3.0)
7945,alhamdulillah drevernya sangat ramah,positive,negative,medium,Negative (score:-2.6)
7946,sudah saya taro no penerima di catatan tapi kurirnya tidak nelfon malah marah ke sonsumen,negative,positive,medium,Positive (score:3.0)
7948,tolong dong min bantuannya saldo gopay saya nyangkut gara gara gagal pesen gosend sudah ngirim email katanya suruh nungg...,negative,positive,medium,Positive (score:3.0)
7950,app yang sangat membantu yang belum punya kendaraan tapi kadang ad pengemudi yang masih nerima pesanan walaupun jaraknya...,positive,negative,medium,Negative (score:-2.6)
7960,aplikasi ini memudahkan kita untuk berpergian atau bisa untuk membeli makan dan keperluan kurir juga sangat menyenangkan...,positive,negative,high,Strong negative (score:-4.8)
7969,maaf kalau order di kensel terus lokasi blitar srengat sangat kecewa pengemudi mudah banget untuk kensel tolak pesanan p...,negative,positive,high,Strong positive (score:6.4)
7982,sangat bagus sekali apk ini bayar apa pun dan dimanapun pake apk ini sangat mudah loh,positive,negative,high,Strong negative (score:-8.0)
7987,saya tidak bsa bagus up stlh ganti nomer hp pdhal sudah saya ubah no hp d gojeknya bingung saya,neutral,negative,medium,Negative (score:-3.0)
7993,bagus pokoknya dan sangat membantu dikala malas keluar untuk mencari makan,positive,neutral,medium,Neutral (score:1.3)
7998,sangat membantu cuman kadang service center kurang membantu masih bertele tele,negative,neutral,high,"Mixed sentiment (pos:1, neg:2)"
8005,kurang memuaskan pesanan tidak diantar tepat waktu dan sering di batalkan dengan alasan yang kurang jelas,negative,positive,medium,Positive (score:3.0)
8006,bagus up cuan web dari rita menggunakan gopay gangguan trus selalu mental ke playstore tidak tau kenapa semakin update s...,negative,neutral,medium,Neutral (score:0.0)
8014,sejauh bulan aku pakai gojek sangat baik aplikasinya mudah dipakai penyelamat laparku hehe tapi tidak tau akhir akhir in...,positive,negative,high,Strong negative (score:-8.0)
8031,aplikasinya sangat membantu tpi maaf yang barusan tdi kok tidak di pencit apa malah nyari pengemudi baru kasian pengemud...,positive,negative,medium,Negative (score:-3.2)
8039,awal kasih bintang suka pake aplikasinya sejak sebelah ku boikot tapi kenapa iklan muncul di layar ya bahkan saat aplika...,negative,positive,medium,Positive (score:3.8)
8041,dulu sering pesen go food karena praktis skrang pesen sana sini jarak dkt saja ongkir nya mahal di tambh ada biaya segal...,negative,neutral,medium,Neutral (score:0.0)
8050,senang banget selama pakai gojek selalu dapet pengemudi yang baik dan seru terimakasih sekali buat pengemudi yang selalu...,negative,positive,high,Strong positive (score:11.2)
8063,lumayan cmn tingkatkan lagi waktu penjemputanpencarian driver nyri pengemudi bsa smpe berjam jam padahal lagi buru,neutral,positive,medium,Positive (score:2.0)
8079,promonya banyak yang nipu voucher gratis ongkir rb tapi bayar tetep mahal beda sama grab tolong diperbaiki lagi promosi ...,positive,negative,medium,Negative (score:-2.0)
8085,kenapa sekarang gojek jadi lemot sih klo buat dibuka aplikasi go jek aku sekarang malah tidak bisa kebuka sudah hapus do...,negative,neutral,medium,Neutral (score:0.0)
8086,apasih gojek tolong perbaiki lagi sistemnya saya dicancel kali berturut mana laper dan mager lagi susah amat nyari drive...,negative,neutral,medium,Neutral (score:1.3)
8092,aplikasi ini sangat bagus semuanya bisa jadi mudah terimakasih gopay,positive,neutral,medium,Neutral (score:-1.3)
8096,aplikasi sangat bagus menyenangkan pergi jalan kemana pun tujuan kita tidak ada masalah gampang semua,positive,negative,high,Strong negative (score:-5.2)
8099,senang bs menggunakan aplikasi ini karena promosi diskon gosend yang sangat membantu untuk pesanan saya terus tingkatkan...,positive,neutral,medium,Neutral (score:1.3)
8100,sangat memuaskan dalam menghandle komplain banyak promosi go food go ride recomended sekali,positive,negative,high,Strong negative (score:-4.8)
8122,saya tmbah bintangnya karena aplikasi bisa d gunakan dengan baik promosi juga mudah di gunakan untuk ongkir masih mahal ...,positive,negative,high,Strong negative (score:-7.0)
8123,kurang bagus masa mau login pakai nomor lain sedangkan mau kirim gopay pake ktp apa apaa ktp tp cuma bisa sekalii akun a...,negative,positive,medium,Positive (score:2.6)
8128,harga sedikit agak mahal pakai aplikasi gojek masih murah pakai aplikasi dana,neutral,positive,medium,Positive (score:3.0)
8135,makin kesini semakin eror saja pesan makanan bisa nunggu sampai sejam lebih padahal pengemudi banyak tolong di benahi si...,negative,positive,medium,Positive (score:3.0)
8136,downloadnya susah terjadi keslahan padahal download aplikasi lain lancar jaya gatau ni aplikasi ada masalah apa,negative,neutral,medium,Neutral (score:0.0)
8138,tolong perbaiki buat android sekarang buka gojek jadi notif semua aplikasi dihape tidak muncul makasih,neutral,negative,medium,Negative (score:-2.0)
8145,bagus tapj ada yang beberapa kasar,neutral,positive,medium,Positive (score:3.0)
8146,transportasi yang sangat bermanfa at buat kehidupan sehari hari sangat membantu dalam segala hal,positive,negative,medium,Negative (score:-2.6)
8152,pemilihan rute aplikasi ini sangat bermasalah ada rute cepat dan bisa langsung malah ambil rute memutar jadinya harus ba...,negative,neutral,medium,Neutral (score:0.0)
8156,untuk gofoodnya biaya pelayanan terlalu mahal menurut saya tidak perlu ada kalo ada ya oke per transaksi mohon di perbai...,negative,neutral,medium,Neutral (score:0.0)
8157,bagus n sangat membantu saya kasih dulu tapi mohon perhatikan pengemudi gojek yang ikut kriminalitas tolong di suspend j...,positive,neutral,high,"Mixed sentiment (pos:1, neg:1)"
8163,licik sekali promosi cashback pake paylater harus selesaiin x transaksi giliran sudah transaksi ke berhasil dicek ke men...,negative,positive,medium,Positive (score:2.6)
8167,saya sangat kecewa karena gopay saya terblock dengan alasan adanya aktivitas mencurigaka padahal saya pake hanya untuk k...,negative,positive,high,Strong positive (score:11.7)
8169,pengemudi nya sangat bagus selalu menjaga kenyamanan dan keselamatan penumpang,positive,negative,high,Strong negative (score:-4.8)
8170,terimakasih gojek yang sangat membantu dalam masalah transportasi masyarakat diseluruh pelosok indonesia pelayanan terus...,positive,negative,medium,Negative (score:-2.6)
8174,kesal banget mw verifikasi ganti nomor saja ribet padahal sudah jelas muka sendiri dan akun sendiri tidak ada solusi lai...,negative,neutral,medium,Neutral (score:-1.6)
8189,saya dikirimkan gopay via aplikasi gojek tetapi masih belum masuk padahal saldo gopay pengirim sudah berkurang apakah in...,negative,positive,high,Strong positive (score:5.2)
8192,pelayan sangat baik,positive,negative,medium,Negative (score:-3.9)
8196,sejauh ini saya nyaman menggunakan gojek tapi bisakah di beri fitur kirim foto dalam chat agar bisa lebih mudah saat men...,positive,neutral,high,"Mixed sentiment (pos:1, neg:2)"
8203,ku kira sinyal ku yang bermasalah ternyata aplikasinya lambat banget loadingnya padahal buku yt balas wa lancar,negative,neutral,medium,Neutral (score:0.0)
8204,buset bang saya pesen gofood dari jam sore jam malem baru sampe buset jarak km padahal otw nya naik apa itu mana gabisa ...,negative,positive,medium,Positive (score:2.0)
8205,sangat membantu pada saat lagi butuh butuhnya aplikasinya enak pelayanan nya cepat dan banyak promosi nya juga suka deh ...,positive,negative,medium,Negative (score:-2.6)
8213,tolong dong saya mau beli kuota tapi tidak bisa saldo sudah mencukupi jaringan pakai kartu lain stabil saya sudah mencob...,neutral,negative,medium,Negative (score:-3.0)
8215,sangat membantu dalam bepergian dan hemat waktu saat jam sibuk dan harus membeli makanan maupun pengantaran serta dalam ...,positive,negative,medium,Negative (score:-2.6)
8225,saya sbg pemilik resto waktu tunggu pengemudi laama sekali notifnya harap tunggu instruksi selanjutnya dan itu memakan w...,positive,negative,medium,Negative (score:-2.6)
8227,trimakasih sekali atas ada nya gojek ini goofood jadi mudah dan alhmdlh slama saya memakai aplikasi ini tidak ada keluha...,positive,neutral,medium,Neutral (score:0.0)
8231,klau hujan agak susak ordernya titik penjemputan kadang tidak tepat pengemudi belum jemput tapi sudah menyelesaikan kelu...,positive,neutral,medium,Neutral (score:-1.0)
8238,sudah berberapa minggu apk gojek saya tidak bisa dibuka trus sudah berapa kali di uninstall install tetap juga tidak bis...,neutral,negative,high,Strong negative (score:-6.0)
8249,apk mudah digunakan sangat lengkap bukan hanya utk cari makanan antar barang dan penumpang saja tapi juga membantu hal l...,positive,neutral,high,"Mixed sentiment (pos:1, neg:1)"
8263,ini aplikasi kenapa sihh padahal handphone sudah ada kuota nya unlimited sinyal juga bagus kenapa kata nya sinyal tidak ...,neutral,negative,medium,Negative (score:-3.9)
8267,dulu sangat membantu sekarang sangat membunuh tarif sangat mahal seperti terjajah oleh aplikasi mungkin ini aplikasi bel...,negative,neutral,medium,Neutral (score:0.0)
8272,aplikasinya bagus drivernya juga ramah dan sopan waktu penjemputan sama rute yang diambil juga sesuai,positive,neutral,medium,Neutral (score:1.0)
8274,sangat membantu dalam perjalanan dan dalam pemesanan makananminuman bagus dehh pokoknya,positive,neutral,medium,Neutral (score:1.3)
8276,senang klo tarip nya murah klo tarip mahal pindah ke aplikasi sebelah,negative,neutral,medium,Neutral (score:1.0)
8278,saya tidak bisa batal makanan jika salah pesan lalu menu tidak lengkap buruk sekali sangat tidak recomended,negative,positive,high,Strong positive (score:8.0)
8279,gagal upgrade mulu alasan gajelas padahal foto sudah jelas,neutral,negative,medium,Negative (score:-3.0)
8283,sering sering nemberi discount perjalanan sangat membantu,positive,negative,medium,Negative (score:-2.6)
8291,apk nya makin tidak jls saya sudah isi gopay mau isi kuota transaksi lewat my telkomsel tapi kenapa gakbisa ya sudah di ...,neutral,negative,medium,Negative (score:-2.0)
8297,mengapa sekarang tidak bisa untuk login menggunakan facebook bagaimana dengan orang yang kartunya sudah hangus saya sang...,negative,positive,medium,Positive (score:3.9)
8299,saya menyesal sih berkali kali saya pesan bagus sih ada voucher gratis ongkir eh ternyata harga makanan beda dengan yang...,positive,negative,medium,Negative (score:-3.0)
8300,aplikasi yang sangat membantu apa lagi di masa pandemi ini dan semoga sehat selalu para driver,positive,negative,medium,Negative (score:-2.6)
8314,sistem upgrade plus yang sangat buruk cuma bisa topup tapi dipakai untuk transfer dan sejenisnya tidak bisa ktp dan foto...,negative,positive,medium,Positive (score:3.9)
8322,apk sudah lumayan bagus tapi ada kekurangan yang saya alami berulang ulang pada topup saldo sering kendala saldo tidak m...,neutral,positive,medium,Positive (score:3.0)
8324,aplikais korup suka blokir pas lagi saldo gede hati harap ganti segera di hubungi jg buruk mau buka blokir dengan alasan...,negative,neutral,medium,Neutral (score:-1.0)
8325,terima kasih atas kerjasama gopay dan aplikasi lainnya sangat membantu dan mempermudah bertransaksi,positive,negative,medium,Negative (score:-2.6)
8326,sangat membantu terutama di perkotaan semoga nanti gojel sudah ada juga di kabupaten kabupaten yang diluar ibu kota ya m...,positive,neutral,medium,Neutral (score:1.3)
8337,sangat baik dan mempermudah untuk melakukan transaksi apapun terimakasih,positive,negative,medium,Negative (score:-3.9)
8339,sangat disayangkan vocher saya tiba hilang dan katanya ada aktifitas yang mencurigakan padahal saya baru bulan upgrad ke...,negative,positive,medium,Positive (score:2.6)
8357,bagus gojeg anti ribet ada diskonnya,positive,neutral,medium,Neutral (score:1.3)
8361,lup lupp dehh pelayanan nga sgt memuaskan,positive,negative,medium,Negative (score:-3.0)
8370,aplikasi ini sudah sering saya pakai dan ini sangat bagus diskonnya juga banyak,positive,negative,medium,Negative (score:-3.9)
8371,says thanks buat gojek sangat bermanfaat dan terbantu dengan adanya aplikasi ojol ini sesuai dengan motto nya selalu ada...,positive,negative,high,Strong negative (score:-5.2)
8374,sangat membantu pengguna aktif lambat tapi belum bsa dapat gunakan pay later,positive,negative,high,Strong negative (score:-5.2)
8375,made suardana sangat memuaskan,positive,negative,medium,Negative (score:-3.9)
8383,kecewa banget berlangganan gofood ditulis jelas voucher dpt rb paket goplay dan syarat lain tapi kenapa saat mau berlang...,positive,negative,medium,Negative (score:-3.9)
8393,sangat sangat kecewa masa akun saya di bekukan mana saldo nya besar pemulihan akun di persulit hati hati ah pake aplikas...,negative,neutral,medium,Neutral (score:0.0)
8398,gojek sangat membantu saya sebagai lansia yang berusia th yang masih menjalankan aktivitas di luar hampir sampai kali da...,positive,negative,high,Strong negative (score:-6.5)
8404,aplikasi bagus dan sangat bermanfaat sangat membantu sekali banyak disc dan promo terima kasih tetaplah meringankan beba...,positive,neutral,medium,Neutral (score:1.9)
8407,gojek sangat membantu,positive,negative,medium,Negative (score:-2.6)
8408,sebagai konsumen saya rasa kenapa harga tambah lambat tambah mahal seperti jadi maaf saya lebih memilih pindah ke aplika...,negative,neutral,medium,Neutral (score:0.0)
8410,aplikasi yang sangat bagus kompeten dan berkualitas serta mudah di akses,positive,neutral,medium,Neutral (score:-1.3)
8412,sangat berterima kasih sudah hadir semua jadi lebih mudah tapi kalo bisa ditambahkan keterangan jenis motor yang digunak...,negative,positive,medium,Positive (score:3.9)
8422,ada versi lite nya dong jadi males download karena makan space lumayan di hp,neutral,positive,medium,Positive (score:2.0)
8427,tolong dipercepat proses upgrade gopay nya karena jikalau ada yang butuh cepat agar lebih mudah,positive,neutral,medium,Neutral (score:0.0)
8431,di tegaskan kepada aplicator gojek indonesia tolong kembalikan lagi potongan yang untuk para pengemudi ojol dan go car j...,negative,neutral,medium,Neutral (score:0.0)
8443,saya pribadi kecewa hari ini setengah dari gaji perhari hanya untuk berangkat pulang padahal biasanya tidak smpe seperem...,neutral,negative,high,Strong negative (score:-4.8)
8446,untuk gofoodnya saya kurang nyaman apa lagi sudah dapat driver saya tunggu lama ee kenapa malah tidak diterima pesanan s...,negative,neutral,medium,Neutral (score:-1.0)
8449,tolong untuk versi yang baru buat para pengguna gojek harus menyerahkan ktp asli berupa foto nama alamat sesuai ktp kare...,neutral,positive,medium,Positive (score:2.6)
8450,untuk aplikator gojek yang terhormat tolong sekali untuk layanan goridegosend di permudah lagi layanan nya makin kesini ...,positive,neutral,high,"Mixed sentiment (pos:1, neg:2)"
8452,saya suka menggunakan gojek terutama gofood tpi minta tolong ongkir nya jangan di mahalin makasih,positive,neutral,medium,Neutral (score:0.0)
8464,promosi gofood sudah tidak seseru dulu yang bisa gabung promo sekarang jadi lebih mahal tidak seruu,neutral,negative,medium,Negative (score:-2.0)
8470,mesen makanan lokasi yang di kasi jauh terus padahal ada yang dekat aneh biar untung banyak harga ongkir lebih banyak dr...,negative,neutral,medium,Neutral (score:0.0)
8471,suka error gajelas,negative,neutral,medium,Neutral (score:0.0)
8472,gojek suka keluar sendiri aplikasi nya suka macet juge tidak stabil kayak dulu tolong di perbaiki lagi,neutral,positive,medium,Positive (score:2.0)
8473,sangat bagus tetapi hanya disayangkan biaya payleter nya cukup mahal rb untuk bulan tolong diturunkan lagi donk kalau bi...,positive,negative,high,Strong negative (score:-6.5)
8474,sangat membantu bagi saya yang tidak bisa bebas keluar rumah,positive,negative,medium,Negative (score:-2.6)
8476,bagus sangat membantu,positive,neutral,medium,Neutral (score:1.3)
8479,hai perkenalkan aku bilqis apl ini sangat bagus kita bisa memesan berbagai makanan makanya akku kasih bintang lima,positive,negative,medium,Negative (score:-3.9)
8485,bagus banyak promo sangat membantu,positive,neutral,medium,Neutral (score:1.3)
8492,jarang ada promosi diskon sekarang yang ada makin mahal harganya,neutral,negative,medium,Negative (score:-2.0)
8502,saya kasih bintang karena saya suka gojek ketika ada voucher nya tpi klw vouchernya habis saya stop make gojek karena ma...,positive,neutral,medium,Neutral (score:0.0)
8520,sangat kecewa padahal tidak pernah telat bayar gopay later dan gopay pinjam tapi sekarang limit tidak bisa digunakan,negative,positive,medium,Positive (score:3.9)
8522,kasian amat pengemudi murnitanpa aplikasi modifyg bnr kerja keras tapi dibayar murah palagi tidak sampe tutup poin karen...,neutral,negative,medium,Negative (score:-2.6)
8524,buat pin point alamat susah dipinpoint selalu rmh si a atau lpk enak yang dulu alamat bisa ditulis lengkap hampir di bat...,positive,negative,medium,Negative (score:-2.6)
8525,mbamas tolong donh harga ongkir nya lebih besad dari harga makanan nya tolong diturunin lagi yahh makasih yahh,neutral,positive,medium,Positive (score:2.0)
8532,dear gojek harganya jgn naik terus msak jarak sekilo meter harganya rb itu mahal banget dan saya masih pelajar uang saku...,negative,positive,medium,Positive (score:2.6)
8539,beberapa hari saya pesan harga awal adalah promosi setelah pesan ternyata harga normal sya mau komplain di aplikasi bant...,negative,positive,medium,Positive (score:3.9)
8540,selama ini masih bagus semoga lebih baik lagi,positive,neutral,medium,Neutral (score:0.0)
8542,sangat membantu trus ti ngkatkan,positive,negative,medium,Negative (score:-2.6)
8545,sebenernya bagus c harga lmyn standar kadang sering ada voucher tapi yang bwt saya kurang kl abis batal kenapa gopay nya...,neutral,negative,medium,Negative (score:-2.6)
8551,andaikan ada fitur penambahan tips ato biaya antar langsung dari customer sblom pemesanan supaya ordran sprti hujaan leb...,positive,negative,medium,Negative (score:-2.0)
8554,membantu sii tapi kesal banget njir seribu kali gua nyoba upgrade ke gopay plus tidak bisa capek gua capek banget mana b...,positive,neutral,high,"Mixed sentiment (pos:1, neg:1)"
8561,tampilannya buruk ini apk bukan game jadi dibikin simple saja biar org enak liatnya,neutral,negative,medium,Negative (score:-3.0)
8585,kenapa sekarang jadi mahal ya apa sudah tidak sanggup lagi nyediain promosi ya maaf ya saya pindah saja pake aplilasi ya...,positive,neutral,medium,Neutral (score:0.0)
8588,wah aplikasi ini bagus sekali walaupun tidak berguna karena saya tinggal di kampung hehe coba ditambahin ke pelosok pelo...,negative,positive,medium,Positive (score:3.9)
8590,sangat membantu dan mempermudah dari segala akses bikin banyak diskon lagi terutama di goofood nya hehhee,positive,negative,medium,Negative (score:-2.6)
8592,penurunan harga mungkin jauh lebih baik agar bisa bersaing dengan yang lainnya tapi apa pengemudi juga merasa baik denga...,positive,neutral,high,"Mixed sentiment (pos:1, neg:1)"
8613,saya senang karena sangat terbantu dengan aplikasi ini dan sangat mudah di gunakan terimakasih,positive,neutral,medium,Neutral (score:1.3)
8615,sangat baik dan ramah,positive,negative,high,Strong negative (score:-6.5)
8623,layanan yang memuaskan pelanggan,neutral,positive,medium,Positive (score:3.0)
8636,ini gojek tidak ada diskon buat pelajar ya diskon si emang lumayam tpi aga kurang maaf ya ngelunjak tpi memang sudah lan...,positive,neutral,medium,Neutral (score:1.0)
8642,kurang membantu ke daerah saya masih ada pengemudi yang selalu ampir tiap hari masih minta d batal kan dengan alasan tit...,negative,neutral,medium,Neutral (score:-1.0)
8644,gojek ini sangat perlu di waktu yang tepat jadi gunakanlah dengan sebaik baik nya ada berbagai jenis jenis nya terimakas...,positive,negative,medium,Negative (score:-3.9)
8646,bagaimana sih cs gojek tidak gercep banget balas laporan saya hp saya ketinggalan di gocar dan kata pengemudi nya setela...,positive,negative,medium,Negative (score:-2.6)
8650,sangat membantu saya dalam perjalanan,positive,negative,medium,Negative (score:-2.6)
8656,sekarang vouchernya tidak bisa dipakai sekaligus padahal sebelumya sering pakai gofood voucher sekaligus sekarang jadi a...,positive,neutral,medium,Neutral (score:-1.3)
8657,maaf aku kasih rating karena sudah pesan sudah dapat tapi posisi pengemudi tidak ada di lokasi titik jemput padahal di m...,negative,positive,medium,Positive (score:3.9)
8666,lht komentar tidak ada yang bagus setelah ku coba aplikasinya baru aku paham alur cerita yang tertulis d dlm aplikasi ta...,positive,negative,medium,Negative (score:-3.0)
8670,fiturnya samaain kek grab dong kek ada bbrpa fitur yang saya rasa lebih enak dan simpel klo di grab soalnya trus go food...,positive,neutral,medium,Neutral (score:-1.0)
8673,sangat terbantu bila keadaan jalan macet bisa cepat sampe tujuan dibanding naik angkot atau taksi,positive,neutral,medium,Neutral (score:0.0)
8675,sangat kecewa sudah membuat laporan perihan pesanan gofood yang tidak sesuai jumlah pesanan kurang tapi tidak ada kejela...,negative,positive,medium,Positive (score:2.6)
8679,parah mo pesan gomart tidak bisa tulisan pesannya warna abu apa karena saya punya voucer diskon jadi tidak bs pesan tmn ...,positive,negative,medium,Negative (score:-3.0)
8683,untuk para pengemudi harus lebih profesional lagi dong jangan seenaknya batal pesan an gofood terutama males ngatri panj...,negative,positive,medium,Positive (score:2.6)
8684,mau older go shop slalu saja di tolak itu maksudnya apa ya ini ya untuk para pengemudi kalau males nrima olderan lebih b...,negative,positive,medium,Positive (score:3.0)
8686,tolong dong di suspend para pengemudi yang suka batal perjalanan terus ini para pengemudi pada tidak niat kerja atau gim...,negative,neutral,medium,Neutral (score:0.0)
8687,over all layanan go jek memuaskan bagi saya terutama saat ada di kota besar di sanasini mmg msh ada kesalahan ketidak ny...,neutral,positive,medium,Positive (score:3.0)
8691,sangat mengecewakan beberapa bulan ini tiap saya buka selalu tidak bisa tertulis gojek tidak menanggapi ujung aplikasi h...,negative,positive,medium,Positive (score:3.9)
8694,min kenapa sih kalau mau tambahin gopay ke metode pembayaran di gogle play store kenapa nggk bisa ya padahal sudah saya ...,positive,negative,medium,Negative (score:-2.0)
8706,masih lag di hp ram gb tolong kurangi resolusinya agar bisa di hp ram gb,neutral,negative,medium,Negative (score:-2.0)
8710,trims gojek emang sangat membantu,positive,negative,medium,Negative (score:-2.6)
8722,kadang suka merasa kecewa sama drivernya kita sudah ketik tujuan kita dan nominal pun sudah jelas tapi kebanyakan pengem...,positive,neutral,high,"Mixed sentiment (pos:2, neg:1)"
8723,sudah nunggu sejam lebih buat login malah gabisa sudah bagus up saldo buat beli makan malah gabisa login terus mana male...,positive,negative,medium,Negative (score:-3.0)
8724,suka sekali dengan voucher diskon go ride nya sangat membantu sekali,positive,neutral,medium,Neutral (score:0.0)
8725,ada oknum yang mengaku dari gojek pusat yang mengaku akan memberi hadiah gopay juta rupiah dia mampu memberikan otp logi...,neutral,positive,medium,Positive (score:3.0)
8726,pengemudi tidak pilih pilih rute walau jauh tetap gass tanpa mengeluh sangat membantu untuk customer jarak jauh seperti ...,positive,negative,medium,Negative (score:-2.6)
8728,untuk layanan go ride sama go car nya bagus cuman saya kecewa sama gopay later nya sudah di bayar tagihan nya tapi masih...,positive,neutral,high,"Mixed sentiment (pos:1, neg:1)"
8729,payah saya update pay latter plus sudah mau bulan belum juga aktif payah padahal saya jualan pulsa pake gopay buruk lah ...,negative,positive,medium,Positive (score:2.0)
8731,sekarang kenapa ongkir mahal banget ya jarang ada promo,neutral,negative,medium,Negative (score:-2.6)
8733,aplikasinya sangat bagus dan membantu mau tambahin satu fitur lagi ngga kayak go mayat yang lagi viral di awreceh,positive,negative,high,Strong negative (score:-6.5)
8735,mohon bantuannya kenapa saya tidak bisa mengupdate gojeg ke versi baru dan selalu ada kesalahan dan mengharuskan memasuk...,positive,negative,medium,Negative (score:-2.6)
8737,min kenapa sekarang aplikasi gojek makin buruk sih mau pesan makanan digofood gax ada voucher gratis ongkir cashbacknya ...,positive,negative,high,Strong negative (score:-10.4)
8738,kenapa gojek jadi sering gangguan sih sekarang bagus up dan transfer sering pending,positive,negative,medium,Negative (score:-3.0)
8742,tolong untuk upgrate ke gopay plus jangan d persulit itu kan sudah ada dua foto jelas banget foto ktp nya untuk swafoto ...,negative,neutral,medium,Neutral (score:-1.6)
8750,saya pny pengalaman tidak menyenangkan waktu menggunakan gocar driver seorang perempuan yang sama sekali tidak ramah dia...,negative,neutral,medium,Neutral (score:1.3)
8758,suka sekali dengan adanya apk gojek ini dan saya jga sangat puas dengan respon para pengemudi dengan adanya apk gojek in...,positive,negative,high,Strong negative (score:-6.4)
8761,saya kecewa waktu itu ada problem masalah pemotongan saldo gopay padahal pengemudi belum dapet saya telpon cs saya dilem...,negative,neutral,high,"Mixed sentiment (pos:1, neg:1)"
8762,aplikasi ini sangat bagus saya di layani dengan sangat baik dan memuaskan saya beri bintang lima karena aplikasi ini bag...,positive,negative,high,Strong negative (score:-7.8)
8764,aplikasi dengan sistem terbaik diantara yang lain paling siap dan fiturnya paling lengkap sering dapat promosi dan disko...,positive,negative,high,Strong negative (score:-7.6)
8769,buat aplikasi gojek nya ok tapi cara kerja dreiver nya yang trkadang kurang baik tapi tak senyumin z deh,negative,positive,high,Strong positive (score:4.0)
8770,aplikasi yang sangat bagus sangat memudahkan untuk memesan layanan ojek motor taksi online dan makanan terima kasih bany...,positive,negative,medium,Negative (score:-3.9)
8779,sangat membantu keseharian saya,positive,negative,medium,Negative (score:-2.6)
8782,gopay bisa di bajak tanpa ada konfirmasi apapun keamanan sangat buruk,negative,positive,medium,Positive (score:3.9)
8785,makin sering dipakai dengan tujuan yang sama ongkosnya makin mahal tiap harinya bukan makin murah,neutral,negative,medium,Negative (score:-2.0)
8787,pelayanan sangat memuaskan tepat waktu,positive,negative,medium,Negative (score:-3.9)
8788,tidak sukanya sekarang ongkir gofood terlalu mahal jadi terpaksa lebih banyak pake aplikasi lain yang lebih irit di ongk...,neutral,negative,medium,Negative (score:-2.0)
8789,bagus banget di sarankan bangat ni aplikasi banyak disconnya prosesnya juga sangat cepat mau bagus up game pulsa token s...,positive,negative,medium,Negative (score:-3.2)
8796,kurang memuaskan aplikasi gojek sekarang kenapa sekarang harus ada biaya jasa aplikasi dan biaya pemesanan,neutral,positive,medium,Positive (score:2.0)
8797,sangat membantu hanya posisi pengemudi terkadang tidak sinkron dan titi customer kalau pindah masih sering tertinggal,positive,negative,medium,Negative (score:-2.6)
8799,tidak bisa menyelesaikan masalah masa saya tidak melakukan transaksi langganan tiba masuk sendiri tagihan dan tidak bs d...,negative,positive,medium,Positive (score:2.0)
8807,sudah klaim voucher tapi gabisa dipakai semuanyaa aplikasinya juga suka lag tiba tiba,positive,neutral,high,"Mixed sentiment (pos:1, neg:1)"
8808,gojek terlalu mahal semua muanya kadang kalo go food harga asli sama di gojek beda nya lumayan jauh,negative,neutral,medium,Neutral (score:0.0)
8811,mohon d tingkat kan lagi pencarian drivernya klo pesan tolong yang dapat jangan pengemudi yang jauh dari lokasi penjempu...,negative,positive,medium,Positive (score:2.6)
8813,sangat bagus dan sangat membantu btw kapan nih tim gojek ada di desa cz saya migrasi ke desa gegara covid jadi tidak bis...,positive,negative,high,Strong negative (score:-6.5)
8814,bisa tidak si gojek itu gausah mahal,neutral,positive,medium,Positive (score:2.0)
8818,sangat membantu tapi ongkirnya mahal ya,neutral,negative,high,Strong negative (score:-5.2)
8819,pas lagi dibutuhkannya suka lag,positive,neutral,medium,Neutral (score:0.0)
8820,email berbeda yang saya kirim ke email customer servicenya ig gopay tidak pernah direspon sama sekali saya sangat kecewa...,negative,positive,high,Strong positive (score:5.7)
8835,sangat bagus banyak promonya di waktu tertentu amanah drivernya,positive,negative,medium,Negative (score:-3.9)
8837,gila akun diblokir secara sepihak tanpa notifikasi kesalahan apa yang dilanggar mana baru isi saldo gopay langsung diblo...,negative,neutral,medium,Neutral (score:0.0)
8839,aplikasi ini sangat membatu karena jalanan semakin padat dan macet tpi dengan gojek jadi bisa agak cepat klok kmana mana,positive,negative,high,Strong negative (score:-6.5)
8855,terima kasih aplikasi ini sangat membantu dan memudahkan setiap orang yang membutuhkanya atas kehadiran aplikasi ini say...,positive,negative,medium,Negative (score:-2.6)
8859,tidak asik belum ada paylater ditolak terus,negative,neutral,medium,Neutral (score:-1.0)
8861,say ksih bintang cukup puas tapi agak kecewa ketika mau pesan go mart terussan dlam pengembangan,neutral,positive,high,Strong positive (score:5.0)
8865,bintangnya saya kurangi lag mulu,neutral,negative,medium,Negative (score:-2.0)
8869,coba revisi kembali aturan aturan yang memungkinkan custemer tidak memakai aplikasi lagi biaya penanganan kepada custeme...,negative,neutral,medium,Neutral (score:-1.0)
8889,kalo mgasih arahan maps ke pengemudi yang bener jangan ngasal ngasih jalan yang ribet msuk gang,negative,positive,medium,Positive (score:2.6)
8891,beli pulsa lambat harus nunggu xjam bagaimana ini tidak ada tanggapan sama sekali transaksi berhasil tapi pulsa tidak ma...,negative,neutral,high,"Mixed sentiment (pos:1, neg:1)"
8896,langganan plus berharap lebih murah dari sebelah gataunya ya tetep lebih mahal dr sebelah padahal sebelah tidak langgana...,neutral,negative,medium,Negative (score:-2.0)
8900,sekarang tarif gojek mahal tidak kaya dulu promosi juga tidak ada gps nya muter jauh klo mo ketujuan padahal deket thank...,negative,neutral,medium,Neutral (score:0.0)
8905,alhamdulillah aplikasi yang sangat membantu kehidupan sehari hari tapi tolong dong kalo bisa go ride lebih dari km dong ...,positive,negative,medium,Negative (score:-2.6)
8908,km ongkir k kgk masuk akal digrab ongkirnya cman k aneh di gojek km ongkirnya k di grab k padahal sama sama bayar gopay ...,neutral,negative,medium,Negative (score:-2.0)
8911,saya sering pakai app gojek untuk pesan go food cuman yang disayangkan pada update baru ini fitur pesan manual dihapus k...,neutral,negative,medium,Negative (score:-2.6)
8916,semakin naiik harga pelayanan nya lama kita kembali kayak dulu lagi bayar gojek rumah saja,negative,positive,medium,Positive (score:2.0)
8917,aplikasi busuk mending tidak perlu buat buat voucher padahal awalnya tidak ada minimal belanja tiba tiba dibuat minimaln...,negative,neutral,medium,Neutral (score:0.0)
8922,aplikasi paling lemot waktu di butuhkan untuk membuka sangat lama padahal dulu lancar sekarang jadi kaya aplikasi apaan ...,negative,positive,medium,Positive (score:3.2)
8928,kenapa klw saya ugrade sll gagal padahal ktp dah bnr sim sudah bnr dan jelas psti id anda tidak bisa di gunakan,neutral,negative,medium,Negative (score:-3.0)
8933,kecewa sih padahal sudah setia langganan goplus gofood dulu diskon ongkir sekarang,neutral,negative,medium,Negative (score:-3.0)
8935,gojek rider harga murah ramah di kantong servis ok,positive,neutral,medium,Neutral (score:0.0)
8939,tidak teruji saat trafic tinggi gampang error dan ngebug,neutral,positive,medium,Positive (score:3.0)
8942,bagus up gopay rb tidak masuk buruk padahal lagi urgent biasanya cepet langsung masuk tolong customer service segera per...,negative,positive,high,Strong positive (score:6.0)
8953,aplikasinya sangat membantu untuk berpergian makan tapi masih ada yang harus di tingkatkan untuk cara memberi rating ke ...,positive,negative,high,Strong negative (score:-5.2)
8958,kenapa lambat ya u transfer ke rekening bank nya ada gangguan atau apa ya jika memang ada gangguan minta tlg ada info jd...,negative,neutral,medium,Neutral (score:0.0)
8959,lembih gampang blanja,positive,neutral,medium,Neutral (score:1.0)
8962,aplikasi nya sudah sangat bagus dan respon nya cepat tapi tolong tambahkan fitur konfirmasi alamat min dimana letaknya d...,positive,neutral,high,"Mixed sentiment (pos:1, neg:1)"
8967,sangat membantu saat tidak bisa keluar rumah tingkatkan lagi y banyakin promonya trimakasih,positive,negative,medium,Negative (score:-2.6)
8975,sangat membantu utk kita yang lagi tidak bsa bawa kendaraan sendiri ataupun mendesak,positive,negative,medium,Negative (score:-2.6)
8984,sangat nyaman dan praktis mudah di pahami dan tidak ribet pokoknya the best,positive,neutral,medium,Neutral (score:0.0)
8989,bener memuaskan klu buat gofood dan yang lainnya yang bikin agak kecewa sama playlater sudah lumayan lambat makainya tap...,negative,positive,high,Strong positive (score:5.0)
8996,aplikasi yang sangat membantu klo ada kapolda kapoluan dapur bagus,positive,neutral,medium,Neutral (score:1.3)
8997,jangan mau download gojek tidak bisa membantu mending grab atau maxim taik no hilang sudah lengkap persaeatan buat ganti...,positive,negative,medium,Negative (score:-2.0)
9008,gofood sangat mahal dan minim promosi,negative,positive,medium,Positive (score:2.6)
9009,susah untuk login tetapi aplikasi sangat membantu,neutral,negative,high,Strong negative (score:-5.2)
9015,pelayanan ramah tidak nunggu lama tidak ngebut kendaraan terawat bersih,negative,positive,high,Strong positive (score:4.0)
9019,akhir ini aplikasi suka gangguan sering eror yang tadi ny mw pesen makan jadi q cancel besok lagi mau buka aplikasi masi...,negative,positive,medium,Positive (score:2.0)
9020,sebagai pelanggan gojek saya sangat kecewa dengan tarif yang sekarang maaf bila aplikasi ini akan saya hapus dan beralih...,negative,positive,medium,Positive (score:3.9)
9023,sangat terbantu dengan aplikasi ini karena pemesanannya sangat mudah dan drivernya ramah,positive,neutral,medium,Neutral (score:0.0)
9026,kenapa tidak bisa top up ya lewat request an disuruh update tapi sudah update bagaimana min tolong perbaiki,positive,negative,medium,Negative (score:-2.0)
9031,guoblokk biaya penanganan lebih mahal dari porsi makanan yang dipesan bisanya biaya penanganan rb padahal yang dipesen s...,negative,positive,medium,Positive (score:2.0)
9034,transaksi apapun cepet banget isi pulsa mudah bayar belanjaan cepet isi saldo juga cepet masuk lewat mbanking biaya mura...,positive,neutral,medium,Neutral (score:-1.3)
9045,alhamdullilah aplikasi ini sangat membantu sekali seiring berjalanya waktu saya menemukan satu solusi trus saya donlod a...,positive,negative,medium,Negative (score:-3.2)
9048,saya selalu langganan pake aplikasi gojek hampir tiap hari gosend harganya selalu sama tujuannya juga sma tapi kenapa ha...,negative,neutral,high,"Mixed sentiment (pos:1, neg:1)"
9062,telat bayar paylater chat nya kayak takut kali saya lari blum lambat telat sudah telepon ke kondar giliran bayar limit t...,negative,neutral,medium,Neutral (score:1.0)
9064,sangat membantu cuma kadang nyari pengemudi susah,neutral,negative,high,Strong negative (score:-5.2)
9067,sebenarnya aplikasi nya sgt membantu dan memudahkan dengan fitur fiturnya cuma akhir akhir ini aplikasi sering nge bug l...,negative,neutral,high,"Mixed sentiment (pos:1, neg:1)"
9073,slama ini sangat membantu saya kluarga tak ada kendala baik waktu ataupun transport nya slama ini,positive,neutral,medium,Neutral (score:1.3)
9081,kenapa sekarang lokasi gps tidak sesuai yaa saya di mana lokasi gps dimana tolong donk di perbaiki ini sangat merepotkn ...,negative,positive,medium,Positive (score:3.2)
9086,verry good sangat membantu sekali kalau kita mau kmn tanpa kendaraan pribadi tpi masukan sedikit saja untuk para pengemu...,positive,negative,medium,Negative (score:-3.2)
9087,kalo bisa pengemudi harus pake motor yang layak jangan motor yang tidak nyaman buat di boncengin saya di aerah jbt dan s...,negative,neutral,medium,Neutral (score:0.0)
9090,kenapa gojek sering lag,neutral,negative,medium,Negative (score:-2.0)
9091,sedikit saran untuk developer saya baru saja mendaftar gopay plus yang agak menyusahkan tidak adanya fitur mengunggah fo...,negative,neutral,medium,Neutral (score:-1.3)
9092,terkadang proses waktu penjemputan pengantaran tidak sesuai harga nya suka berubah rubah,positive,negative,medium,Negative (score:-2.0)
9093,bagus sih gojek tapi sedikit kecewa pernah dapat paylater terus ada notip untuk upgrade limit tapi di tolak limit paylat...,negative,neutral,high,"Mixed sentiment (pos:1, neg:1)"
9105,berulang kali saya mau login ke akun tapi otp tidak kunjung dikirim harus sampe berapa kali lagi sampi otp dikirim buat ...,negative,positive,medium,Positive (score:3.0)
9106,kenapa sekarang lambat ya buat upgrade ke gopay plus semoga sistemnya bisa cepat ya,neutral,negative,high,Strong negative (score:-4.0)
9107,bagus sangat membantu aktifitas dikala perlu tranpotasi dan perlu makan jadi tidak susah mudah simple cuma mainin jari,positive,neutral,high,"Mixed sentiment (pos:2, neg:2)"
9109,saya mungkin salah satu dari jutaan orang pengguna aplikasi ini aplikasi ini sangatlah membantu cuma sedikit saran saja ...,positive,negative,medium,Negative (score:-2.6)
9120,sistem nya sangat buruk dan lambat pada hal uda di perbaruhi saya jadi di complen sama drivernya di kira saya tidak memb...,negative,positive,medium,Positive (score:3.9)
9123,untuk aplkasi ini tolong di perbaiki sistem nya masa saya kalau mau pesen go ride tidak bisa dan di arahkan ke gocar dan...,negative,positive,medium,Positive (score:3.0)
9129,sangat membantu terima kasih,positive,negative,medium,Negative (score:-2.6)
9131,peralihan manajemen gopaylater ke mab sangat mengecewakan di upgrade malah limit jadi hilang semua yang tadinya sudah ad...,negative,neutral,high,"Mixed sentiment (pos:1, neg:1)"
9133,sangat membantu tapi untuk go food tarif nya masih terbilang mahal,neutral,negative,high,Strong negative (score:-5.2)
9144,pengemudi sangat ramah dan cepat dlm pengantaran ongkir jg sangat murah,positive,negative,high,Strong negative (score:-5.2)
9147,lumayan bagus tapi harga pas akhir tahun naik x lipat terus pengemudi nya ada yang kensel pas saya lagi nunggu sudah lam...,neutral,positive,medium,Positive (score:3.0)
9149,untuk go food menurut saya sangat buruk karena fitur resto super partner menurut saya sangat tidak bersahabat cuma baru ...,negative,positive,high,Strong positive (score:4.8)
9150,aplikasi yang sangat baik mempermudah semua keinginan konsumen aplikasi terpercaya is the terbaik,positive,neutral,medium,Neutral (score:0.0)
9167,bolak balik cuma suruh update muluk bermanfaat sebenerny ni aplikasi knp hrus update muluk jadi ny mah ribet,neutral,negative,medium,Negative (score:-2.6)
9168,drivernya banyak alasan weh yang bilang tidak bawa jas hujan lah apalah padahal saya tidak mempermasalahin yang penting ...,negative,positive,medium,Positive (score:2.0)
9172,sangat bermanfaat berbagai fitur sangat berguna puas pakai gojek,positive,negative,medium,Negative (score:-3.9)
9177,saya sudah langganan gojek mulai dr tahun hingga saat ini saya masih suka naik gojek tetapi pertanyaan saya knpa go jek ...,neutral,negative,medium,Negative (score:-2.6)
9179,perusahaan tidak terima kritikan wkwk kemarin saya review kurang puas dengan aplikasi ini karena biaya keterlambatan pay...,negative,positive,medium,Positive (score:2.0)
9181,terbaik dan sangat mudah dipahami sangat membantu dan semoga kedepannya tambah maju,positive,neutral,medium,Neutral (score:-1.3)
9187,mau ganti pin susah banget tadi nya enak bisa pake sidik jari,negative,positive,medium,Positive (score:2.6)
9203,mohon untuk diperbaiki akurasi map dan gps nya biar konsumen tidak berpikiran negatif kepada driver kasihan drivernya se...,negative,positive,medium,Positive (score:2.0)
9204,dalam aplikasi masih terdapat error juga kecepatannya kurang terkadang ada bag visual juga terutama saat saya akan pesan...,positive,neutral,high,"Mixed sentiment (pos:3, neg:3)"
9207,percuma dpt limit gopaylater tapi tidak bisa di pake alias diblokir tanpa sebab pembayaran lancar dan transaksinya tidak...,negative,neutral,high,"Mixed sentiment (pos:1, neg:1)"
9209,mantap luar biasa dan sangat membantu,positive,neutral,medium,Neutral (score:1.3)
9216,aplikasi mudah digunakan dan sangat membantu banyak bonusnya dan yang paling penting aplikasi anak bangsa yg cinta nkri ...,positive,neutral,medium,Neutral (score:0.0)
9226,bagus sih gofood ngebantu banget kalo lagi males keluar tapi biaya jasa aplikasi nya makin hari makin mahal terus semaki...,positive,neutral,high,"Mixed sentiment (pos:1, neg:2)"
9232,sangat membantu cepat murah aman dan mengurangi kemacetan,positive,negative,high,Strong negative (score:-5.2)
9233,makin kesini kadang suka eror aplikasinya,neutral,positive,medium,Positive (score:2.0)
9240,bagus sangat membantu klo bs diperbaiki sistem nya tiap kali pesan selalu dapat pengemudi yang posisi nya jauh sekali da...,positive,neutral,medium,Neutral (score:1.6)
9243,sangat membantu dan gampang menggunakan aplikasi nya kerenn,positive,negative,medium,Negative (score:-3.9)
9245,sering banget kepencet sebelum siap orderannya dan jeleknya pesanan bayar pakai gopay tidak bisa di batal kayak grab yan...,negative,positive,medium,Positive (score:3.2)
9251,rekening digital yang sangat membantu dan memudahkan untuk transaksi semoga bermanfaat untuk kita semua amin,positive,negative,medium,Negative (score:-2.6)
9252,agak kecewa pdhal saya pengguna setia skr diskon berlaku kl pembayaran pakai paylater yang pake gopay disc kecil bgt trs...,negative,positive,medium,Positive (score:3.0)
9268,semakin hari kalo pesan gojek bisa bisanya dapat pengemudi yang jaraknya jauh padahal disekitar banyak gojek ini sistem ...,negative,positive,medium,Positive (score:2.0)
9270,sangat mengecewakan dompet saya terkunci dan sudah menghubungi dan mengirim dokumen ke cs tapi tetep gabisa dibuka sedan...,negative,positive,medium,Positive (score:3.9)
9272,terimakasih saya edit ulasan dan bintangnya semoga bertambah baik dan lancar semua bisa diandalkan sebagai hasil karya a...,positive,neutral,medium,Neutral (score:-1.0)
9275,ngasih promosi gopay later potongan tpi gabisa di pakai sudah daftar ulang malah tidak di setujui dengan alasan yang men...,negative,positive,high,Strong positive (score:6.5)
9288,waktu tunggu untuk mendapatkan pengemudi sangat lambat dan sebagian besar drivernya suka menyuruh membatalkan pesanan ti...,negative,neutral,medium,Neutral (score:0.0)
9298,gojek gajelas berkali mau masuk selalu internet jadi alesan padahal internet baik aja email tidak pernah dipake diketera...,neutral,positive,medium,Positive (score:3.0)
9301,wah kenapa sekarang gofood gabisa dobel voucer ya padahal lumayan potongannya jadi banyak,neutral,positive,medium,Positive (score:2.0)
9303,auto delet setelah tahun pakai apk sangat membantu yang lucu habis dikasih limit pinjam jt awalnya tidak minat karena im...,positive,negative,medium,Negative (score:-3.2)
9305,bisa bisa nya eror saat lagi urgent banget bener bener tidak bisa di andalkan padahal internet lancar ada tulisan muncul...,negative,positive,medium,Positive (score:2.6)
9316,saya kecewa dengan pelayanan gojek walaupun pake gopay promo saya selalu kasih tips buat sopir cuma minta antar depan ru...,neutral,negative,medium,Negative (score:-3.0)
9322,sudah tidak bisa menggabungkan diskonn resto dam vocer diskon gofood lagi apakah eror atau mang kebijakan baru ya jadi s...,negative,positive,medium,Positive (score:2.6)
9333,dear gojek tolong dong penukaran poin nya diperbaharui lagi seperti penukaran poin utk penukaran pulsa goride gocar gofo...,negative,positive,medium,Positive (score:2.0)
9335,makanannya sudah dimahalin banyak pake tambah biaya pesen k biaya ongkir cuma meter k makin mahal biaya parkir biaya kem...,positive,neutral,high,"Mixed sentiment (pos:1, neg:1)"
9338,sangat sangat sangat membantu buat aktifitas sehari saya cuma jangan sering error aplikasinya ya terima kasih,positive,neutral,high,"Mixed sentiment (pos:1, neg:1)"
9357,tolong lah gojek kalo rekrutment pengemudi tuh yang bener cek kondisi kerndaraan driver prima apa engga kesal banget pag...,negative,positive,medium,Positive (score:3.9)
9372,kenapa saya saat pesan gofood biasanya turun didepan rumah tapi sekarang kenapa malah turun sekitar km itu jarak yang lu...,neutral,positive,medium,Positive (score:2.0)
9378,pengalaman pertama pesan gofood untuk anak yang diluar kota giliran pak pengemudi nanya lokasi pasti kos anak eh mlhan s...,neutral,positive,medium,Positive (score:3.0)
9386,apa karena gojek nyewa bts kali ya jdinya promonya makin sedikit dulu klo dpt reward pasti reward gofood nya lumayan bis...,neutral,positive,medium,Positive (score:2.0)
9387,jangan terlalu mahal ongkosnya,negative,positive,medium,Positive (score:2.0)
9388,setiap hari selalu pakai gojek utk go send dan go food gojek sangat membantu,positive,negative,medium,Negative (score:-2.6)
9393,sedikit saran dari saya yang lumayan hobi pake go food tolong restaurant yang terdaftar juga ada sistem pemberian bintan...,positive,neutral,high,"Mixed sentiment (pos:1, neg:1)"
9402,seting error lumayan loading buat para magerian,negative,neutral,medium,Neutral (score:0.0)
9413,sesi yang kurang bagus adalah ketika booking di jam transisi ke peak hour aplikasinya ngelag saat dibatalkan bookinganny...,negative,neutral,medium,Neutral (score:0.0)
9418,saya sangat kecewa dengan gojek khususnya masalah gopaylater saya sudah menggunakan selama tahun lebih bahkan tidak pern...,negative,positive,medium,Positive (score:3.9)
9419,senang berbelanja di gomart aplikasi gojek sangat membantu tapi tolong ongkir nya jangan mahal mahal ya karena area deka...,negative,neutral,high,"Mixed sentiment (pos:3, neg:3)"
9424,sangat membantu disaat sedang mager syaang nya ada biaya tambahan selain ongkir,positive,negative,medium,Negative (score:-2.6)
9429,setelah di update gatau kenapa tiap mau go food slalu trouble yang menu restonya tidak keluar lah bahkan daftar resto ny...,negative,neutral,high,"Mixed sentiment (pos:1, neg:1)"
9433,beberapa hari ini tidak bisa dipakai sama sekali loading terus sudah update re install tetap tidak bisa sekarang malah m...,neutral,positive,medium,Positive (score:2.6)
9441,aplikasi bagus tapi setelah ganti co makin busuk alhamdulillah akhirnya saya bisa uninstal apk gg ini ada masalah ke pem...,negative,positive,medium,Positive (score:3.0)
9443,isi saldo gopay di internet banking transaksi sukses tapi pas di cek aplikasi gojek nya saldo masih kemana itu saldo yan...,neutral,positive,medium,Positive (score:3.0)
9450,terima kasih salam satu aspal menghimbau untuk pengguna applikasi ini tolong kalau buat pesan hendaknya memakai layanan ...,negative,positive,medium,Positive (score:3.2)
9452,pesan makanan gofood dekat yang dapat drivernya jauh sekali km dr rumah ini bagaimana sistemnya mau cepat jadi lambat nu...,neutral,negative,high,Strong negative (score:-5.2)
9464,sangat mudah penggunaannya dan banyak diskon sesuai yang di butuhkan promonya bagus,positive,neutral,medium,Neutral (score:1.3)
9465,sangat buruk pelayanan call centernya saya sampai kali telp yang ke dua kalinya telp saya dputus sepihak dari call cente...,negative,neutral,high,"Mixed sentiment (pos:1, neg:1)"
9466,sangat membantu untuk saya jika ingin bepergian tolong lebih d perbaiki lagi pelayanannya agae pengguna lebih puas lagi,positive,negative,high,Strong negative (score:-6.5)
9468,ongkirnya yang kemahalan masak aku pesan minuman yang harganya jadi tolong jngan mahal dong ongkirnya,neutral,positive,medium,Positive (score:2.0)
9469,klu iklan nya tidak ada yang lain itu saja klu pelayanan nya bagus sih,neutral,positive,medium,Positive (score:3.0)
9484,baru tadi malam download cepat banget aksesnya dan sangat membantu,positive,neutral,medium,Neutral (score:0.0)
9491,kenapa gini sih apk ini skrang saya mau narik tunai kenapa pin saya tidak bsa masuk ya sllu gagal di ganti pun ttep gaga...,negative,neutral,medium,Neutral (score:0.0)
9493,ketika mesen makanan lemot amat masa server sibuk mulu dan klaim voucher juga bermasalah padahal belum kadaluwarsa,neutral,negative,medium,Negative (score:-2.6)
9496,aplikasinyaa sangat menarik kita dapat memesan makanan kita dengan mudah dan cepat terimakasih gojek,positive,negative,high,Strong negative (score:-5.2)
9499,terimakasih akhir nya akun saya di buka kembali emg sangat membantu bgd gojek buat yang gagal upgrade gopay plus saya sa...,positive,negative,medium,Negative (score:-2.6)
9508,sangat membantu ku dalam perjalanan dan ketika mager pengen makan tidak repot keluar rumah,positive,negative,medium,Negative (score:-2.6)
9510,makanan belum sampai sudah dipotong saja go pay nya sudah gitu ada diskon pas klik pesanan bayarnya beda lebih mahal,neutral,negative,medium,Negative (score:-2.0)
9519,agak kecewa setiap mau bayar gopaylatter selalu eror ujungnya kena denda,negative,positive,medium,Positive (score:2.0)
9527,terlalu lambat mendapatkan pengemudi kalok pake mode hemat,neutral,negative,medium,Negative (score:-2.0)
9530,app nya bagus tapi pelayanannya kurang bagus beberapakali pesan drivernya tidak jujur pesan gofood juga saya bayar sesua...,negative,positive,high,Strong positive (score:11.0)
9533,sudah hampir mibggu mau daftar akun saja tidak pernah bisa notif otp tidak pernah dapat buruk banget,negative,positive,medium,Positive (score:3.9)
9535,kecewa sebenarnya app ini bagus tapi asal isi saldo gopay belum lagi terpakai tiba tiba saldo saya berkurang karena tran...,negative,neutral,high,"Mixed sentiment (pos:1, neg:1)"
9538,emang tidak ada tandingannya ini aplikasi beda sama apk sebelah maaf utuk summary di akhir thn saya sampaikan bila saya ...,positive,neutral,medium,Neutral (score:0.0)
9540,sangat membantu untuk berpergian,positive,negative,medium,Negative (score:-2.6)
9552,sekarang gojek agak ribet akun harus selalu logout setelah pakai dan login saat akan pakai biasanya tidak pernah klo tid...,negative,neutral,medium,Neutral (score:1.3)
9553,ya awal make dlu untuk promosi nya banyak dan saya sangat puas tapi setelah lambat make dan lv sudah tinggi promosi nya ...,neutral,negative,high,Strong negative (score:-6.5)
9554,sebenarnya sangat membantu namun ketika saya butuh untuk tujuan yang jauh dan jam sibuk banyak pengemudi yang batal atau...,positive,negative,high,Strong negative (score:-5.2)
9560,aplikasi gojek ini sangat membantu sekali dlm aktivitas saya kalau saya mau kemana dan butuh apa segalanya jadi lebih ce...,positive,negative,medium,Negative (score:-3.2)
9561,tadinya aplikasinya bagus tapi trs kenapa lama error server sibuk terus tidak bs buat apa sudah uninstall dan reinstall ...,negative,neutral,high,"Mixed sentiment (pos:1, neg:2)"
9563,sangat puas dengan aplikasi ini terutama pakai goopay nya mudah cuma sering ksih diskon nya lebih ke gocargoride,positive,neutral,high,"Mixed sentiment (pos:1, neg:1)"
9567,sangat membantu sekali dengan go jek segalanya menjadi lebih mudah sukses selalu go jek,positive,neutral,medium,Neutral (score:-1.6)
9568,drivernya seru bikin perjalanan jadi tidak terasa tau dah sampe tujuan dengan aman dan nyaman,positive,neutral,medium,Neutral (score:-1.0)
9569,sangat membantu banget tapi seringnya meskipun ada pengemudi yang posisinya dekat malah dipanggilkan pengemudi yang jauh...,positive,negative,medium,Negative (score:-3.2)
9572,aplikasi yang sangat amat membantu untuk keseluruhan the terbaik lah pokoknya,positive,neutral,medium,Neutral (score:1.6)
9581,saya kasih bintang penguna baru saya baru upgrade gopay semoga proses cepat sehingga tidak mengecewakan,positive,neutral,medium,Neutral (score:1.0)
9582,gara gara di update semuanya berantakan diskon restonya tidak full kecewa banget sodara sodara,neutral,positive,medium,Positive (score:3.9)
9583,yth bpkibu emangnya tidak bisa ya bagus up gopay ke linkaja mohon infonya,positive,negative,medium,Negative (score:-3.0)
9588,sangat buruk saya sudah pakai aplikasi gojek cukup lambat tapi selalu setiap kali pesen pengemudi dpt titik lokasinya sg...,negative,neutral,high,"Mixed sentiment (pos:1, neg:1)"
9593,aplikasi yang gampang di instalasi dan sangat mudah mengoperasikannya,positive,neutral,medium,Neutral (score:-1.3)
9597,aplikasi gojek sangat bagus gofood yang anter makanan cepat nyampe ramah jujur dan sopan tidak mengecewakan aplikasi goj...,positive,negative,medium,Negative (score:-2.6)
9599,ini kenapa tiba fitur gofood ekonomisnyaa ilangg padahal bagus banget buat anak kost semenjak di update fitur nya ilangg...,negative,positive,medium,Positive (score:3.9)
9601,sangat membantu kebutuhan sehari hari,positive,negative,medium,Negative (score:-2.6)
9605,aplikasi yang bagus sangat membantu untuk sarana transportasi tingkatkan kualitas pelayanan,positive,neutral,medium,Neutral (score:1.3)
9607,kenapa sekarang kalo melakukan pesanan menggunakan gopay later tidak bisa di lakukan baik di gojek atau tokped padahal s...,neutral,positive,medium,Positive (score:3.0)
9618,coba tolong jelasin kenapa menu gotix di apk gojek sekarang tidak ad ribet kn mau nonton film sudah nyaman banget padaha...,neutral,positive,high,Strong positive (score:6.4)
9626,sekarang pakai gopay coin gopay biasa dgabungin malah tidak dpt promosi cashback serta promosi tidak dbisa dgabungin lgi...,positive,negative,medium,Negative (score:-2.0)
9629,no endors ya tapi menurutku aplikasi ini lbh baik dr yang lain banyak promosi dan fast respon soal complain aku pelangga...,positive,neutral,high,"Mixed sentiment (pos:1, neg:1)"
9637,tf ke payment lain suka eror,neutral,positive,medium,Positive (score:2.0)
9642,aplikasi ini sebetulnya bagus tapi drivernya bnyk yang tidak paham jalan lokasi harus tny lagi posisi dmn pakai baju apa...,negative,positive,high,Strong positive (score:7.8)
9643,cukup lumayan pelayanan gojek terkadang ada yang kurang baik dlm mengendarai motor,negative,positive,high,Strong positive (score:4.0)
9647,dtg di saat yang tepat nganter anak sekolah dengan cepat tepat dan akurat makasih,positive,neutral,medium,Neutral (score:0.0)
9648,update mulu sangat mengganggu sekali kali dalam sebulan oke lah tapi ini hampir tiap hari tiap minggu update lagi update...,neutral,positive,medium,Positive (score:3.2)
9657,sangat membantu saya yang terkadang pulang sekolah tidak bisa dijemput pengemudi juga baik dan ramah dan sejauh ini saya...,positive,negative,medium,Negative (score:-3.9)
9665,buruk nih aplikasih gojek masa gopay ku aku isi kemarin malam jam wib tgl desember lalu habis tadi pagi gopay ku hilang ...,negative,neutral,high,"Mixed sentiment (pos:3, neg:3)"
9679,senang tapi tidak banyak bonus lagi skrg,neutral,positive,medium,Positive (score:3.0)
9684,bagus tapi kebanyakan iklan diluar apk yang rusakngestuckgabisa out dari iklan,negative,positive,medium,Positive (score:3.0)
9686,aplikasi nya sangat membantu banyak fitur nya tapi kalau pakai gofood entah kenapa nama lokasi jadi beda lalu kalau paka...,neutral,negative,high,Strong negative (score:-6.5)
9687,sudah oke apalagi sudah terkoneksi dengan gopay jadi mudah pembayara,positive,neutral,medium,Neutral (score:0.0)
9696,aplikasi sangat bagus selama ini tidak ada masalah tapi dari tgl kemarin saya mau bayar tagihan gopaylater tidak bisa bi...,positive,negative,medium,Negative (score:-3.9)
9700,aplikasi ini sangat mudah digunakan terutama untuk ibu ibu harga terjangkau dan mendapatkan kenyamanan,positive,negative,medium,Negative (score:-2.6)
9701,aplikasi yang sangat membantu sekali,positive,negative,medium,Negative (score:-3.2)
9703,senang sekali dengan aplikasi gojek para drivernya juga ramah lalu dengan aplikasi ini dapat memudahkan kita pergi keman...,positive,neutral,medium,Neutral (score:1.3)
9705,sangat membantu kita bepergian cuman kadang dapatnya kenapa jarak jauh dengan alamat penjemputan,positive,negative,medium,Negative (score:-3.2)
9709,kenapa ya sekarang gojek untuk daerah ambon saya pesan gofood selalu jawabannya semua pengemudi lagi sibuk sudah pesan b...,positive,negative,medium,Negative (score:-3.9)
9711,halo gojek saya menerima perlakuan kurang pantas nih dari pengemudi gojek atas nama diaz karona sitepu pengemudi gojek d...,negative,neutral,medium,Neutral (score:-1.0)
9713,heran banget sama aplikasi ini padahal jelas gopay itu mencukupi buat pembayaran tapi malah yang kepake spaylater mana k...,positive,neutral,high,"Mixed sentiment (pos:1, neg:1)"
9717,lumayan membantu meski tarif sekarang berubah jadi mahal,neutral,positive,medium,Positive (score:2.0)
9722,aplikasi yang sangat bagus bisa transaksi dimanapun n kapan pun saya berada terimakasih gojek sukses sllu,positive,neutral,medium,Neutral (score:0.0)
9730,bagus tapi iklan yang tidak penting tolong dihapus saja dunk biar apk ny tidak berat,neutral,positive,medium,Positive (score:3.0)
9733,sangat membantu saat ada keperluan perjalanan maupun pesan makanan tingkatkan terus pelayanan dan kualitas driver terima...,positive,negative,medium,Negative (score:-2.6)
9735,kecewa juga sama gojek dompet saya d blokir tapi sampe sekarang belum juga dipulihkan padahal saldonya lumayan banyak ta...,negative,neutral,high,"Mixed sentiment (pos:1, neg:1)"
9746,tolong gojek indonesia ditindak pengemudi yang suka batal pesanan bukannya lgag batal suruh org tunggu menit dlu tidak s...,negative,positive,medium,Positive (score:2.6)
9749,aplikasi lumayan bagus tapi ongkir gofood sekarang malah makin mahal,neutral,positive,medium,Positive (score:3.0)
9750,aplikasinya sangat membantu selain mempermudah hasilnya pun bagus,positive,neutral,medium,Neutral (score:1.3)
9763,sistem lu ganti jek jangan nyari akun prioritas cari akun yang terdekat untuk pengemudi itu menguntungkan pihak pihak pe...,positive,neutral,medium,Neutral (score:-1.0)
9764,baik sih tapi saya sering terganggu dengan seringnya munculnya iklan ini,neutral,positive,medium,Positive (score:3.0)
9770,untuk upgrade goplus susah sekali sampe x dan saldo gopay saya cukup banyak jadi saya mau menggunakan layanan tarik tran...,negative,neutral,medium,Neutral (score:0.0)
9774,aplikasi ini sangat cepat merespon atau pas di hubung kan dengan pra kerja langsung ter update,positive,negative,medium,Negative (score:-2.6)
9782,sangat membantu tp sangat disyangkan saya terkadang menemui pengemudi gocar yang memakai celana pendek dan kaos oblong s...,positive,neutral,medium,Neutral (score:0.0)
9808,aplikasinya sangat menarik dan di penuhi fitur yang gampang dan mudah buat kita cari apa yang kita inginkan,positive,neutral,medium,Neutral (score:-1.3)
9810,suka heran sama gojek banyak drver yang on tapi tidak terima orderan buat apa ada goride kalo mmg tidak bisa digunakan b...,positive,neutral,high,"Mixed sentiment (pos:1, neg:1)"
9812,cs support nya sangat fast respon sehingga masalah saya cepat di selesaikan hanya dalam waktu kurang dari jam terima kas...,positive,negative,medium,Negative (score:-3.9)
9820,sangat bagus banget untuk pengguna baru dapet cashback saldo gopay banyak sangat dan vouchernya mantul,positive,negative,high,Strong negative (score:-9.6)
9822,aplikasi ojol paling pelit paling mencekik ongkir pembeli mahal ongkos pengemudi terlalu murah lah terus kalo orang pesa...,positive,negative,high,Strong negative (score:-8.0)
9824,sangat membantu untuk kebutuhan segala macam,positive,negative,medium,Negative (score:-2.6)
9826,sangat membantu kalau pas bawa anak n bawa barang banyak semoga makin baik pelayanannya makin banyak sale sale sale n se...,positive,negative,high,Strong negative (score:-6.5)
9830,sangat membantu saya ingin memberi saran tolong ditambahkan fitur memilih pengemudi yang wanita karena jumlah muslimah d...,positive,negative,medium,Negative (score:-3.2)
9838,bad biasanya drivernya yang chat duluan baru pelanggan nya yang balas chat saya dpt pengemudi tapi tidak chat trs tiba d...,positive,neutral,high,"Mixed sentiment (pos:1, neg:1)"
9840,kasihan pengemudi sudah berusaha bekerja dengan baik dan jujur serta profesional melayani customer ternyata sistem dalam...,positive,neutral,medium,Neutral (score:0.0)
9853,kenapa ya sekarang upgrade jadi gopay plus di acc nya jadi lambat ya sudah berhari nunggu masih belum acc juga biasanya ...,negative,neutral,high,"Mixed sentiment (pos:1, neg:1)"
9861,saya sangat puas dengan aplikasi ini dia rela menerjang dinginnya malam panasnya matahari siang yang belum updatedownloa...,positive,neutral,medium,Neutral (score:-1.3)
9865,lanyanan gojek cukup bagus cuma kadang masih ditemui yg tidak pakai seragam jadi kami kadang ada rasa was bener nga goje...,positive,neutral,high,"Mixed sentiment (pos:1, neg:2)"
9866,cuma dipake kalo tidak punya cash aja cek voucher sering gagal karena alesan server padat pelit,neutral,negative,medium,Negative (score:-3.0)
9869,ya lumayan lah membatu,neutral,positive,medium,Positive (score:2.0)
9883,aplikasi gojek ini sangat cepat karena dalam melalukan upgrade sangat cepat sekali ter upgrade dan saya melakukan transa...,positive,neutral,medium,Neutral (score:0.0)
9886,sangat mengecewakan saya mengalami kecelakaan nabrak mobil pengemudi sangat membahayakan,negative,positive,medium,Positive (score:3.9)
9894,aplikasi yang sangat membantu di segala suasana apa saja bisa tingkatkan terus ya kualitas nya dan juga promonya,positive,negative,medium,Negative (score:-2.6)
9899,sangat membantu banget dalam transportasi dan pengiriman barang pokoknya is the best,positive,negative,medium,Negative (score:-3.2)
9904,kadang bagus aplikas nya kadang tidak bagus kerna mahal ki ongkir nya baru kali jki dapat diskog nya baru sudah itu maha...,negative,neutral,medium,Neutral (score:0.0)
9905,dari sekolah pake gojek tidak pernah mengecewakan bagus,positive,neutral,medium,Neutral (score:0.0)
9908,lah mau pesen makanan kenapa jadi ribwt ah muncul whoops vocher tidak tersedia diresto anda terus dulu lancar banget pes...,negative,positive,medium,Positive (score:3.2)
9911,gojek cepat datang nya mau kirim barang juga cepat aman tarifnya juga lumayan murah,positive,negative,medium,Negative (score:-2.0)
9918,moga manfaat aplikasi grab ini untuk kita semua warga indonesia yang baik,positive,negative,medium,Negative (score:-3.0)
9919,sangat baik dan sangat recommend,positive,negative,medium,Negative (score:-3.9)
9924,aplikasi bagus tpi para gojek suka minta batal dengan berbagai alasan sehingga saya di banned padahal gojek nya sendiri ...,neutral,positive,medium,Positive (score:3.0)
9927,sudah beberapa kali pake applikasi gojek dengan berbeda beda akun karena applikasinya sering log out sendiri dan tidak b...,positive,neutral,medium,Neutral (score:0.0)
9928,untuk aplikasi sudah sangat bagus dalam fasilitas kelengkapan pilihan dan efesiensi komunikasi antara pengemudi dan pela...,positive,neutral,high,"Mixed sentiment (pos:2, neg:2)"
9933,aplikasi ini memang bagus bagi saya karena setiap saya ingin membeli apapun itu saya selalu belli lewat aplikasi ini dan...,neutral,negative,high,Strong negative (score:-4.8)
9934,makasih aplikasi gojek sangat membantu disana pengen keluar belanja tapi malas karena panas atau mager sungguh sangat me...,positive,negative,high,Strong negative (score:-6.5)
9937,ini bagaimana setelah saya update aplikasi gojek malah mapsnya tidak beraturan malah error kenapa alamat di gojek ko tid...,negative,positive,medium,Positive (score:3.2)
9945,lambat nih tidak dapet promosi diskon berhenti di promosi pembayaran bank tertentu padahal pake v,neutral,negative,medium,Negative (score:-2.0)
9946,mudah aplikasinya banyak pilihannya kerjasama dengan pengemudi ok,positive,neutral,medium,Neutral (score:0.0)
9949,makasih gojekk sangat membantuu dan promonya sangat nyaman dinikmati para customerr,positive,neutral,medium,Neutral (score:0.0)
9970,sangat membantu dan disaat pengiriman sangat cepat semoga aplikasi ini kedepannya makin sukses,positive,neutral,medium,Neutral (score:-1.3)
9977,pelayanan sangat kurang ketika bagus up gopay lewat atm proses transaksi tidak diproses uang yang di atm hilang sesuai n...,positive,neutral,medium,Neutral (score:1.3)
9983,aplikasi tolol kalah sama grab kesal banget verifikasi akun harus pake link mana link nya eror diem saja gabisa kebuka r...,negative,neutral,medium,Neutral (score:-1.6)
9985,aplikasi kendaraan online terbaik sampai sekarang ini semoga kedepannya lebih baik lagi dan harga selalu stabil jangan k...,positive,neutral,medium,Neutral (score:0.0)
10004,tanggal jatuh tempo pay later kalo bisa di awal bulan tgl an ini tgl belum gajian bos menyesal pake cm minggu sudah suru...,negative,positive,medium,Positive (score:3.0)
10006,saya pesan gofood eehh yang dateng pengemudi padahal di aplikasi gojek nya cuman muncul satu trus pas yang kedua sudah n...,neutral,negative,medium,Negative (score:-2.0)
10013,ongkir gofood tidak kira mahal bgt paling murah rbu,neutral,positive,medium,Positive (score:2.6)
10028,agak random ya awalnya ada notif gopaylatter saya belum pernah gunain setelah kemudian hari saya sering tu pake gofood g...,neutral,negative,medium,Negative (score:-2.0)
10031,saya komplen pesanan tidak sesuai langsung diurusin dengan serius thanks gojek untuk pelayanannya yang baik sekali,positive,neutral,medium,Neutral (score:1.3)
10037,kecewa gua sama gojek aplikasi update lancar tapi edukasi buat pengemudi nya tidak di update emang kenapa kalo saya cuma...,negative,neutral,high,"Mixed sentiment (pos:1, neg:1)"
10045,sangat membantu untuk transportasi,positive,negative,medium,Negative (score:-2.6)
10046,susah terus gmail dah beberapa kali perubahan data aja fastrespown padahal itu lumayan lagi masa pandemic gini prakerja ...,negative,neutral,medium,Neutral (score:0.0)
10050,minta tolong di tingkatkan lagi untuk pencarian driver jarak km saja macam cari pengemudi jarak km masih kurang ppn untu...,positive,neutral,medium,Neutral (score:-1.0)
10055,gojek memang penolong kami sgt bermanfaat sudah lambat saya langganan hanya saja akhir ini saya merasa ada yang krg pas ...,neutral,negative,medium,Negative (score:-2.0)
10057,aplikasi yang bisa di andalkan dan sangat membantu terima kasih,positive,negative,medium,Negative (score:-2.6)
10058,aplikasi ini sangat membantu bagi saya karena bisa mengantar saya ke tempat tujuan mempesan makanan dan harga nya sangat...,positive,negative,high,Strong negative (score:-6.5)
10067,tidak pernah dapat gopaylater padahal dulu sering pakai tapi karena tidak dapat sekarang enakkan pake aplikasi sebelah d...,neutral,positive,medium,Positive (score:2.0)
10068,emang maunya bagaimana sih gojek sekarang kenapa susah mauk masuk ke aplikasinya minta melengkapi data sudah tinggal kod...,negative,neutral,medium,Neutral (score:0.0)
10069,saran saya tolong tambahkan di aplikasi fitur memilih jalan karena ketika saya memilih go car dipaksa untuk masuk tol pa...,positive,negative,medium,Negative (score:-2.0)
10081,sangat mengecewakan selalu telat pengantaran gofoodnya dari estimasi yang diberikan padahal ongkosnya lebih mahal,negative,neutral,medium,Neutral (score:1.3)
10098,kadang kalo pake goshop agak susah karena kebanyan biasanya alasan pengemudi uang tidak cukup takut almt tidak ketemu da...,negative,neutral,medium,Neutral (score:1.0)
10103,aplikasi nya bagus cuman biaya transportasi nya lumayan mahal buat anak sekolah bisa juga ditambah promosi,neutral,positive,medium,Positive (score:3.0)
10113,sangat membantu ada aplikasi gojek tapi kurang suka goride karena kadang dpt pengemudi yang motornya kurang nyaman ditum...,negative,neutral,high,"Mixed sentiment (pos:2, neg:3)"
10117,gojek yang sekarang mahal banget yach ngak ada diskon go ridenya seperti dulu kalah sama aplikasi sebelah,neutral,negative,medium,Negative (score:-2.6)
10124,seringkali rute yang diambil tidak efisien daripada berangkat sendiri tidak butuh setengah jam buat saya berangkat pakai...,neutral,negative,medium,Negative (score:-2.0)
10135,saya sedikit kecewa di suruh beli voucher kata bisa dapat ternyata di isi kenapa mlah menunggu,neutral,negative,medium,Negative (score:-3.0)
10152,tolong dikasih tau para drivernya supaya lebih sopan kalau bicara saya sebagai customer sangat tidak nyaman dengan itu k...,negative,neutral,medium,Neutral (score:1.6)
10153,tidak bener nih aplikasi saudara saya akun nya di blok tampa sebab mana saldo nya jtan malah di blok dan kata nya tidak ...,negative,positive,medium,Positive (score:3.0)
10158,dari pengalaman saya menggunakan fitur go ride saya menyarankan untuk memberikan kuesioner kepribadian customer di apk g...,positive,neutral,high,"Mixed sentiment (pos:2, neg:2)"
10171,sangat membantu minta tolong sering dapat promosi diskon yaa hehehe,positive,negative,medium,Negative (score:-2.6)
10179,saya pelanggan aplikasi ini saya berdomisili di provinsi jambi saya mengeluhkan go car nya sangat susah sekarang mencari...,positive,neutral,high,"Mixed sentiment (pos:1, neg:1)"
10182,dear gojek thx dah bantu banyak banget pake tapi tambah lambat gojek makin tidak direkomendasikan untuk di gunakan terut...,negative,neutral,high,"Mixed sentiment (pos:1, neg:2)"
10183,aplikasi ini sngat bagus buat saya pergi ke sekolah atau kemanapun thanks go jek,positive,neutral,medium,Neutral (score:-1.0)
10193,sejak ada gojek hidup jadi lebih gampang,positive,neutral,medium,Neutral (score:1.0)
10194,selama memakai gojek atau gocar tidak ada masalah mudah pemakaiannya harga jasa standar dan terjangkau,positive,negative,medium,Negative (score:-2.0)
10196,bagus sangat membantu saya tapi tolong pada pengemudi nya bila yang sering mesan gojek bila dijln tolonglah jgn selalu m...,positive,neutral,high,"Mixed sentiment (pos:1, neg:1)"
10203,gojek kenapa ya jelas jelas saya tulis tujuan saya ke rumah saya kenapa tiba tiba berubah sendiri tujuannya saya sih tid...,positive,neutral,medium,Neutral (score:-1.0)
10212,kenapa saya mau login akun saya susah banget loading mulu ini kenapa biasanya juga lancar jangan salah kan saya klo ada ...,positive,negative,high,Strong negative (score:-5.2)
10213,apliaksinya bagus sangat membantu apalagi saya yang bisnis online jadi kalau kirim kirim barang dan butuh tumpangan atau...,positive,neutral,medium,Neutral (score:0.0)
10215,sangat membantu bagi saya yang susah untuk keluar rumah tapi sekarang voucer nya tidak banyak dan diskon nya kurang besa...,positive,negative,high,Strong negative (score:-8.0)
10219,memuaskan solusi alternatif disaat kita tak sempat dan sangat membantu,positive,neutral,medium,Neutral (score:1.3)
10224,masukan buat gojek terutama fitur gofood tolong untuk resto dan makanan yang mengandung babi dan sejenis nya di beri tan...,negative,neutral,medium,Neutral (score:1.0)
10226,tolong gofood di cek lagi banyak pedagang nakal harga sering tidak sesuai aplikasi alasan ada kenaikan tapi setelh sekia...,positive,neutral,high,"Mixed sentiment (pos:1, neg:1)"
10227,baru pertama kali pake fitur tambah tujuan jadi pesan x ketujuan berbeda tapi driver tapi ternyata ending nya pengemudi ...,positive,negative,medium,Negative (score:-3.0)
10228,praktis gk pke ribet,positive,neutral,medium,Neutral (score:0.0)
10235,sekarang pelayaanan gofood makin jelek estimasi selalu lelet pakai pengiriman paling cepat sama saja sampai nya lebih ka...,negative,neutral,medium,Neutral (score:-1.3)
10236,tolong lah buatin gopay versi pelajar aku mau tf agak susah juga harus premium pake ktp uupdate kedepan buatin gopay khu...,negative,neutral,medium,Neutral (score:1.0)
10237,ini saya bingung apa drivernya yang males cari duit karena jarak pesan jauh apa emg tolol sudah sangat jelas di alamat b...,negative,neutral,medium,Neutral (score:0.0)
10244,supirnya familiar menyenangkan mobilnya bersih dan cakep ac nya uaddeemm pokoknya oke banget dech sangat memuaskan,positive,neutral,medium,Neutral (score:-1.6)
10248,tolong donk pilih pengemudi yang tidak manja kl hujan tidak ada yang mau pick up dan tidak sering batal penumpang dan ya...,neutral,positive,high,Strong positive (score:4.0)
10254,saya senang dengan aplikasi gojek ini tapi ada masalah di pembayaran menggunakan gopay ini,neutral,positive,medium,Positive (score:3.0)
10255,harus ada menu blokir pengemudi yang kurang memuaskan dlm pelayanan,neutral,positive,medium,Positive (score:2.0)
10258,susah nyari pengemudi kl pake gocar hemat,neutral,negative,medium,Negative (score:-2.0)
10267,makin kesini tampaknya makin berbenah diri ya gojek terutama gopay pinjam dan gopay layer pada rakyat jelata yang butuh ...,positive,negative,medium,Negative (score:-2.6)
10275,akun saya semua voucher hilang reedem voucher tidak masuk banding selalu ditolak katanya aktifitas tidak wajar saya meng...,negative,positive,high,Strong positive (score:4.8)
10281,custumer hrsnya bersyukur sudah diantar sampai tujuan dengan murah selamat tidak perlu menuntut lbh pengemudi jg manusia...,positive,negative,high,Strong negative (score:-6.5)
10283,pelayanan sangat baik ramah,positive,negative,high,Strong negative (score:-6.5)
10284,saya pengguna goshop sangat kecewa dengan sistem poin goshop dengan adanya pengurangan poin belanja diatas rb sekarang s...,negative,neutral,medium,Neutral (score:-1.6)
10290,dengan adanya go pay saya sangat terbantu dalam bagus up diamond karena perbedaan harganya juga cukup lumayan,positive,negative,high,Strong negative (score:-6.5)
10291,pas mau beli makan loading mulu lambat bet lagi padahal jaringan sudah paling bagus,neutral,negative,high,Strong negative (score:-8.0)
10300,aplikasi yang bagus dan banyak gunanya bisa belanja dengan mudah,positive,neutral,medium,Neutral (score:1.0)
10303,kemaren pake gocar krna ada promosi jadi cuma byr ko malah drivernya kayak kesal ke customer seakan customer yang salah ...,neutral,negative,medium,Negative (score:-3.0)
10306,semoga semua bagus,positive,negative,medium,Negative (score:-3.0)
10307,aplikasi sialan pesan sesuai aplikasi nama jalan sudah benar tapi di realita salah total malah menjauh boncos ribu lebih...,negative,neutral,medium,Neutral (score:-1.0)
10313,sebelum update aplikasi ini sangat membantu ini saya baru mau update padahal sudah full downloadnya tapi nggk bisa jg se...,positive,negative,medium,Negative (score:-2.6)
10317,kebanyakan blokir saja akun nya sama sekali tidak membatu dalam proses pembayaran melalui minimarket dan jauh dri kata m...,negative,positive,medium,Positive (score:3.9)
10322,aplikasi nya bagus kenapa tidak ada masalah sama sekali saya puas dengan hasil nya biarpun kalian tidak suka aplikasi ny...,negative,neutral,medium,Neutral (score:1.3)
10325,diskon gofood utk pembayaran gopay kenapa tidak ada yang ya makin lambat malah kecil diskonnya,neutral,negative,medium,Negative (score:-2.0)
10326,aplikasinya sangat membantu tapi tlnglah jarak jemput jangan terlalu jauh kemarin saya pesan khusus penumpang drivernya ...,positive,negative,medium,Negative (score:-2.6)
10327,tolong bagian pelayanan yang mengingatkan untuk nagih go pinjam yang namanya amanda tolong diberi arahan yang baik kepad...,negative,positive,high,Strong positive (score:7.8)
10333,daftar go pay plus selfi dan ktp berkali gagal terus masa ya tulisan di ektp harus jelas kebaca saat berfoto selfi pdhl ...,positive,negative,medium,Negative (score:-3.0)
10334,aplikasi yang sangat bagus bermanfaat serta mudah mengakseskanya terima kasih,positive,neutral,medium,Neutral (score:-1.3)
10336,susah nya mau cari pengemudi gocar padahal saya pesan jam an tidak hujan juga masak susah bgt,negative,neutral,medium,Neutral (score:0.0)
10337,sangat membantu cepat dan tidak pernah mengecewakan mksh gojek atas pelayananya aq pengguna setiamu,positive,neutral,medium,Neutral (score:-1.3)
10338,min tolong pengarahannya saya bingung tidak seperti pada biasanya kalo ganti nomor lambat ke yang baru itu dipermudah se...,negative,positive,high,Strong positive (score:6.4)
10343,malam min saya upgrade akun gojek saya sudah lebih dari dua hari sampai sekarang belum ada jawaban mohon ditinjau ulang ...,neutral,positive,medium,Positive (score:2.0)
10354,saya sebagai pelanggan gojek bayar tarif yang makin mahal tapi pengemudi cuma dapat sedikit mereka hadapi risiko besar k...,negative,neutral,high,"Mixed sentiment (pos:1, neg:2)"
10357,saya sangat senang sekali belajar di kelas ini karena jenis pelatihan nya lengkap dan bisa menambah informasi yang sanga...,positive,negative,high,Strong negative (score:-4.8)
10361,sangat mengecewakan voucher untuk pembayaran tagihan pln paska bayar tidak dapat digunakan karena setiap dimasukan id pe...,neutral,positive,medium,Positive (score:3.9)
10365,aplikasinya suka eror ngehank tidak mau gerak,neutral,positive,medium,Positive (score:2.0)
10367,dulu saya senang sekali dengan gojek karena cepat dan praktis tapi semenjak pengemudi gojek bisa tau tujuannya sekarang ...,neutral,positive,high,Strong positive (score:6.4)
10368,masih sering dapat pengemudi yang jauh dari lokasi dan buat menunggu lambat juga tidak jelas sering pengemudi batal kare...,negative,neutral,high,"Mixed sentiment (pos:3, neg:3)"
10373,aplikasi nya bagus tapi kadang ada beberapa pengemudi yang ngeselin sudah mepet jam kerja sudah dikasih tau titiknya yan...,neutral,positive,medium,Positive (score:3.0)
10374,saya baru saja bagus up terus tf ribu ke temen saya itu tidak masuk padahal nomor nya sama kenapa tu bisa refund ga ada ...,neutral,positive,medium,Positive (score:3.0)
10376,rute dari gojek tidak sesuai harusnya lewat jalan aspal lebih cepat jarak tempuhnya ternyata lewat jalan tanah dan makin...,negative,positive,high,Strong positive (score:6.5)
10379,pantes sekarang susah banget pesan gocar tadi malam dpt info dari pengemudi argonya turun dulu reguler per km sekarang r...,positive,neutral,medium,Neutral (score:-1.3)
10382,tampilan gojek sekarang ribet banget dah lebih simple tampilan yang dulu saya biasa bagus up game langsung login k gojek...,positive,neutral,high,"Mixed sentiment (pos:1, neg:1)"
10383,drivers nya pada menyarankan pindah aplikasi ke grab itu pengemudi sendiri yang menyerahkan bagai mana pelayanan baik ka...,negative,neutral,medium,Neutral (score:0.0)
10384,sangat membantu apalagi cuma k perpanjang lagi ya promosi k nya sama sering kasih go jek credit edit makin bagus tambah ...,positive,neutral,high,"Mixed sentiment (pos:1, neg:1)"
10388,super apps yang sangat membantu menghemat tenaga dan waktu sukses goto,positive,negative,high,Strong negative (score:-8.0)
10398,saya pesan tidak sesuai pesanan saya berkomitment lah dalam melayani saya sebagai custumer gocar sangat kecewa krn pesan...,negative,positive,medium,Positive (score:3.9)
10404,aplikasi nya sangat baik gampang untuk di gunakan tidak perlu susah susah ngekirim lokasi langsung tau titik jemputnya s...,positive,negative,medium,Negative (score:-3.9)
10409,nyaman cuma sekarang loadingnya agak lambat,neutral,positive,medium,Positive (score:3.0)
10417,penggunaan cara bayar go pay later sering sekali bermasalah tidak ada koneksi internet coba beberapa saat lagi begitu be...,negative,positive,medium,Positive (score:2.6)
10433,pelayanan di gomart buruk dan sangat lama tolong diperbaiki lagi,negative,neutral,medium,Neutral (score:-1.3)
10438,mau batal makanan kenapa tidak bisa sama cs gojek nya bagaimana kalau kesalahan dr costumer itu mmg tidak disengaja haru...,negative,neutral,medium,Neutral (score:1.0)
10443,kecewa soalnya gadapet biasanya langsung dapet jujur ini sudah percobaan ke tetep tidak dapet,neutral,negative,medium,Negative (score:-3.0)
10447,sudah ada apk ini dari tahun an kalo tidak salah aplikasi yang sangat membantu dalam transportasi makanan dan lain fitur...,positive,negative,medium,Negative (score:-3.2)
10449,saya sangat suka dengan aplikasi ini karena sangat mudah untuk digunakan dan saya sangat terbantu untuk mencari apapun y...,positive,negative,high,Strong negative (score:-5.2)
10462,woi admin yang bener la susah banget upgrade ke gopay plus nya sudah foto ktp dan selfie berkali kali masih nda bisa man...,negative,neutral,medium,Neutral (score:1.3)
10463,saat mau bayar pakai qr code selalu masalah jaringan padahal sinyal lancar saja buka apps lain,neutral,negative,medium,Negative (score:-2.0)
10466,aplikasi gojek sangat sangat buruk saldo di gopay ada rp tiba di blokir pas di telepon cs gojek jawabannya ada transaksi...,negative,positive,high,Strong positive (score:14.4)
10468,kenapa ya gojek tuh kalau hujan selalu lambat untuk menerima pengemudi nya sangat sangat susah sekali,negative,neutral,medium,Neutral (score:0.0)
10471,sangat kecewa dengan sistem gojek yang punya sekarang soalnya saya dari tadi sudah ke pusat bantuan buat batalkan pesana...,negative,positive,medium,Positive (score:3.9)
10473,kurang puas dengan fiturnya,negative,positive,medium,Positive (score:2.0)
10477,aplikasi yang sangat membantu di saat situasi covid dan bisa pesan antar sesuai kebutuhan terima kasih gojek,positive,negative,medium,Negative (score:-2.6)
10481,layanan nya baik tapi harga semakin mahal saja sama saja dengan pangkalan ojek jauh dekat harga sama,neutral,positive,high,Strong positive (score:5.0)
10482,aplikasi ini sangat bagus dan pesannya bisa lebih dari kali saya sangat suka dengan aplikasi ini karena dapat membantu t...,positive,negative,medium,Negative (score:-3.9)
10485,pengemudi kalian makin hari makin tidak beres tolong buat pengaduan dan respon cepat untuk mengatasi masalah,positive,negative,medium,Negative (score:-2.0)
10493,saya pengguna lambat disini aplikasi gojek sekarang ini berkembang dengan adanya pesan makanan dan ketepatan lokasi tuju...,positive,negative,medium,Negative (score:-2.0)
10494,suka karena mempermudah dalam bertransportasi jika tidak memiliki kendaraan dan pelayanan pengemudi sangat baik juga pen...,positive,negative,medium,Negative (score:-3.9)
10499,sangat membantu memudahkan pengantaran dan pemesanan makanan,positive,negative,medium,Negative (score:-2.6)
10505,sangat mudah mau ngapain ajah semua ada di aplikasi ini sangat mudah dan tidak ribett trus maju gojek,positive,negative,high,Strong negative (score:-6.4)
10506,untuk gopay sih oke saja nga ada masalah tapi setiap aku pesen gocar tujuan ke rumah sakit rs selalu susah begitu dapat ...,negative,neutral,high,"Mixed sentiment (pos:1, neg:1)"
10507,baru tau sekarang gofood kalau salah pesan gabisa cancel chat ke cs juga gabisa ngeti apa selain pesan cepat yang isi ny...,negative,positive,high,Strong positive (score:6.5)
10513,sangat membantu untuk kluar masuk dana,positive,negative,medium,Negative (score:-2.6)
10516,kadang suka eror gopaynya,neutral,positive,medium,Positive (score:2.0)
10517,kecewa sering pakek padahal sudah bagus bagus eh malah sekarang kek di php in sama apk nih masa ada pengemudi kosong dek...,neutral,positive,medium,Positive (score:3.0)
10523,hal yang tidak akan pernah saya lupakan sikap drifer yang ramah dan sabar melayani dengan baik dlm cuaca hujan sekalipun,positive,neutral,medium,Neutral (score:-1.3)
10524,kenapa paylater saya tidak bisa digunakan padahal saya tidak punya hutang sama kamu itupun kalo saya pake paylater nya s...,negative,neutral,medium,Neutral (score:-1.0)
10527,sangat membantu sekali saat saya akan bepergian dan mau pesan makanan disaat lapar terima kasih banyak,positive,negative,medium,Negative (score:-3.2)
10530,sangat membantu sekali aplikasi ini untuk bepergian makan kirim barang tinggal klik saja di gojek pokoknya bisa apa saja,positive,negative,medium,Negative (score:-3.2)
10531,selalu dapat pengemudi yang jauh jadi kelamaan nunggu penjemputannya tidak efisien kadang ditunggu tidak brgerak huufftt,neutral,negative,medium,Negative (score:-2.0)
10537,bonus sekarang di batasi harus beli voucer dlu lokasi gps suka lari lari padahal dari dulu titik kordinat gua tidak pern...,neutral,negative,medium,Negative (score:-2.0)
10538,aplikasi layanan yang sangat membantu tapi kenapa skr gofood nya harus mengantar bbrp pesanan ke alamat yang berbeda ya ...,positive,negative,high,Strong negative (score:-6.4)
10542,mengecewakan ngadain promodiskon untuk bagus up game online pas saya dah isi saldo ribu mau bagus up di coda shop malah ...,positive,neutral,medium,Neutral (score:0.0)
10545,sangat membantu kalo lagi laper tapi mager banyakin lagi promosi go food nya min,positive,negative,medium,Negative (score:-2.6)
10547,sangat membantu untuk melakukan kegiatan dan keperluan saya sehari hari dan tingkatkan kedisiplinan bagi pengemudi sop b...,positive,negative,medium,Negative (score:-2.6)
10549,saya sangat terbantu dengan kehadiran gojek di kota saya tapi dengan peraturan yang baru driver yang menjemput tidak lag...,positive,neutral,high,"Mixed sentiment (pos:1, neg:1)"
10553,setelah diupdate gangguan internet terus padahal internet lancar buka yang lain bisa kecewa si di update bukan tambah ba...,positive,negative,high,Strong negative (score:-4.0)
10562,aplikasinya membantu saya banget tapi mohon maaf kenapa akhir ini aplikasinya suka error ya kadang pas pesan makanan inf...,neutral,positive,medium,Positive (score:2.6)
10563,sangat membantu sekali misalnya saja pesan gofood kita tinggal pilih saja menu makanan yang akan kita beli lalu lanjut b...,positive,negative,medium,Negative (score:-3.2)
10564,aplikasinya kenapa error terus hari ini tidak bisa di buka mau goride akhirnya tidak bisa aktivitas saya yang tiap hari ...,negative,neutral,medium,Neutral (score:0.0)
10566,awalnya merasa terbantu dengan adanya aplikasi gojekrajin pakai gopaypay latter namun sedikit kecewa setelah merasa nyam...,positive,neutral,high,"Mixed sentiment (pos:1, neg:1)"
10568,sangat membantu dan sangat baik moga kinerja tetap baik,positive,negative,high,Strong negative (score:-10.4)
10570,akhirnya aplikasi ini jadi bukan prioritas lagi setelah sll dikecewakan di probolinggo saat urgent sll eror aplikasi tid...,neutral,positive,high,Strong positive (score:7.0)
10575,gopay saya di gojek suka kepotong otomatis rb sekian history nya pembayaran google play saya merasa rugi karena tidak me...,positive,neutral,medium,Neutral (score:0.0)
10576,kalo mau pesen go food ongkirnya tolong disesuaikan dong jangan mahal banget padahal lokasi nya deket tapi kenapa mahal ...,positive,neutral,high,"Mixed sentiment (pos:1, neg:1)"
10588,kenapa saldo gopay tidak bertambah setelah bagus up melalui bca one klik pdhal sudah ada pesan masuk bagus up berhasil t...,positive,neutral,medium,Neutral (score:0.0)
10601,baik dan sangat membantu,positive,neutral,medium,Neutral (score:1.3)
10602,kenapa titik lokasinya kenapa jarang akurat sih tolong di perbaiki lagi ya titik lokasinya kasihan drivernya muter nyari...,negative,positive,medium,Positive (score:2.0)
10604,aplikasi semakin tidak jls kalo memang tidak ada pengemudi yang ambil pesanan kenapa tidak dr awal di infokan bahwa pesa...,negative,positive,medium,Positive (score:3.9)
10616,lumayan bqgus kadang lambat respon dan map kurang tepat aplikasi gosend no hp tidak bs langsung di upload dari contact l...,negative,neutral,medium,Neutral (score:-1.0)
10621,aplikasi yang sangat membantu dalam melakukan perjalan yang praktis saran agar kendaraan yang terpanggil yang terdekat d...,positive,neutral,medium,Neutral (score:0.0)
10622,aplikasi yang sangat membantu saya untuk memperoleh sarana transportasi dengan cepat dan gampang untuk membeli makanan y...,positive,negative,high,Strong negative (score:-6.5)
10624,mau masuk akun lebih rumit jika nomer kartu dan hape nya tidak berada pada satu tempat lebih baik menggunakan kode otp s...,negative,positive,medium,Positive (score:3.0)
10628,bayar express reguler ataupun hemat tidak beda jauh datengnya lambat banget heran,neutral,negative,medium,Negative (score:-2.6)
10629,sebelumnya di aplikasi sebelah gab tapi sering ada masalah layanan kalau hujan susah sekali dpt pengemudi bahkan pernah ...,positive,negative,high,Strong negative (score:-9.6)
10634,sangat susah mendapatkan driver begitu dapat eh dia minta di cancel,negative,positive,medium,Positive (score:2.6)
10635,pengalaman saya pakai go jek sangat menyenangkan dan mudah di gunakan banyak promosi juga yang saya dapat dri gofood mau...,positive,neutral,medium,Neutral (score:1.3)
10639,dari awal saya gofood sampai detik ini belum pernah sih kecewa bener bener ngebantu di saat lagi pengen makan tapi posis...,negative,positive,high,Strong positive (score:6.0)
10644,cs tidak membantu sama sekali ada barang yang hilang malah mengulang templat jawaban seperti ngomong sama robot barang s...,negative,neutral,high,"Mixed sentiment (pos:1, neg:1)"
10657,aplikasi ini sangat membantu untuk segala hal,positive,negative,medium,Negative (score:-2.6)
10658,aplikasi yang sangat baik selalu ada saat dibutuhkan lima bintang pokoknya buat aplikasinya dan buat bang drivernya,positive,negative,medium,Negative (score:-3.9)
10660,maaf untuk kali ini saya memberikan bintang sebenarnya mau memberikan bintang tapi tidak jadi karena tadi pagi saya pesa...,negative,positive,medium,Positive (score:2.0)
10668,ngasih voucher gofood nya tidak merata kak akun yang dikasih itu itu terus padahal saya sudah lambat pengguna gojek suda...,neutral,negative,high,Strong negative (score:-5.2)
10673,sangat membantu untuk belanja dan bayar tagian listrik air,positive,negative,medium,Negative (score:-2.6)
10675,bintang saja dlu sudah lambat pakai gojek trs pakek gopaylater cicilan gampang dan mudah bahkan tidak pernah telat bayar...,neutral,negative,medium,Negative (score:-3.0)
10684,bagus sih tapi saya beri bintang tiga karena harga ongkirnya mahal,neutral,positive,high,Strong positive (score:5.0)
10688,waktu saya bw barang agak banyak pengemudi nya menawarkan untuk menaruh barang di depan dan ada ucapan terima kasih dr p...,positive,neutral,medium,Neutral (score:-1.0)
10693,sangat membantu saat membutuhkan mendadak cepat dan aman,positive,neutral,medium,Neutral (score:0.0)
10700,sangat membantu saya dalam berpergian dan mohon untuk selalu mengerti akan derita pengemudi di lapangan untuk memberikan...,positive,negative,medium,Negative (score:-2.6)
10702,mau bayar saja susah tulisannya koneksi anda bermasalah padahal internet lancar sudah dari dulu tapi sekarang malah bene...,negative,neutral,high,"Mixed sentiment (pos:1, neg:1)"
10718,aplikasi yang sangat membantu tapii tolong akun dan pengemudi nya harus beda tktny jual beli akun si pemilik akun juga y...,positive,neutral,high,"Mixed sentiment (pos:1, neg:1)"
10724,alhmdllh sangat senang sekali dengan aplikasi ini dan sangat membantu sekali trimakasih utk layanan gojek smuanya sangat...,positive,neutral,medium,Neutral (score:1.6)
10728,setiap pesanan saya selalu mengecewakan bayar x pesan bisa capai rb lebih tapi makanan tidak sesuai harga tolong dong pe...,negative,neutral,high,"Mixed sentiment (pos:1, neg:1)"
10732,aplikasi ini sangat membantu saya dalam berbagai keperluan dan transaksi saya pokoknya the terbaik dah,positive,neutral,medium,Neutral (score:1.3)
10747,saya sangat senang pakai aplikasi gopay aman dan cepat terimakasih,positive,neutral,medium,Neutral (score:-1.3)
10750,sekarang sudah ada fitur camera nya untuk chat dengan driver tapi belum bisa ambil foto dr galeri harus foto dulu semoga...,positive,negative,medium,Negative (score:-3.0)
10754,sebagai e walet akun prakerja mohon bantuannya agar intensif saya bisa cair oke terimakasih aplikasi sangat membatu dan ...,positive,neutral,medium,Neutral (score:-1.3)
10755,maaf kemana nih alamatnya untuk customer complain masalahnya saya baru pakai layanan paylater pakai kali tok yang ke dan...,neutral,positive,medium,Positive (score:2.6)
10756,sangat membantu warga khususnya dalam kota baik jalan besar mau pun lorong buat masukan objek harus selalu menjaga kesel...,positive,neutral,medium,Neutral (score:1.6)
10761,agak kecewa kasihan sama drivernya karena selalu dapat pengemudi jauh jauh dari warung gofoodnya alhasil pesanannya jadi...,negative,neutral,medium,Neutral (score:0.0)
10773,mempermudah pengguna banyak diskon banyak misinya juga bagus pokoknya,positive,negative,medium,Negative (score:-3.0)
10778,suatu aplikasi yang sangat bagus dan sangat membantu disamping itu drivernya ramah ramah,positive,neutral,medium,Neutral (score:-1.3)
10783,casus saya dengan driver tidak ada kabar barang di antar oleh pengemudi tetapi di perjalanan ia meng batal secara diam s...,negative,positive,high,Strong positive (score:4.0)
10784,sangat membantu cuma kalo gofood ongkir nya mahal kali,neutral,negative,high,Strong negative (score:-5.2)
10787,pakai akun gojek dah lumayan lambat alhamdulillah fine saja kalau saya pribadi mah tidak pernah yang ada kendala yang ba...,negative,neutral,medium,Neutral (score:0.0)
10790,ngeselin masa tidak bisa ngubah pesanan go market mau dihapus tidak bisa masa mau ganti susah gtu lah yang tidak sngaja ...,negative,positive,medium,Positive (score:2.0)
10795,aku suka iklan nya jadi aku download btw aplikasi nya juga bagus banget dan sangat membantu apalagi dengan fitur baru da...,positive,negative,high,Strong negative (score:-4.8)
10800,tolong untuk pihak gojek kalau memberi pesanan ke pengemudi nya jangan jauh jauh dari lokasi yang di pesan kasian juga d...,negative,positive,medium,Positive (score:2.0)
10801,karena saya pakai nomer baru akun gojek saya terdaftar atas nama orang lain dan email nya orang tsb jg sehingga saya tid...,negative,positive,medium,Positive (score:2.0)
10802,gojeknya sekarang sudah mulai byr aplikasi dan cari untungnya tidak kira ampe ampe di tiap makan eman tidak semua restor...,neutral,negative,medium,Negative (score:-2.0)
10809,sangat membantu senang bgt good job,positive,negative,high,Strong negative (score:-6.5)
10816,aplikasi ini senang mencet waktu main game,neutral,positive,medium,Positive (score:3.0)
10817,aplikasi ini sangat membantu dalam berbelanja atau pun pergi keluar dan terimakasih atas layanan yang sangat baik nya,positive,negative,high,Strong negative (score:-6.5)
10821,tolong di saring lagi ya drivernya saya sudah bbrp kali pesan dan batal trs pada saat pesan lagi org nya masih itu lagi ...,negative,neutral,medium,Neutral (score:1.3)
10823,memang bagus sih semuanya tapi tolong ya promonya jangan gofood gofood gofood mulu bosen tadi kalo promonya gapapa ini c...,neutral,positive,medium,Positive (score:3.9)
10824,saat pesan makanan googlr map sudah tidak dapat di lihat saat pengantaran sehingga mempersulit saat mengarahkan abang go...,negative,neutral,medium,Neutral (score:-1.0)
10828,sekarang saya tidak perlu batal pengemudi yang lambat tidak bergerak saat ada order langsung dicancel dari aplikasi goje...,negative,neutral,medium,Neutral (score:0.0)
10832,kenapa setiap saya mau transfer saldo gopay saya selalu muncul upgrade gopay tetapi ketika setiap saya mau selfie untuk ...,negative,neutral,high,"Mixed sentiment (pos:1, neg:1)"
10838,sangat memuaskan dan terbaik,positive,negative,high,Strong negative (score:-7.8)
10848,lumayan tidak cape cape pergi keluar hanya klo go food dri resto kemasannya yang cakep dong jgn pake plastik biar makin ...,neutral,positive,medium,Positive (score:2.0)
10850,pergi kemana mana jadi mudah aplikasinya sangat membantu dan selama dalam penggunaan aplikasi ini tidak ada masalah apa ...,positive,neutral,medium,Neutral (score:1.3)
10856,aplikasi sangat membantu berbagai fiturnya bisa dipakai untuk bermacam kebutuhan dan senengnya lagi sering dapat voucher,positive,negative,medium,Negative (score:-2.6)
10859,para pelanggan baru di manjakan di kasih focer sedangkan pengguna lambat di abaikan jadinya banyak yang download cuma ja...,negative,neutral,high,"Mixed sentiment (pos:1, neg:1)"
10861,sangat membatu tingkatkan lagi pelayanannya agar lebih nyaman lagi terimakasih,positive,negative,medium,Negative (score:-2.6)
10864,maaf cuma kasih bintang soalnya sekarang sudah tidak ada pilihan gotik lagi padahal itu sangat membantu ibarat nya sekar...,positive,negative,medium,Negative (score:-2.6)
10884,hallo kak saya beri bintang ya semoga insentif cepat masuk digopay saya yang sudah upgrade ke gopay plus,positive,negative,medium,Negative (score:-2.0)
10886,sangat mengecewakan go jek saat ini saya isi pulsa tidak ada masuk masuk layanan saya dan respons sangat lambat selaku c...,negative,positive,high,Strong positive (score:10.4)
10888,sebenarnya sangat membantu hanya saja pas dapat pengemudi pemalas tidak cekatan sengaja sepanjang perjalanan sepertinya ...,positive,negative,medium,Negative (score:-2.6)
10889,sangat kecewa stlh perbarui aplikasi saya hmpir tiap hri mnggunakn gojek khususnya gosend tp stlh prbaruan malah susah d...,negative,neutral,high,"Mixed sentiment (pos:1, neg:1)"
10890,layanannya sangat buruk saya beli paket data sangat laman menunggunya,negative,positive,medium,Positive (score:3.9)
10895,apk yang sangat membantu dalam perjalanan simple dan praktis dalam satu genggaman,positive,neutral,medium,Neutral (score:0.0)
10907,ongkir sangat mahal meskipun dapat promosi tapi diakalin seolah olah promo harga ongkir rb rbbiaya langganan rb di kasih...,negative,positive,medium,Positive (score:2.6)
10910,pesanan saya selalu di tolak oleh pengemudi dengan alasan yang sama yaitu jauh dan sering juga nungguin drivernya lambat...,negative,positive,medium,Positive (score:3.2)
10916,sangat mudah dan aman,positive,negative,medium,Negative (score:-2.6)
10917,makanan suka telat tidak sesuai estimasi waktunya,neutral,positive,medium,Positive (score:2.0)
10918,aplikasi ini sangat bagus bermanfaat mempermudah pergi kesana kesini harga nya juga bersahabat thanks,positive,negative,high,Strong negative (score:-6.5)
10919,ini bagaimana ya co harga nya kadang murah kadang mahal tidak konsisten,neutral,negative,medium,Negative (score:-2.0)
10923,pengemudi sangat baik,positive,negative,medium,Negative (score:-3.9)
10930,sangat membantu dalam keadaan darurat,positive,negative,medium,Negative (score:-2.6)
10931,sekarang tidak bagus lagi untuk metode play leter sudah tidak bisa alias tidak ada buruk nih gojek,negative,neutral,medium,Neutral (score:0.0)
10932,so far dalam penggunaan aplikasi tidak ada kendala sama sekali pelayanan dari pengemudi nya juga ramah jadi ya cukup mem...,positive,neutral,medium,Neutral (score:-1.6)
10940,setelah ganti hp susah log in verifikasi wajah sulit dan kenapa verifikasi tidak pakai nomer telepon aja bantuan juga su...,negative,positive,high,Strong positive (score:7.0)
10941,aplikasi aneh tiba pesan makanan sendiri mana pakai gopay gopaynya tidak ada proteksi pin atau apa pesanan tidak bisa di...,negative,positive,medium,Positive (score:3.9)
10944,gofood sekarang mahal bgt terakhir beli taun kemaren gegara sekarang mahal jadi males beli online food,negative,neutral,medium,Neutral (score:0.0)
10946,hari ini aplikasi gojek lg kumat kayak dulu hati yang pakai gopay ya karena hari ini saya kejadian lagi baru abis pilih ...,negative,positive,medium,Positive (score:3.9)
10952,sangat membantu sekali driver nya jg ramah mestipun kadang ada yang mnta cancel klw tujuan kita jauh,positive,neutral,medium,Neutral (score:0.0)
10955,gabanyak drama si oke terbaik pokoknya,positive,neutral,medium,Neutral (score:1.0)
10957,setiap kali membuka gofood seringkali dapat pemberitahuan yah internetnya mati padahal wifi selalu hidup dan aman aman s...,positive,negative,medium,Negative (score:-3.0)
10970,bagus banget menyesal baru download di tahun ini,positive,neutral,medium,Neutral (score:0.0)
10977,membantu sekali tapi kadang fitur nya ada yang bikin bingung,neutral,positive,medium,Positive (score:2.6)
10978,sekarang goride susah banget nyarinya mau mesen gofood saja lambat banget dpt pengemudi mungkin karena ongkos naik kali ...,negative,neutral,medium,Neutral (score:-1.6)
10979,sangat membantu pengguna tranportasi umum tarip naik waktunya kembali ke angkutan konvensional,positive,negative,medium,Negative (score:-2.6)
10980,sangat puas dengan pelayanan yang di berikan pengemudi ny ramah dan cepat sampai dengan selamat terimakasih,positive,neutral,medium,Neutral (score:1.6)
10991,lambat menjemputnya dan responnya kadang map enggk jalan pengemudi sering minta cancel mau ngisi go pay jga tidak bisa a...,negative,neutral,medium,Neutral (score:1.3)
10994,halo kakak apk ini sangat buruk bangt apk ini untuk digunakan tapi tidak berguna titik lokasi nya yang tidak bisa di ses...,negative,positive,medium,Positive (score:3.9)
10995,aplikasinya sangat membantu cuma untuk upgrade gopaynya ko aga lambat ya mesri x jam mohon di pemudah lagi untuk upgrade...,positive,neutral,high,"Mixed sentiment (pos:1, neg:1)"
10996,banyak sekali promosi serta kemudahan dlm melakukan transaksi dlm memenuhi kebutuhan saya gojek sangat membantu skali sy...,positive,negative,medium,Negative (score:-3.2)
11005,sangat membantu akan tetapi banyak yang suka mengcancel,positive,neutral,high,"Mixed sentiment (pos:1, neg:1)"
11008,sudah nungguin jam lebih eh ternyata tidak dapat driver parah mana tidak bisa dibatalin kalau tidak dapat driver harus r...,negative,positive,high,Strong positive (score:4.8)
11019,semakin jadi langganan sering pesan malah voucher semakin berkurang bukannya makin banyak makin hari makin banyak biaya ...,neutral,negative,medium,Negative (score:-2.0)
11021,sangat membantu mempermudah urusan makan bepergian sering sering lah ada promonya,positive,negative,medium,Negative (score:-2.6)
11022,aplikasi yang sangat bagus dan fitur nya sangat menarik semoga saya bisa lancar dalam menggunakan aplikasi ini dalam ber...,positive,negative,high,Strong negative (score:-6.5)
11024,frank lagi ya mau ada kemajuan bagaimana coba bikin vocer tapi di ambil lagi besok bikin vocer pake sendiri saja ya tida...,negative,positive,medium,Positive (score:3.9)
11028,halo pihak gojek aplikasi cukup berguna untuk pengemudi dan penumpang tapi yang jadi masalah disini adalah rute di gps n...,negative,positive,medium,Positive (score:2.0)
11032,banyak promonya jadi hemat baik belanja kebutuhan pokok juga gofood nya bagus hematnya,positive,neutral,medium,Neutral (score:0.0)
11042,saya selaku pengguna sangat kecewa sudah kali mengalami saldo topup tidak masuk padahal saldo rekening sudah terpotong a...,negative,positive,high,Strong positive (score:7.8)
11047,makin kesini makin aneh banget ni aplikasi sering banget internet terputus padahal mah wifi lancar aja pake data juga ti...,negative,positive,high,Strong positive (score:6.5)
11062,asik bs bebagi wlau sdkit asal ikhlas,positive,neutral,medium,Neutral (score:1.0)
11065,layanan sudah bagus sangat cepat dan baik ganti nomor untuk verifikasi saat log in dilayani dengan sangat cepat saat nom...,positive,negative,high,Strong negative (score:-5.2)
11066,sebaiknya sistem bonus gojek jgn cuma berdasarkan quantity tapi juga berdasarkan jarakjauh dekatnya antaran karena serin...,positive,negative,medium,Negative (score:-2.0)
11067,gojek tolong dong dibenerin menu loby sama menu go ride nya ngelag banget padahal sinyak saya kenceng banget jadinya kal...,neutral,negative,medium,Negative (score:-3.2)
11069,aku kasih bintang hari ini aku diturunin sama pengemudi tidak sesuai tujuan kesal gue sudah dibilangin belum tempat tuju...,neutral,positive,medium,Positive (score:3.9)
11082,nyaman harga terjangkau mudah saran adakan gocar di subang ya,positive,neutral,medium,Neutral (score:0.0)
11102,aplikasi yang sangat bermanfaat sangat membantu customer dan menguntungkan driver,positive,negative,medium,Negative (score:-2.6)
11117,tolong untuk castamer kalau ngasihklik bintang ke pengemudi yang betul castamer ngasih koment bagus tapi ngasih bintang ...,positive,negative,medium,Negative (score:-3.9)
11121,gojek kenapa setiap hujan suka eror dan susah sekali mencari driver semoga selanjutnya bisa lbh baik karena saya adalah ...,negative,positive,high,Strong positive (score:6.5)
11125,pas mau transaksi dan input pin malah keterangan tidak ada koneksi padahal g unlimited dan jaringan lancar dan aplikasi ...,positive,negative,medium,Negative (score:-2.0)
11129,susah daftar bolak balik terus ke menu daftar gara gara no hp lambat sudah tidak aktif,negative,neutral,medium,Neutral (score:0.0)
11136,kenapa habis diupgrade mlh tidak bisa brfungsi min saya mau tf k rek sudah hari coba sllu ket tidak dpt sinyal padahal a...,positive,negative,medium,Negative (score:-2.6)
11143,tolong untuk gosen nya di perbaiki dong sudah isi keterangan dengan panjang dan jelas dan no hp si penerima masa pas goj...,neutral,negative,medium,Negative (score:-2.0)
11150,gofood sekarang jadi sangat mahal di tambah biaya apilikasi ini itu jadi tambah mahal udah tau lagi pandemi gini semua s...,negative,neutral,medium,Neutral (score:0.0)
11156,sangat membantu saya setiap saat apalagi saat saya sakit tinggal pesan gofood sudah dpt diskon dan tidak repot kemana,positive,negative,medium,Negative (score:-2.6)
11165,aplikasi nya sangat membantu kalau bisa aplikasi gojek bisa digunakan hanya dengan mengetik sms,positive,negative,medium,Negative (score:-2.6)
11170,saya senang dengan aplikasi gojek yang sangat membantu perjalanan saya,positive,neutral,medium,Neutral (score:1.3)
11174,cepat tidak ribet mudah lgi drivernya juga baik baik ramah pula aplikasinya sangat membantu dehtpi kdng ada yang krng it...,positive,negative,high,Strong negative (score:-12.8)
11181,update doang tidak berubah masih suka blank dan pas transaksi pop up tidak muncul,neutral,negative,medium,Negative (score:-2.0)
11183,saya sangat kesal karena waktu saya main game di gogame saya mendapatkan masalah yaitu lag saya sangat kesaall banget ka...,negative,positive,high,Strong positive (score:8.0)
11192,aplikasi ini sangat membantu sekali dalam berbagai hal harap bisa mengikuti selalu,positive,negative,medium,Negative (score:-3.2)
11194,login nyaa susah bangatt tolong perbaiki dong tambahin login menggunakan akun email jangan facebook saja biar gampang ka...,negative,neutral,medium,Neutral (score:-1.0)
11198,banyak sekali penipuan atas namakan gojek dan tau identitasnya tolong dong diperbaiki sistem pengaman takut disalah guna...,negative,positive,medium,Positive (score:3.9)
11199,susah banget buat loginnya nyusahin org kenapa tidak langsung kirim sms kasih kode kenapa harus masuk dulu ke link nya t...,negative,neutral,medium,Neutral (score:1.3)
11201,tidak ada yang sempurna kesempurnaan hanya milik allah,positive,negative,medium,Negative (score:-3.0)
11212,tolong untuk verifikasi e ktpnya dipermudahkan sudah berkali kali gagal tidak tau kesalahannya dimana foto e ktp sudah j...,neutral,negative,medium,Negative (score:-3.0)
11215,membantu banget buat bepergian kemana mana para gojek nya juga ramah bisa buat alternatif kalau mau pergi ke suatu tempa...,positive,neutral,high,"Mixed sentiment (pos:1, neg:1)"
11228,koh tabungan saja di blokir dan mau tramfer ke bank tidak bisa buruk,negative,positive,medium,Positive (score:3.0)
11236,sistem sering gangguan susah dapet driver dan saldo gopay suka gabisa digunakan biaya aplikasi mahal itu diapain ya biay...,negative,positive,medium,Positive (score:2.0)
11238,suka kesal dengan harga nya berangkat nya harga k pas balik kadang k kadang k ehh sekarang tidak ada voucher nya malah h...,positive,neutral,high,"Mixed sentiment (pos:1, neg:1)"
11240,gojek sangat membantu saat dibutuhkan,positive,negative,medium,Negative (score:-2.6)
11245,aplikasinya sangat berguna dan sangat membantu terutama dalam kegiatan sehari hari bagus,positive,neutral,medium,Neutral (score:1.3)
11255,sangat membantu aplikasi yang baik dan modern hanya harga bisa lebih di kurangi lagi agar bisa bersaing dengan aplikasi ...,positive,neutral,high,"Mixed sentiment (pos:1, neg:1)"
11257,tolong untuk sistem go food nya dibenarin yah masa kita pesan makanan langsung ke terima resto dengan cepat tanpa member...,positive,negative,high,Strong negative (score:-10.4)
11262,updatenya suka ngelunjak sudah hapus beberapa malah nambah gede hadeh,neutral,positive,medium,Positive (score:2.0)
11278,untung harga lumayan murah untuk drivernya juga baik untuk diskon nya kalau bisa tiap hari,positive,negative,high,Strong negative (score:-5.0)
11280,sangat membantu bagi kami yang tidak bisa bawa motor atau kendaraan lain harganyapun terjangkau sesuai tujuan,positive,negative,medium,Negative (score:-2.6)
11289,bagus up kena charge withdraw kena charge tarik dari gopay lambat banget bahkan tidak ada dihistory mau dicek tidak bisa...,negative,neutral,high,"Mixed sentiment (pos:1, neg:1)"
11291,alhamdulillah aplikasi sangat bagus sangat membantu saya bepergian drivernya juga sangat ramah perjalanan amannyaman goo...,positive,negative,high,Strong negative (score:-9.1)
11296,sangat sangat membantu sekali tapi minta tolong dong agar lebih teliti lagi untuk yang ingin menjadi pengemudi go jek ka...,positive,negative,high,Strong negative (score:-5.7)
11299,pelayanan menurun uda tidak ad lagi promo mnarik tidak kyak grab tlg lebih diperhatikan untuk customernya jgn sampai sem...,negative,neutral,medium,Neutral (score:0.0)
11305,kenapa sekarang kalau dapet promosi tidak lngsng otomatis ke pakai ya harus klik pakai dulu tidak enak bagus yang langsu...,positive,negative,medium,Negative (score:-3.0)
11306,loading terus tidak tau masalahnya apa padahal jaringan bagus sudah coba buat uninstal terus download lagi berulang kali...,neutral,negative,medium,Negative (score:-3.0)
11319,kurang profesional pengemudi suka membatalkan dengan sendiri pesanan goride yang sudah di pesan costumer,negative,neutral,medium,Neutral (score:1.0)
11323,memberi kemudahan transportasi keluarga servis e ok,positive,negative,medium,Negative (score:-2.0)
11334,aplikasinya tidak ribet tingkatkan jangkauan sampai kepelesok desa dong hehehe diskondiskonnya juga lumayan ditunggu keh...,positive,neutral,medium,Neutral (score:0.0)
11336,berhenti pakai ini aplikasi akunku tidak bisa login karena ganti hp semakin kesini pelayanan makin buruk komplain yang j...,negative,neutral,high,"Mixed sentiment (pos:3, neg:2)"
11350,aplikasi error tidak bisa login muncul tulisan failed to get your session tolong dibantu selesaikan masalah ini aplikasi...,positive,negative,high,Strong negative (score:-5.2)
11351,gofood kembali totol dengan tidak bisa batal orderan makan saja tuh duit,negative,positive,medium,Positive (score:2.0)
11354,aplikasi ini sung sangat bermanfaat untuksemua orang dengan berbelanja sangan mudah,positive,negative,medium,Negative (score:-2.6)
11356,saya melakukan pembayaran dengan gopay gopay terpotong tetapi pembayaran dinyatakan belum ada transaksi dan saya coba hu...,negative,positive,medium,Positive (score:2.6)
11365,layanan gojek mah oke bgt tapi paylater di block dengan alasan tidak jelas tunggakan tidak ada cuma karena ganti no hp d...,negative,neutral,high,"Mixed sentiment (pos:1, neg:1)"
11370,di gofood biaya penanganannya mahal banget skr parah tidak kaya dulu di sebelah tidak semahal itu sudah,negative,neutral,medium,Neutral (score:-1.3)
11374,sekarang jamannya go jek dan tidak repot kalo laper tapi tolong discon diperbesar dan max belanja jangan tinggi cukup rb...,neutral,negative,medium,Negative (score:-2.0)
11375,suka ngeblok akun tanpa sebab dengan alasan yang tidak jelas padahal saya pakai aplikasi ini buat syarat dapat poin di t...,negative,positive,medium,Positive (score:2.0)
11379,tolong lah jangan sekali ganti pengemudi ganti pengemudi pengemudi saya bru mau jalan sudah di ganti bagaimana jadi lamb...,negative,positive,medium,Positive (score:2.6)
11383,bagus sangat membantu pekerjaan saya untuk bepergian hanya saja u tuk go cat nya kurang pelayanan dlm membantu jika kami...,positive,neutral,high,"Mixed sentiment (pos:3, neg:4)"
11389,saya sangat kecewa dengan aplikasi ini masa saya ganti hp dan no hp yang terdaftar tetep sama saya harus update gopay pl...,negative,positive,medium,Positive (score:3.9)
11395,aplikasi yang sangat membantu dan mempermudah alat transportasi dan transaksi lainnya sukses selalu dan tetap jaya,positive,neutral,medium,Neutral (score:1.3)
11396,saya sangat suka sekali dengan aplikasi ini karena sangat membantu dalam keadaan apapun pengemudi nya pun sangat sopan d...,positive,negative,high,Strong negative (score:-6.4)
11399,sebenarnya aplikasi ini yang paling lengkap fiturnya tapi saya kecewa berat karena sudah beberapa tahun menggunakan apli...,negative,positive,medium,Positive (score:2.6)
11400,aplikasi cacat pengaturan bantuannya gaa responsif dan ribet saya mau batalin pesanan malah ganti driver saya tidak seng...,negative,positive,high,Strong positive (score:8.0)
11403,suka banget hanya saja voucher go ride nya slalu ada dong tuk anak sekolah sangat membantu tanpa voucher mahal jadi nya,positive,negative,medium,Negative (score:-3.2)
11406,usulan saya gps nya di auto off ketika keluar dari aplikasi kadang suka lupa jadinya batre cepet abiss semoga dipertimba...,positive,neutral,medium,Neutral (score:-1.0)
11408,sangat buruk pelayanannya saya pesan gokar driver sangat slow respon dichat tidak balas ditlp tidak ditanggapi menunggu ...,negative,positive,medium,Positive (score:2.6)
11413,hmm pas checkout pesanan tidak keluar nominal dibilang suruh hapus keranjang terus nambah menu tapi bagaimana ya hapus p...,negative,positive,medium,Positive (score:2.0)
11414,aplikasi makin ke sini makin tidak jelas akun yang rajin malah jarang di kasih pesan an giliran akun yang suka sortil at...,negative,positive,medium,Positive (score:2.0)
11418,aplikasinya bagus banget jadi kalo males keluar rumah tinggal pesen nyampe bayar sudah deh anti ribet deh,positive,neutral,medium,Neutral (score:1.6)
11436,buruk sekarang kode promosi yang otomatis kya tukisan rb dpt potongan min belanja rb dengan mnggunakan gopay tidak akan ...,negative,positive,medium,Positive (score:2.6)
11438,sangat membantu sekali sukakk,positive,negative,medium,Negative (score:-3.2)
11439,asslkm saya sangat kecewa sudah x saya transaksi lewat gopay saldo sudah di potong namun laporan atau id transaksinya ti...,negative,positive,high,Strong positive (score:4.8)
11441,pernah dapat go jek yang curang tapi di laporan malah di tolak padahal pake aplikasi nya dah tahun bagaimana sih bohong ...,negative,positive,high,Strong positive (score:4.0)
11442,trimakasih upgrade e wallet nya sangat cepat di banding yang lain,positive,negative,medium,Negative (score:-2.6)
11443,saya beri bintang karena sangat lumayan membantu aktivitas tranportasi saya,positive,negative,high,Strong negative (score:-5.2)
11450,minn tolong saya dong miin saya suka banget dengan aplikasi go jek semakin kesini aplikasi gojek jadi aneh saya ingin me...,negative,positive,medium,Positive (score:2.6)
11452,saya sebagai orang yang suka pakai gojek sangat berterima kasih dan sangat senang karena ada aplikasi ini namun saya aga...,positive,negative,high,Strong negative (score:-7.8)
11456,terlepas dari apapun itu yang kata ny banyak kendala tapi saya sudah pakai apk ini lambat entah buat beli makan transpor...,positive,negative,medium,Negative (score:-2.0)
11459,adanya aplikasi ini jadi lebih simpel tidak perlu buka gojek lebih gampang kalo mau beli pulsa kuota dll bisa transfer k...,positive,negative,medium,Negative (score:-2.0)
11471,terima kasih sudah menyediakan layanan gojek sangat membantu saya untuk berpergian dengan cepat mudah dan hemat dan bisa...,positive,negative,high,Strong negative (score:-7.8)
11474,ada apa dengan aplikasi ini verifikasi gagal map error chat ngadat bikin salah paham konsumen sama driver tolong perbaik...,negative,neutral,medium,Neutral (score:-1.0)
11479,saya pengguna lambat gosend dengan aktivitas kirim barang setiap hari mohon kiranya agar aplikasi gojek bisa lebih di pe...,positive,negative,high,Strong negative (score:-6.4)
11480,paket gobike yang langganan sudah tidak ada tolong dong adain buat yang langganan lumayan buat ngirit dalam kondisi kaya...,neutral,negative,medium,Negative (score:-2.0)
11484,cukup membantu tapi tanggal oktober saya coba tarik saldo gopay tujuaan bank btpn syariah an wahyu wibowo kenapa belum m...,neutral,positive,medium,Positive (score:2.0)
11489,kemarin order jarak lumayan jauh ongkirnya rb lebih pas pengemudi nyampe saya tanya pak ongkir kesini agak mahal ya kata...,negative,positive,medium,Positive (score:3.0)
11499,lumayan bagus tapi lumayan mahal,neutral,positive,high,Strong positive (score:5.0)
11500,layanan sangat buruk gopay saya di blokir sudah beberapa hari padahal ada saldo nya sangat sangat buruk,negative,positive,high,Strong positive (score:7.8)
11506,bagus sih cuman kenapa selalu nda ad jaringan nda ad internet padahal buka aplikasi lain bisa kencang aja jadinya tidak ...,negative,positive,medium,Positive (score:3.0)
11509,hallo saya bukan mitra dari ojek online manapun tolong memanusiakan karyawan kalian mereka adalah aset yang paling berha...,positive,negative,medium,Negative (score:-2.6)
11518,kecewa ngomong saja cashback sama gratis ongkir tapi tidak ada satupun yang terjadi tulisannya gratis ongkir pas udeh ny...,positive,negative,medium,Negative (score:-3.0)
11521,pesan gojek emang enak tapi kadangkala dapat pengemudi yang jauh jauh klo bisa sih jangan di kasihnya ke pengemudi yang ...,positive,negative,medium,Negative (score:-2.0)
11522,langganan gofood tapi ongkir lumayan ya sesuai jarak dan sekarang ada tambahan biaya jadi makin mahal di onlinefood sebe...,negative,neutral,high,"Mixed sentiment (pos:1, neg:1)"
11524,sebenernya sangat membantu tapi kalo sudah ujan rush hour susah banget dapet driver sampe nunggu jam pun tidak dapet,neutral,negative,high,Strong negative (score:-6.4)
11525,aplikasi yang sangat membantu sekali saat lelah bekerja dan tidak ingin keluar rumah bisa pesan makan dari rumah,positive,negative,medium,Negative (score:-3.2)
11528,uninstal aja pelayanan drivernya jelek tidak cekatan lambat banget padahal deket tapi harus nunggu lambat banget malah d...,negative,neutral,high,"Mixed sentiment (pos:2, neg:2)"
11536,aplikasi ini otp yang sangat lambat dan lemot dalam detik moga otp bisa dipercepat soalnya masih banyk kerjaan lainnya,negative,positive,high,Strong positive (score:5.2)
11537,baru kali ini kecewa dengan aplikasi ini komplen masalah makanan yang tidak sesuai awalnya respon dari aplikasinya cepat...,negative,neutral,high,"Mixed sentiment (pos:1, neg:1)"
11550,aplikasinya bagus tapi saya ada masalah saat pemesanan sering banget pesanan saya di tolak ama sistem tanpa notifikasi j...,negative,neutral,high,"Mixed sentiment (pos:1, neg:1)"
11551,sangat membantu disaat perlu untuk bepergian dan pesan makanan,positive,negative,medium,Negative (score:-2.6)
11552,yaa lebih greget lagi kalo ngasi poin jngn bnyak di food ad ride juga oke,positive,negative,medium,Negative (score:-2.0)
11557,belum pernah kecewa sih sama apk ini dan semoga tidak bakalan bener bener ngebantu aku banget buat ngejalanin bisnis aku...,negative,positive,medium,Positive (score:3.9)
11562,aplikasi yang sangat mudah digunakan dibutuhkn dan sangat bermanfaat utk masyarakat indonesia semoga sudah dapat dipergu...,positive,negative,medium,Negative (score:-2.6)
11563,ganti email ja ribet bgt aturan tu masuk aplikasi ada pilihan bisa pakai no hp dan email jadi klau ganti no yang sudah h...,negative,positive,medium,Positive (score:2.6)
11574,saya suka dengan aplikasi ini ada gojeknya tetapi saya lihat ke aplikasi dana disitu transfer biaya administrasinya cuma...,neutral,positive,medium,Positive (score:2.0)
11586,apk tidak jelas susah ngetik alamat bikim emosi,negative,positive,medium,Positive (score:2.6)
11605,terimakasih banyak gojek atas jasanya sangat praktis dan murah diskon besar besaran sangat ramah di kantong pelajar bagi...,positive,neutral,medium,Neutral (score:0.0)
11609,sering pake untuk layanan go food tapi sudah hari ini voucher toko tidak bisa dipake kecewa sih padahal selalu pake dari...,neutral,positive,medium,Positive (score:3.0)
11610,muantaap gaes apk sangat membantu sekali apalagi di saat kita lapar jauh dari tempat makan tinggal klik langsung kenyang,positive,negative,medium,Negative (score:-3.2)
11618,tarif murah walau agak terlambat datang mungkin macet tp nyampe tujuan cpt mantul,positive,neutral,medium,Neutral (score:0.0)
11619,untuk qriss dan berbagi gopay agak susah dengan notif adanya tindakan mencurigakan dsb tidak semudah aplikasi ewallet ya...,negative,neutral,medium,Neutral (score:1.0)
11620,setiap pembelanjaan express tidak pernah tepat waktu atau lebih cepat selalu telat percuma bayar lebih biar cepet tapi h...,negative,neutral,high,"Mixed sentiment (pos:1, neg:1)"
11623,makin buruk setelah di perbarui lokasi sudah aktif tpi pas mau di gunakan aktifkn lokasi sampe sekarang tidak bsa d pake...,negative,neutral,medium,Neutral (score:0.0)
11626,kenapa saya upgrade tidak bisa saja dengan alasan kartu id sudah pernah di gunakan padahal saya belum pernah menggunakan...,neutral,positive,medium,Positive (score:2.0)
11629,min kalo bisa jangan tambahin bayaran layanan apk dong makanan ongkirnya jadi lebih mahal mana pas gaada diskon pula pli...,neutral,negative,medium,Negative (score:-2.0)
11636,pada era skarang aplikasi ini sangat membatu sekali bagi orang yang memiliki keterbatasan karena pada aplikasi ini kita ...,positive,negative,medium,Negative (score:-3.2)
11637,sangat baik dan membantu,positive,negative,high,Strong negative (score:-6.5)
11640,good service thank you boleh dong kasih promosi go ride soalnya tiap hari pake go ride terus ke tempat kerjaa dekat bang...,positive,negative,medium,Negative (score:-2.6)
11642,nih apk makin kesni makin edan ongkir nya gilaan beda banget sama apk sebelah ongkir masih wajar banget klo buat food gr...,negative,positive,medium,Positive (score:3.9)
11644,ni bru update sbelumnya setiap buka aplksi ini sllu kaya loading pdhal mau cri cpet menunya pdhal paket data full tapi s...,neutral,positive,high,Strong positive (score:4.0)
11652,kalau hujan goride susah pesan gorideaja voucher rb dah tidak ada,neutral,negative,medium,Negative (score:-2.0)
11655,aplikasi sangat bagus dan mudah di gunakan untuk transaksi apapun transper pun mudah jadi seba mudah maju terus kakak,positive,neutral,medium,Neutral (score:-1.3)
11658,selama memakai aplikasi ini pelayanan ketepatan waktu dan para pengemudi y sangat baik dan memuaskan terima kasih,positive,negative,high,Strong negative (score:-7.8)
11659,barang sampai tujuan tapi karena ada sedikit kesalahan ketik alamat tujuan barang tetap sampai dengan cepat walaupun huj...,positive,negative,medium,Negative (score:-2.6)
11661,aplikasinya mudah di mengerti dan enak dilihat pelayanannya juga bagus,positive,neutral,medium,Neutral (score:-1.0)
11662,saya sudah menulis alamat lengkap tapi go jek nya masih kebingungan dan orang nya datangnya lambat dan membuat saya menu...,neutral,negative,medium,Negative (score:-2.6)
11671,aplikasi berat sering muncul tidak ada jaringan padahal jaringan bagus internet lancar,positive,negative,high,Strong negative (score:-5.0)
11674,fasilitas aplikasi kurang tidak bisa kirim pesan lewat aplikasi,positive,neutral,medium,Neutral (score:-1.0)
11676,kenapa banyak kali gangguan bikin ribet aja bikin saya telat aja,negative,positive,medium,Positive (score:2.6)
11681,tidak ada masalah sama aplikasinya cuman ada masalah sama bbrapa driver yang kurang ramah mimik muka pada manyun d kasih...,negative,positive,high,Strong positive (score:4.0)
11694,pengemudi ya tidak jjr saya ketinggalan hp massa tidak d balikin sih padahal naek ya dari indomaret kemayoran sampe seta...,negative,positive,medium,Positive (score:3.9)
11695,bagus si mempermudah pembayaran tapi kenapa ya untuk minta di update tapi tidak ke download aga lemot semoga membaik dan...,neutral,positive,high,Strong positive (score:5.0)
11702,aplikasi mitra prakerja yang good proses verifikasi simpel walau memakan waktu tapi masih mending dari apk sebelah yang ...,positive,negative,medium,Negative (score:-2.0)
11707,sejauh ini pelayanan baik dan sangat membantu,positive,neutral,medium,Neutral (score:1.3)
11709,batalin pencarian pengemudi saja tidak bisa fitur kurang lengkap,negative,neutral,medium,Neutral (score:1.0)
11710,very helpful aplikasi kesayangan di playstore sehari kerja pergi pulang andalannya naik gojek abang gojeknya juga pada r...,positive,negative,medium,Negative (score:-2.6)
11714,percuma saja ada bantuan telfon customer service kalau ujungnya tidak dapat membatalkan pesanan yang tidak sengaja dipes...,negative,positive,medium,Positive (score:3.0)
11717,aplikasi bagus selama saya pakai saya tidak pernah ada masalah sama drivernya terlalu sopan semuanya cuman ada keluhan f...,positive,negative,medium,Negative (score:-3.9)
11721,siapapun daerah bandung hati hati sama pengemudi yang namanya fathan maulana motor beat plat no dvep pengemudi tidak sop...,negative,neutral,medium,Neutral (score:-1.0)
11730,saya pemakai go jek lambat selama memakai gojek saya tidak pernah bermasalah pengemudi nya rama akan tetapi apabila ada ...,positive,neutral,high,"Mixed sentiment (pos:1, neg:1)"
11731,hari ini kecewa sama gojek ngasih voucher go bills cashback maxilam namun saat digunakan malah tidak dapat cashback sama...,positive,negative,medium,Negative (score:-3.9)
11732,banyak pengemudi kurang ramah di pontianak mana gofood suka di batalin lagi,negative,positive,medium,Positive (score:3.0)
11733,sangat menyusahkan banyak sekali pesanan fiktif masuk dan merugikan banyak orang apa kalian tidak bisa perbaiki bagaiman...,negative,positive,high,Strong positive (score:6.4)
11734,mohon untuk gojeknya untuk mengaktifkan pembatalan pemesanan karena itu sangat penting sekali kita tidak tahu dimana wak...,negative,positive,medium,Positive (score:3.2)
11736,saya tidak bisa login ke akun saya karena harus pakai link sedangkan link nya tidak bisa di klik lebih mudah pakai kode ...,negative,neutral,medium,Neutral (score:-1.0)
11743,sangat membantu mudah mudahan selalu ada diskon diskon,positive,negative,high,Strong negative (score:-5.2)
11746,aplikasi ini benar mengunggulkan makan promosi dan selalu di taruh di halaman depan aplikasi ini benar professional dan ...,positive,negative,medium,Negative (score:-2.6)
11750,susah bener mau login link nya kaga jelas kaga bisa masuk masuk coba ditambahin opsi lain kalau mau login pake email kek,neutral,negative,medium,Negative (score:-2.0)
11753,alat untuk pesan makanan sekaligus dompet online yang sangat aman dan bagus serta terbukti aman untuk transfer dan menyi...,positive,negative,high,Strong negative (score:-4.8)
11755,emosi banget sama aplikasi ini drivernya ganti terus bikin kesel mau ngomong jadi kepotong akhirnua pesenannya tidak ses...,negative,positive,high,Strong positive (score:6.5)
11758,padahal langganan pakai gojek tapi kenapa sekarang akun saya tidak ada promo ongkirnya lebih mahal daripada harga makana...,neutral,negative,medium,Negative (score:-2.0)
11764,sangat membantu bermanfaat terutama dalam mengefisienkan waktu,positive,negative,medium,Negative (score:-2.6)
11765,soal layanan sih standar ya tergantung drivernya cuman skrg ini saya lebih banyak ojol sebelah karena point nya lebih mu...,positive,neutral,high,"Mixed sentiment (pos:1, neg:1)"
11774,suka lambat jangan instan,negative,neutral,medium,Neutral (score:0.0)
11780,sangat membantu dan mempermudah transaksi tampa ribet good,positive,negative,high,Strong negative (score:-6.4)
11781,apalah gerimis sedikit gaada yang mau drivernya trus juga harganya makin lambat makin naik,negative,positive,medium,Positive (score:2.0)
11790,lemot banget kalau memang tidak ada pengemudi itu cancel ini di batalkan tidak bisa tapi lemot banget laper banget padah...,negative,neutral,high,"Mixed sentiment (pos:1, neg:1)"
11795,tolong dong voucher nya jangan terlalu berlebihan yang menyebabkan customer nya seenaknya dan pengemudi susah sekali,positive,negative,medium,Negative (score:-2.6)
11806,apk nya sudah bagus cuman harus di tingkatkan lagi fitur nya dan kalo nyari pengemudi di bantu agar lebih cepat,positive,neutral,high,"Mixed sentiment (pos:1, neg:1)"
11807,sangat membantu utk mobilitas sy termasuk go send nya yaa ujan teteup diantarin paket sy dipertahankan ya go jek go succ...,positive,negative,medium,Negative (score:-2.6)
11817,gatau harus kecewa ke siapa aplikasi atau drivernya sudah ditunggu menitan pengemudi ambil jalan muter lebih jauh dan ma...,negative,neutral,medium,Neutral (score:1.0)
11822,pengemudi sangat baik dan ramah,positive,negative,high,Strong negative (score:-6.5)
11823,demi apapun sekarang biaya penanganan dan pengirimannya mahal banget contohnya pesenan gofood saya jaraknya km cuma meni...,negative,neutral,high,"Mixed sentiment (pos:1, neg:1)"
11824,saya sebagai custemer dan saya juga sebagai pengemudi goride jujur saya senang menggunakan aplikasi ini di banding aplik...,neutral,positive,medium,Positive (score:3.9)
11827,suka lemot tidak jelas,negative,neutral,medium,Neutral (score:0.0)
11830,masyaallah selama menggunakan apk ini tidak ada pengalaman yang buruk,negative,positive,medium,Positive (score:3.0)
11832,tarif nya lumayan mahal yah,negative,neutral,medium,Neutral (score:0.0)
11835,aplikasi macam apa ini sangat kecewa sekali saya hari ini nyari pengemudi susah banget sudah x kali ngorder pengemudi da...,negative,neutral,high,"Mixed sentiment (pos:1, neg:1)"
11839,biaya ongkir dan appnya makin mahal biayanya sama kayak beli seporsi makanan kalau pake mode hemat eh di layaninnya samp...,neutral,negative,medium,Negative (score:-2.0)
11845,makin kesini makin pelit bonus deh harga mahal potongan harganya kecil kecil go point numpuk karena voucher yang tersedi...,neutral,positive,medium,Positive (score:2.0)
11847,keren sangat membantu makasih gojek,positive,negative,medium,Negative (score:-3.9)
11852,buat para pemakai jasa gofood tolong di pahami orderan anda lambat dapat pengemudi bukan di karena kan tidak ada pengemu...,positive,negative,medium,Negative (score:-2.0)
11868,sangat bagus penting menggunakan appl gojek bisa juga buat segala kehidupan kita sehari hari,positive,negative,medium,Negative (score:-3.9)
11878,aplikasi nya sangat bagus dan sangat bermanfaat btw min perbanyak lah promosi nya,positive,negative,medium,Negative (score:-3.9)
11879,jujur agak kecewa sama gojek sekarang tarif naik drastis dulu saya bepergian jarak km biayanya hanya rb an sekarang bisa...,neutral,positive,medium,Positive (score:2.0)
11886,pada waktu go ride go send kenapa sering dikasih drive yang jaraknya agak jauh sehingga lambat dalam penjemputan,negative,neutral,medium,Neutral (score:1.0)
11891,aplikasi sangat bagus dan mudah di gunakan dan drive nya sangat ramah,positive,negative,high,Strong negative (score:-9.1)
11897,aplikasi ini sangat membantu saya sebagai pelajar aplikasi ini membuat saya dapat pergi ke sekolah dengan cepat dan tepa...,positive,negative,high,Strong negative (score:-9.6)
11900,kenapa setelah di update malah makin sering force close dan kadang nge lag ya,neutral,negative,medium,Negative (score:-2.0)
11903,sangat membantu banget buat aku new mom yang super sibuk bisa makan sehat simple terus bisa pergi kamana tidak perlu rib...,positive,neutral,medium,Neutral (score:0.0)
11912,apk ini sangat membantu bagi yang tidak memiliki kendaraan pribadi memudahkan mencari ojek tnpa harus keliling,positive,negative,medium,Negative (score:-2.6)
11914,mohon sering dilakukan perbaikan sistem karena saya sering sekali mengalami gangguan sistem saat melakukan transaksi say...,negative,neutral,high,"Mixed sentiment (pos:1, neg:1)"
11923,kenapa biaya ongkos kirim jarak dekat lebih mahal untuk go food di kota saya jarak kurang dari km padahal dulu tidak sem...,neutral,negative,medium,Negative (score:-3.0)
11934,assalamualaikum semua saya ingin merate app ini app gojek ini sangat ngelag karena pas saya pesan malah keluar dan tidak...,negative,positive,high,Strong positive (score:7.8)
11937,aplikasinya suka balik ke menu utama sendiri pada saat mau beri penilaian jadinya kasian untuk drivernya baru kepencet s...,negative,positive,high,Strong positive (score:5.0)
11939,kecewa bagus up saldo gamasuk transaksi berhasil tapi saldo kosong sudah lapor dan kirim bukti transfer tidak di respown,negative,neutral,high,"Mixed sentiment (pos:1, neg:1)"
11945,terima kasih mitra gojek gopay sebagai walet yang telah membantu saya utk memudahkan transaksi keuangan semoga makin suk...,positive,neutral,medium,Neutral (score:-1.0)
11949,bagaimana si ini erorr saya mesen sekali pesanan lagi dijalan malah ada yang ke orderr lagi uda pake vocer pas turun mal...,positive,negative,medium,Negative (score:-3.2)
11955,harga makin mahal pengemudi di cekik,negative,positive,medium,Positive (score:2.0)
11960,lama mahal unt ongkos go food dan go send unt go ride masih oke,neutral,negative,medium,Negative (score:-2.0)
11967,aplikasi yang sangat sangat membantu dalam keperluan kami terima kasih go jek maju terus dan sukses selalu,positive,neutral,medium,Neutral (score:1.3)
11969,waktu nunggu gofood tidak pernah konsisten pake pengantaran regular lambat banget nunggunya,negative,positive,medium,Positive (score:2.6)
11975,kadang sk mengecewakan tapi kebanyakan sukanya sih suka dpt pengemudi yang agak jutek,neutral,negative,medium,Negative (score:-2.0)
11976,perilaku deriver sedikit kurang ramah dan tolong kedepannya bisa diarahkan lagi,negative,neutral,medium,Neutral (score:1.0)
11988,sangat membantu dan semuanya tepat waktu akan tetapi ada satu pengalaman saya di mana ketika saya mencancel gocar ada sa...,negative,neutral,high,"Mixed sentiment (pos:1, neg:2)"
11994,kalo bisa tidak usah kasih bintang apl makin tidak guna sinyal bagus kuota banyak pas mau daftar di bagian email di bila...,positive,negative,medium,Negative (score:-3.0)
11995,ggimana sih gomart baru kali ini pesenan kurang tolong jgn gitu dong alfamart lewisadeng saya kan bayar ko barangnya kur...,negative,positive,medium,Positive (score:2.0)
11996,aplikasi yang sangat buruk seenaknya blokir dan kunci dompet gopay padahal bukan buat tindakan pidana di minta bantuan m...,negative,positive,medium,Positive (score:3.9)
12003,mau ganti opsi pembayaran ke gopay biar dapet diskon eh malah tidak sengaja kepencet pesan trus detik itu juga mau batal...,positive,negative,medium,Negative (score:-2.6)
12005,awalnya sangat mudah dan sangat membantu disaat terdesak sukses selalu go pay,positive,neutral,medium,Neutral (score:-1.3)
12007,pihak gojek mohon untuk memperbaiki bug atau ini memang terjadi soalnya pas saya bagus up gopay bukannya nama saya kenap...,neutral,positive,medium,Positive (score:3.0)
12008,saya sangat kecewa sekali awal nya saya suka sekali dengan aplikasi ini tapi kemaren pas saya mau sekolah gojek nya mala...,negative,positive,high,Strong positive (score:8.0)
12009,pas beres ujan cari pengemudi susah dapetnya bukan pas ujan lho tapi selesai hujan padahal si doi ada di sepan mata tapi...,neutral,positive,medium,Positive (score:2.0)
12011,byk promo trus mapsnya sll tepat kl di apk lain suka buruk maps nya jadi sering slh paham ama abang drivernya,positive,neutral,medium,Neutral (score:-1.0)
12018,gojek bagaimana ya penanganannya lemot banget saya mau mengubah data nomor telepon lambat ke baru ribet banget prosesnya...,negative,neutral,high,"Mixed sentiment (pos:3, neg:3)"
12026,aplikasi gojek jadi fungsi utama buat aku sekarang mudah buat tranfer juga lumayan mudah dan murah ga pake ribet,positive,neutral,medium,Neutral (score:0.0)
12027,aplikasi yang sangat bagus tetapi saya menyarankan go jek juga menambahkan fitur selfie untuk para pengguna gojek agar m...,positive,neutral,high,"Mixed sentiment (pos:1, neg:1)"
12039,selalu ada gangguan server bikin kesal kadang pindah lain ke tetangga yang lebih cepet tolong tingkat kan lagi kualitas ...,negative,positive,medium,Positive (score:3.0)
12043,agak kecewa si tiba akun tidak bisa buat apa usah laporan ke pusat bantuan eh katanya akun kena pelanggaran kebijakan he...,negative,positive,medium,Positive (score:2.0)
12058,terima kasih sudah membuat app ini dan sudah mengantar ke semua daerah dan juga pengemudi nyaman aman pokoknya gojek ter...,positive,neutral,medium,Neutral (score:1.0)
12064,aplikasi yang sangat membantu di banyak keperluan semoga ke depan semakin baik,positive,neutral,medium,Neutral (score:1.3)
12065,kecewa saldo saya hilang tiba padahal saldo saya masih lumayan bnyak dan saya tidak melakukan treansaksi apapu sudah hub...,negative,neutral,high,"Mixed sentiment (pos:1, neg:1)"
12067,aplikasi yang sangat praktis efesien bagus mempermudah bertransaksi dan hemat waktu,positive,negative,high,Strong negative (score:-6.5)
12071,saya sangat kecewa banget sama gojekplaylater nya saya telat hari saja sudah di kena denda cara perhitungan bagaimana se...,negative,positive,high,Strong positive (score:4.8)
12081,tiap buka gofood selalu minta hidupkan lokasi gps padaha gps sudah hidup alhasil gofood tidak bisa dibuka mengecewakan,negative,positive,medium,Positive (score:3.0)
12095,voucher promosi makanan nya hanya di awal awal saja makin lambat pake nya makin tidak ada promosi nya,neutral,negative,medium,Negative (score:-2.0)
12107,maaf hari ini saya uninstall aplikasinya itu dikarenakan saya sudah tidak bisa melakukan bagus up saldo gopay dengan ala...,positive,negative,medium,Negative (score:-3.0)
12111,setiap login ada notif ya internet mati padahal buka semua aplikasi lancar coba di perbaiki lagi bugnya jangan malah dih...,neutral,positive,high,Strong positive (score:5.2)
12119,aplikasinya bagus tapi aku minta tolong buat aplikasi gojek kalau yang go food minta tolong yang aplikasi batal makanan ...,positive,neutral,high,"Mixed sentiment (pos:1, neg:1)"
12136,saya memberi penilaian bintang buat gojegnya dan gopaylater by vinadiya untuk gopaylpinjam masih kecewa dengan promosi g...,positive,neutral,medium,Neutral (score:1.0)
12137,gojek sekarang kenapa sih terutama gofoodnya dulu bagus poll pdhl sekarang susah banget dapat pengemudi alhasil pesanan ...,negative,neutral,medium,Neutral (score:1.3)
12143,klo tidak ada kuota susah ya nge dounwload,negative,positive,medium,Positive (score:2.0)
12147,sangat membantu sbg salah satu pilihan aplikasi untuk sistem transportasi layanan belanja makanan dan pembayaran umum ya...,positive,negative,medium,Negative (score:-3.2)
12151,sebenernya langganan banget pake apk gojek tiap malem gofood lah tapi kenapa yaa nyadar gitu kenapa jadi mahal banget sk...,neutral,negative,medium,Negative (score:-2.6)
12155,trims tapi utk beli pulsa internet agak ribet utk orang tua spt saya ketika ngisi password nya,negative,neutral,high,"Mixed sentiment (pos:1, neg:1)"
12158,sangat membantu tolong kasih bonus yang lebih untuk para drivernya karena sudah bekerja sangat keras,positive,negative,medium,Negative (score:-2.6)
12159,terimakasih gojek karena mu banyak hal yang bisa saya lakukan dan banyak hal tersangka ringan tanpa harus pergi kemanapu...,positive,negative,medium,Negative (score:-3.0)
12173,sedikit saran sebaiknya pengemudi yang mdapatkan pesanan gofood diberikan prioritas dtempat yang ramai seperti antrian k...,neutral,negative,medium,Negative (score:-2.6)
12177,susah sekali buat upgrade gopay plus masa foto sudah jelas banget masih tidak bisa menyesal banget mau transfer kesodara...,negative,neutral,medium,Neutral (score:1.9)
12178,sudah upgrade k gopay plus tapi kenapa menu transfer bank tidak ada mana sudah bagus up banyak kena tipu gue duit tidak ...,negative,positive,medium,Positive (score:3.0)
12184,aplikasi yang baik dan sangat membantu dalam segala kegiatan dan aktivitas,positive,neutral,medium,Neutral (score:1.3)
12193,aplnya sangat mudah digunakan sangat berguna bs membantu pedagang makanan berjualan go food perjalanan dengan go ride go...,positive,negative,high,Strong negative (score:-5.2)
12198,akhir ini tidak bisa bagus up via indomaret karena pd saat pilih metode pembayaran tidak ada opsi indomaretnya,positive,negative,medium,Negative (score:-3.0)
12208,bintang dulu yak soalnya makin ke sini koq ongkir makin mahal tambah biaya aplikasi dll pdhl sebenarnya sangat membantu,neutral,negative,high,Strong negative (score:-5.2)
12213,saya ada kirim laporan saldo gopay saya di akun yang satunya msh ada dan nomor hpnya sudah tidak aktif lagi minta pindah...,positive,negative,medium,Negative (score:-2.0)
12215,sangat membantu dan mudah mencari kendaraan utk bepergian savety ekonomis and practise,positive,negative,high,Strong negative (score:-5.2)
12216,lumayan lah yaa walau kdng ketemu sama pengemudi yang songong dn ugaln cukup membantu tapi knpa yaa di aplikasi punya ad...,neutral,negative,high,Strong negative (score:-4.0)
12217,belakangan susah dapat pengemudi di atas jam untuk goride kalau gofood cepat dapatnya tolong dibenahi area bandar lampun...,neutral,positive,high,Strong positive (score:4.0)
12222,makin di perbarui malah bermasalah saya sudah memesan go send sudah jam tidak ada pengemudi sudah gitu tidak bisa di bat...,negative,positive,medium,Positive (score:2.0)
12229,sangat senang mudah tapi tarifnya agak mahal,positive,negative,high,Strong negative (score:-5.2)
12230,bisa bisa nya sudah nunggu lambat pesanan gofood malah sistem batalin tiba sangat mengecewakan,negative,neutral,medium,Neutral (score:1.3)
12243,promosi bagus up game masak buat pengguna baru muluk buat pengguna lambat atau setia jarang heran pengguna baru muluk ya...,negative,neutral,medium,Neutral (score:-1.0)
12244,suka banget dengan semua fitur terbaru dari go jek sangat mudah aman dan untung,positive,neutral,medium,Neutral (score:0.0)
12257,maaf kpada perusahaan gojek kenapa ya tadi saya baru psan go car kenapa ada yang tidak nyaman soal ny saya psan datang n...,negative,neutral,high,"Mixed sentiment (pos:1, neg:1)"
12266,saya tidak dapat melakukan pembatalan pemesanan bahkan tidak diberi waktu sedikitpun untuk melakukannya ketika pembeli i...,negative,neutral,medium,Neutral (score:1.6)
12270,kenapa gojek sekarang selalu tidak memuaskan,neutral,negative,medium,Negative (score:-3.0)
12272,sangat membantu ketika mau bepergian ada gocar dan goride,positive,negative,medium,Negative (score:-2.6)
12273,sekarang menjadi sering eror dan sulit pas lagi mau tarik tunaiisi pulsatransfer lebih mudah yang versi lambat tampa gan...,negative,neutral,medium,Neutral (score:0.0)
12275,mohon aplikasi nya bisa di pindahkan ke memori external karena lumayan besar kapasitas aplikasi ini,neutral,positive,medium,Positive (score:2.0)
12278,aplikasi yang sangat banyak membantu dalam berbagai keperluan tinggal bagaimana kita memanfaatkannya aja tolong terus ti...,positive,negative,medium,Negative (score:-2.6)
12280,maaf saya kasih bintang kenapa di hp saya sering ngelag ya aplikasinya device poco m pro g,neutral,negative,medium,Negative (score:-2.0)
12292,aplikasi yang sangat membantu karena saya dari luar pulau bisa memesan taxi buat orang tua di surabaya cuma kalo bisa di...,positive,negative,medium,Negative (score:-2.6)
12293,dari kemaren mau ngajuin pemulihan akun gagal terus aneh dan gajelas,negative,positive,medium,Positive (score:3.0)
12294,tidak bisa memuat lokasilah padahal sinyal bangus apk laim juga lancar tapi cmn ini saja yang tidak bisa sedih sih padah...,positive,negative,medium,Negative (score:-2.0)
12295,aplikasi yang bagus sangat membantu,positive,neutral,medium,Neutral (score:1.3)
12296,saya tidak tidak tahu apakah ini kebijakan management gojek semenjak pengemudi menerima biaya ongkir murah sekarang suli...,negative,positive,medium,Positive (score:3.0)
12297,sangat membantu tapi kekurangan sekarang dpt pengemudi jauh ada bbrp pengemudi yang tak menanggapi wkt dpt pesan tnpa ko...,positive,negative,medium,Negative (score:-3.9)
12301,gopay nya sering hilang internet padahal internet saya bagus,neutral,positive,medium,Positive (score:3.0)
12307,alhamdulillah upgradenya cuman bebrapa menit terima kasih untuk pihak aplikasi gojek sangat bagus dan sangat membantu,positive,negative,high,Strong negative (score:-6.5)
12309,sekarang ada biaya tambahan selain ongkir makin buruk kalo pesen online lebih baik klo jarak tidak jauh amat beli langsu...,negative,neutral,medium,Neutral (score:0.0)
12316,sangat kesal saat mau memesan go food selalu ada pesan mohon maaf pesanan anda tidak dapat di proses terus sudah coba tu...,negative,neutral,high,"Mixed sentiment (pos:1, neg:1)"
12322,mau batal gofood ko gabisa katanya ada bantuan tapi dimintain bantuin malah gabisa hoaxx kecewa sama gofood,negative,neutral,high,"Mixed sentiment (pos:1, neg:1)"
12324,ongkir go food sekarang lebih mahal udah harga makanan lebih nya banyak ongkir nya juga malah tambah mahal,negative,neutral,medium,Neutral (score:0.0)
12326,tidak ada kata yang pas selain sudah jelas sangat membantu masyarakat luas harapannya tiap review ttg hal kekurangan yan...,positive,negative,medium,Negative (score:-2.6)
12329,drivernya sangat ramah dan baik walaupun ada bbrp yang jutek dan tidak mau diminta tolong kalo ada yang urgent seperti m...,positive,negative,high,Strong negative (score:-6.5)
12331,sudah mantap saran ditambhi fitur ttg spd driver jadi cust bisa milih utk batal or lanjut karena terkadang berharap dapa...,positive,neutral,medium,Neutral (score:1.0)
12339,agak butuh waktu lambat proses pemulihannya kalau lupa password pernah mau bayar teman bus sampai lambat tunggu tidak bi...,negative,neutral,medium,Neutral (score:-1.0)
12345,kalo bisa tambahin lagi buat bagus up uc pubgm min sayang kalo tidak ada bagus up kaya gituan,positive,neutral,high,"Mixed sentiment (pos:1, neg:1)"
12354,mantap untuk pengemudi gojek di ambon tolong diajari peta dan lokasi ketika di order waktu jemput koq malah tidak tahu l...,negative,positive,medium,Positive (score:3.0)
12363,baru kali ini pengen ngasi ulasan ke aplikasi bener attitude pengemudi nya tidak patut di kasi bintang saya sangat kecew...,negative,positive,high,Strong positive (score:7.8)
12379,kenapa gojek sekarang pelit promoo kalah sama aplikasi sebelah banyak promonya ini satu saja tidak ada sekali pun padaha...,neutral,positive,medium,Positive (score:2.6)
12382,psen makan pake gofood kdg sangat mengecewakan makanannya tidak enak harga sangat mahal padahal kalo langsung ke warungn...,negative,positive,high,Strong positive (score:7.8)
12390,aplikasi bagus sangat membantu,positive,neutral,medium,Neutral (score:1.3)
12396,sangat mengecewakan akun gopay adek saya diblokir sudah dihubungi via email berkali kali tapi yang menjawab cm operator ...,negative,positive,medium,Positive (score:3.9)
12406,pengambilan pesanan terkadang sangat lambat dan terlalu jauh dari lokasi,negative,positive,medium,Positive (score:2.6)
12414,terus terang pembaruan demi pembaruannya bikin pake gojek nya jadi tidak enak risih terlalu ribet dan yang jelas jadi le...,neutral,negative,high,Strong negative (score:-5.2)
12442,bagus sangat membantu dalam transportasi publik,positive,neutral,medium,Neutral (score:1.3)
12447,gofood nya parah cuaca tidak hujan tapi susah cari driver pesan dr jam wib harus nunggu sampai jam wib yang ke dua terny...,negative,neutral,high,"Mixed sentiment (pos:1, neg:1)"
12456,sangat membantu menghemat waktu drpd kita mengirim mengambil barang sendiri,positive,negative,medium,Negative (score:-2.6)
12457,sudah ckup membantu cma saya kesulitan untuk upgrade gopay karena selalu ditolak mulu,neutral,positive,medium,Positive (score:2.0)
12460,cinta banget sama gojek sebulan bisa ngisi gopay rban tapi tidak pernah dapet promosi go ride akutu sedih tarifnya jg ma...,neutral,negative,medium,Negative (score:-2.6)
12466,sangat puas sekali dgan aplikasi ini smpai sekarang belum ada masalah smaa sekali semog nanti tidak ada msalah sama apli...,positive,negative,high,Strong negative (score:-4.8)
12467,baik dan sangat membantu,positive,neutral,medium,Neutral (score:1.3)
12468,sekarang gojek ngk bisa mantau pengemudi yang ambil pesanan kecuali pesanan uda di ambil sama pengemudi baru bisa di pan...,neutral,negative,medium,Negative (score:-2.0)
12476,kenapa uda berapa kali aplikasi nya tidak bisa chat sama pengemudi ya tiba hilang saja chat nya pesan sih jalan untung d...,negative,positive,medium,Positive (score:3.0)
12481,penggunaan aplikasinya sangat mudah dan gampang dan sangat membantu,positive,negative,high,Strong negative (score:-6.5)
12518,kadang suka tiba ke pesan gitu dan tidak bisa di batal kan saran sebelum pesanan fix di pesan baiknya ada pemberitahuank...,neutral,positive,medium,Positive (score:3.0)
12519,sekarang voucher gofood sudah tidak bisa digabung padahal salah satu keunggulan gojek yang paling berguna itu bagiku sih...,positive,neutral,medium,Neutral (score:1.3)
12525,halo pt aplikasi karya anak bangsa saya pengguna sekaligus mitra resto hanya mau memberitahu bahwa sekarang susah untuk ...,positive,neutral,high,"Mixed sentiment (pos:1, neg:1)"
12533,aplikasi yang sangat bermanfaat mudah digunakan lengkap fiturnya terimakasih gojek,positive,negative,medium,Negative (score:-2.6)
12537,hanya saran harus nya di fitur chat saat pesan di tambah fitur kamerabuat foto jadi tidak kebingungan kalo ketemu pengem...,negative,positive,medium,Positive (score:2.0)
12540,masih ada pengemudi yang keberatan dengan tarif yang sudah ada di aplikasi terlalu murah mohon untuk diperhatikan go jek...,positive,negative,medium,Negative (score:-3.9)
12548,maff kenapa tidak bisa gagal dan gagall terus nerima bisa kirim tidak bisa sudah poto beberapa kali ko alsan id sudah pe...,negative,neutral,medium,Neutral (score:0.0)
12550,sangat tertarik pengemudi baik terima kasih pak sudah antar kami,positive,negative,medium,Negative (score:-3.9)
12553,tidak bisa masuk tidak ada kode otp yang dikirim tolong tanggapannya sudah tlp operator tetap tidak bisa membantu,positive,negative,medium,Negative (score:-2.0)
12558,semoga makin enteng aplikasi nya ui nya lebih mudah di gunakan org yang tidak biasa gunakan apps gojek dan semoga semaki...,positive,neutral,medium,Neutral (score:0.0)
12562,map suka eror pengemudi dimana map dimana bikin cs dan pengemudi miss kom,neutral,positive,medium,Positive (score:2.0)
12566,untuk paylater nya terlalu lma untuk mereview akun yang notabenya pembayaran lancar percuma saldo banyak klo tidak bisa ...,neutral,positive,medium,Positive (score:2.0)
12567,saya sangat suka dengan aplikasi ini tapi kadang kadang gojek nya datang nya agak telat,neutral,negative,medium,Negative (score:-3.9)
12568,aplikasi yang sangat membantu apalagi dalam keadaan yang sekarang ini sangat membantu sekali aman dan nyaman sangat puas...,positive,negative,high,Strong negative (score:-8.0)
12572,bagus up tidak masuk setiap hari harus telepon ke call center menghabiskan pulsa di puter tidak jelas hanya suruh menung...,negative,positive,medium,Positive (score:3.0)
12576,saya merasa makin hari harga nya mahal kurang pas pas buat di kantong anak sekolah dan sangat susah untuk mendapat penge...,negative,positive,high,Strong positive (score:6.5)
12585,loginnya gabisa udah dicoba masuk loadingnya super lambat hampir sejam nunggu loadnya bahkan mau masuk lewat facebook pu...,negative,neutral,high,"Mixed sentiment (pos:2, neg:2)"
12586,sangat ramah dan terpercaya nyaman untuk bepergian sana sini untuk yang tidak mempunyai kendaraanyg tidak bisa berkendar...,positive,neutral,medium,Neutral (score:0.0)
12596,dulu saya menggunakan aplikasi grab sudah tahun tapi semenjak diperbarui aplikasinya lambat maps saya juga loadingnya la...,negative,positive,medium,Positive (score:2.0)
12600,saya memakai gojek dr pertama kali datang ke kota saya dan sampai saat ini hari ini saya belum pernah menukarkan poin sa...,negative,positive,high,Strong positive (score:9.6)
12611,tolong donk disediakan menu tersendiri untuk promo karena di aplikasi yang sekarang untuj mengakses promosi itu susah se...,neutral,positive,high,Strong positive (score:5.2)
12613,menjengkelkan banget kalo suka asal main dipasang saja itu gopay coin saya jadi gabisa ganti tujuan mana kalo sudah naik...,negative,positive,high,Strong positive (score:6.4)
12615,mahal ongkir nya dari pada pesanan nya dn pesanan juga mahal,negative,neutral,medium,Neutral (score:0.0)
12616,sangat mudah untuk menemukan dimanapun dan kemanapun oh stu lagi banyak promosi yang sangat membntu jadi tidak merasa ka...,positive,negative,medium,Negative (score:-2.6)
12617,untuk apk nya sendiri sangat bagus dan direkomendasikan tapi sebaiknya di bagian bantuan dan layanan harus tertera lebih...,positive,negative,medium,Negative (score:-3.9)
12625,aplikasi nya semakin tidak jelas padahal sudah pesan sesuai lokasi maps nya malah ngawur pemilihan jalan di maps nya jug...,negative,positive,high,Strong positive (score:6.5)
12631,sangat cepat pas waktu upgrade gopay ke gopay plus tidak nunggu waktu lambat,positive,neutral,medium,Neutral (score:0.0)
12637,baru kali ini saya mau pesen goride pas dichat ditanya posisi dimana malah dibales diatas bumi kak hahaha oke boleh berc...,negative,neutral,high,"Mixed sentiment (pos:2, neg:2)"
12641,sangat membantu ditingkatkan lagi ya pelayanannya dan lebih banyakin promonya hehee,positive,negative,medium,Negative (score:-2.6)
12643,pake gojek plus kirain bakal dapet potongan padahal sama bae malahan kaya lebih mahal harga dimahalin biar keliatan kepo...,negative,neutral,medium,Neutral (score:0.0)
12647,pengemudi kebanyakan cancel dan tidak terlalu ramah saya kan tidak tau kalau bisa titip penurunan penumpang mana pengemu...,neutral,negative,high,Strong negative (score:-5.0)
12653,keren drivernya on time dan pengantaran barang sesuai lokasi,positive,neutral,medium,Neutral (score:1.0)
12662,tolong ya diperbaiki lagi koordinat nya saya sesuaikan dengan peta tapi keganti pas dipesan jadinya saya harus jalan jau...,neutral,negative,medium,Negative (score:-2.0)
12666,dulu saya suka sekali dengan aplikasi gojek bahkan kalau ada bintang saya akan kasih tapi kedepanya saya sangat kecewa s...,negative,positive,high,Strong positive (score:8.0)
12674,sudah suka banget pke gojek tapi kenapa sekarang tidak bisa pke voucher sihh jadi mahal kan kalo mau pesen go food,positive,neutral,high,"Mixed sentiment (pos:1, neg:1)"
12679,sangat bagus karena kita tidak perlu pergi untuk membeli makanan jauh jauh hanya tinggal klik makanan bisa langsung samp...,positive,negative,medium,Negative (score:-3.9)
12680,sangat baik dan lengkap apalagi dalam transaksi gopay nya sangat membantu,positive,negative,high,Strong negative (score:-6.5)
12686,harga gofood goride dan gocar makin lambat makin naik sebaiknya diturunkan lagi harganya agar pelanggan tidak banyak ke ...,neutral,negative,medium,Negative (score:-2.0)
12687,penanganan untuk masalah pengemudi sangat lambat banget untuk kendala akun car yang dulu ikut vendor untuk resign sangat...,negative,positive,high,Strong positive (score:6.4)
12690,suka gojek dan drivernya yang tidak suka adalah suka minta up date padahal waktu dalam pemesanan tiba minta up date dan ...,positive,negative,medium,Negative (score:-2.0)
12695,aplikasi ini sangat bagus sangat membantu tranportasi mau pun pesan makanan cuma sayang kadang kita mau kasi bintang ke ...,positive,negative,high,Strong negative (score:-6.5)
12698,kami mengalami kebingungan dalam menjalankan aplikasi apalagi kake sya dan orang tua untuk menjalankannya sepertinya upd...,positive,neutral,medium,Neutral (score:-1.0)
12707,saya atas nama jurawal m mustapa ingin menyampaikan bahwa aplikasi ini sangat berguna bagi saya terutama di bidang trans...,positive,neutral,medium,Neutral (score:0.0)
12710,lumayan banyak promo tapi sayang kadang kalau promonya murah jarang di ambil sama pengemudi nya dan susah cari pengemudi...,neutral,negative,medium,Negative (score:-2.6)
12721,saya sangat kecewa saya sudah bagus up saldo gopay melalui mobilebanking di mobile banking sudah masuk sementara saldo g...,negative,positive,medium,Positive (score:3.9)
12722,aplikasi gojek simpel tapi lengkap semua kebutuhan ada aplikasinya juga ringan no lelet selalu ada promo cs juga respon ...,positive,neutral,high,"Mixed sentiment (pos:1, neg:1)"
12726,sudah pengajuan pengembalian dana sudah hampir hari tidak kembali dan di tlp tidak bisa di email juga tidak bisa sangat ...,negative,positive,medium,Positive (score:3.9)
12731,sangat membantu walaupun kwalitas makanan jk warung masih baru spekulatif sekali,positive,negative,medium,Negative (score:-3.2)
12739,sangat mudah dan sangat cepat penaganannya bnyk aplikasi yang bermanfaat,positive,negative,high,Strong negative (score:-5.2)
12751,bagus lah cuma jaringan kadang suka tidak stabil pernah juga pas pesan gocar jadi double pesan karena jaringan buruk,negative,positive,high,Strong positive (score:4.0)
12753,saya menggunakan aplikasi ini untuk memudahkan saya untuk melakukan transfer via online aplikasi ini sangat bagus dan mu...,positive,negative,medium,Negative (score:-3.9)
12758,tolong semua pengemudi nya lebih sopan lagi waktu itu saya pesen kebab monster dan saya sudah bilang bapak nya untuk ngi...,neutral,negative,medium,Negative (score:-3.9)
12762,minta update tpi tidak bisa terinstal dengan baik keluar mulu tiba pdhal ruang hp nya masih bnyk knpa begini sii skrang ...,positive,negative,medium,Negative (score:-3.0)
12774,sangat bagus dan sangat membantu terutama untuk yang tidak ada kendaraan angkot sangat membantu baget,positive,negative,high,Strong negative (score:-9.1)
12775,apk sudah bagus tapi sangat disayangkan ketika saya masih ada tagihan di gopaylater akun saya tidak dpt masuk dikarenaka...,neutral,positive,medium,Positive (score:3.9)
12778,aplikasinya bagus tapi drivernya sulit didapat ini karena mereka yang di gojek lbh mmbuka ke grabbike alasannya konsumen...,neutral,positive,medium,Positive (score:3.0)
12780,gojek aplikasi yang sangat membantu trus suka banget soalnya bnyak promonya tapi kenapa sekarang tidak ad promosi lagi k...,positive,neutral,high,"Mixed sentiment (pos:1, neg:2)"
12784,sudah langganan tapi kalau sudah lambat diskon nya jadi jarang,positive,negative,medium,Negative (score:-2.0)
12789,kenapa saya daftar gopay plus tidak bisa di notifikasi nya tertera id sudah terdaftar tapi saya belom pernah daftar sama...,negative,neutral,medium,Neutral (score:-1.3)
12793,terkadang mapnya suka kacau tidak tepat di titik lokasi penjemputan pdhal hp tidak kmana,neutral,positive,medium,Positive (score:2.0)
12795,tadinya saya suka banget sama aplikasi ini banyak bantu saya see tapi gara saya isi saldo melalui bank dan saldonya tida...,neutral,positive,high,Strong positive (score:8.0)
12796,cukup memuaskan pelayanannya,neutral,positive,medium,Positive (score:3.0)
12799,apa apaan sinyal internet lancar gini buat pesan gabisa cuma loading terus dibagian menu sekarang dah bisa tapi gambling...,neutral,positive,high,Strong positive (score:4.0)
12800,ditambahin menu chat sama customer service dong biar enak kalau komplain bisa langsung chat dan banyak mitra go food di ...,positive,negative,high,Strong negative (score:-6.0)
12806,gps sering banget ngawur terutama di kota kecil sungguh sangat merepotkan selain itu go pay sudah tidak praktis lagi pro...,negative,neutral,medium,Neutral (score:-1.9)
12807,dapet voucher go car untuk x perjalanan sebelumnya jg gitu dpt voucher go ride tapi mau dipake vouchernya harus update a...,positive,neutral,medium,Neutral (score:1.3)
12809,tolong bilang keseluruh team penagihan nya tidak usah lah hubungi orang lain yang bukan pinjam layanan gopay pinjam nya ...,negative,positive,high,Strong positive (score:4.8)
12821,ada fitur gopay pinjam limit sudah lumayan tapi tidak bisa d cairkan gara masalah vermuk tolong jangan ampe tahun juga d...,neutral,positive,medium,Positive (score:2.0)
12823,aku turunkan ratingnya jadi bintang karena kecewa sama gopay mau isi pulsa telkomsel tidak ada pulsa ribu dan ribu tapi ...,neutral,negative,medium,Negative (score:-3.9)
12828,lumayan sangat membantu dan aku baru coba dua kali pake dan aku kasih bintang dulu soal nya aku masih belajar pake aplik...,positive,neutral,medium,Neutral (score:0.0)
12832,sangat mengecewakan isi token listrik pakai gopay tapi nomor meteran smpai saat ini tidak dikirim saldo sudah dipotong d...,negative,positive,medium,Positive (score:3.9)
12841,aplikasi gojek sekarang terdepan karena upgrade nya sangat cepat hanya butuh menit langsung ter upgrade,positive,negative,medium,Negative (score:-2.6)
12850,sangat mudah dan asik di manapun dan jam berapapun bisa,positive,negative,medium,Negative (score:-3.9)
12855,lumayan ada perubahan,neutral,positive,medium,Positive (score:2.0)
12856,saya menggunakan gojek utk dompet digital sudah sejak beberapa tahun lalu dan sudah upgrade ke gopay plus sudah atau tah...,negative,neutral,high,"Mixed sentiment (pos:1, neg:1)"
12857,maaf ya bintangnya dkurangi cos biasanya saya bisa gunain di ramayana plaza andalas padang tapi sekarang tidak bisa lagi...,positive,neutral,medium,Neutral (score:1.0)
12860,sangat membantu karena setiap hari saya pake layanan goride gofood apalagi kalo ada promosi setiap hari saya sangat bers...,positive,negative,high,Strong negative (score:-8.0)
12879,poin gojek nya sudah ngak ada payah padahal dulu ada poin nya suka mainin tokennya tapi sekarang sudah ngak ada lagi,neutral,positive,high,Strong positive (score:5.0)
12885,aplikasi anak bangsa yang sangat membantu,positive,negative,medium,Negative (score:-2.6)
12889,saya sudah lambat memakai apk ini ini sangat membantu saya dan sangat berterimakasih sekali untuk ini semoga go pinjam s...,positive,negative,high,Strong negative (score:-6.4)
12890,smoga truss berkembang dan sangat mudah di akses semua kalangan,positive,negative,medium,Negative (score:-2.6)
12892,tolong di respon untuk upgrade ke gopay plusnya sdh ngirim data email tetap saja tidak ada perubahan bagaimana custamer ...,positive,negative,medium,Negative (score:-3.0)
12898,aplikasi yang sangat membantu aktivitas terimakasih cuma saran aja jangan terlalu mahallainnya oke,positive,negative,high,Strong negative (score:-5.2)
12902,diskon gofood tidak bisa digunakan sudah pasang diskon pilih metode gopay waktu di klik buat pesanan berubah menjadi bay...,negative,neutral,medium,Neutral (score:-1.6)
12903,untuk transaksi transfer bank aplikasi ini tidak bagus terlalu lambat waktu proses transfer ke bank bisa hari jadi saya ...,negative,neutral,medium,Neutral (score:-1.0)
12907,sangat membantu untuk perjalanan dan berpergian,positive,negative,medium,Negative (score:-2.6)
12917,makin mahal malah ternyata kadang lebih murah ojek pengkolan,neutral,negative,medium,Negative (score:-2.0)
12918,awalnya bagus sekarang lebih mahal dari jasa serupa,negative,neutral,medium,Neutral (score:1.0)
12921,bagus sudah banyak membatu mmbuka lapangan pekerjaan tpi saat apk error jangan drivernya yang d kasih peringatan harusny...,negative,neutral,medium,Neutral (score:1.0)
12922,sangat baik bagus saya suka cara daftar gopay plus nya cepet dikonfirmasi terima kasih gopay gojeek suskses terus yaa,positive,negative,high,Strong negative (score:-5.2)
12928,sering sekali dapet pengemudi yang asik kayak bg agli,positive,neutral,medium,Neutral (score:1.3)
12935,aneh sih untuk harga gofoodnya rincian sebelum pesen dan setelah pesen beda yang awalnya ongkirnya rb berubah jadi rb bi...,neutral,negative,medium,Negative (score:-3.0)
12937,sekarang ribet mau masuk lagi buat download aplikasi ini karena dulu penrha aku hapus skr harus pakai link waktu cuma me...,negative,neutral,high,"Mixed sentiment (pos:1, neg:1)"
12938,gopay later di blokir padahal saya tidak ada tunggakan awalnya gopay pinjam diblokir dengan alasan robot padahal saya ti...,negative,neutral,medium,Neutral (score:-1.0)
12940,pas saya mudik kepemalang kenapa belum ada gojek cuma ada grab padahal saya sehari d semarang pake gojek akhirnya mau ti...,positive,neutral,medium,Neutral (score:1.0)
12948,tolong kepada admin aplikasi gojek segera ditindak lanjutin permintaan saya untuk upgrade gopaynya saya mohon segera di ...,positive,neutral,medium,Neutral (score:1.0)
12957,ini yang kesekian kalinya pakai aplikasi gojek tarifnya agak mahal juga sih ya tapi tidak apa deh yang penting bisa tepa...,negative,neutral,high,"Mixed sentiment (pos:1, neg:1)"
12961,limit gopay later di blokir padahal tidak pernah telat cicilan selalu lancar percuma naik limit tapi tidak bisa dipakai ...,negative,positive,medium,Positive (score:2.0)
12963,hey hey hey ini kenapa malah jadi sering force close ya android versi terbaru padahal sinyal juga bagus,positive,negative,medium,Negative (score:-3.0)
12974,suka crash pas pesan gofood,neutral,positive,medium,Positive (score:2.0)
12979,buat customer klu pesan jangan double orther kasian klu sudah jemput yang dijemputnya kaga ada setidaknya bantu batal,negative,positive,medium,Positive (score:2.0)
12986,kepada pengembang aplikasi kenapa setelah update saya rasakan vitur menunya semakin rumit ya kalau bisa ketika update ke...,neutral,negative,medium,Negative (score:-2.0)
12995,pelayanan nya sangat bagus dan cepat mentranfer uang kinerja nya baik dan progesional bravo gojek maju trus semoga menja...,positive,negative,medium,Negative (score:-2.6)
13000,sekarang klo pesan go food tidak ada voucher potongan lagi ya jadi totalnya mahal,neutral,negative,medium,Negative (score:-2.0)
13004,maaf ya saya kasih bintang pelayanan sangat buruk mengecewakan saya butuh aplikasi go jek sekedar untuk isi gopay saja u...,negative,positive,high,Strong positive (score:17.1)
13009,sangat bagus namun hari ini saya tidak bisa membuka aplikasi ini kenapa yaa alasannya saya coba membuka akun saya di dev...,positive,negative,medium,Negative (score:-3.9)
13011,sebenarnya gojek sangat membantu tapi kadang pengemudi nya itu kayak sesuka suka nya sendiri ini pengalaman saya jadi sa...,positive,neutral,high,"Mixed sentiment (pos:1, neg:2)"
13015,pas belum klik pesanan harganya k tapi pas sudah klik pesanan malah k tidak konsisten dalam harga cukup kecewa karena ha...,negative,positive,medium,Positive (score:3.0)
13017,ingin komplain perihal oknum pengemudi sangat susah sekali call center tidak dapat dihubungin lapor via email tidak dire...,negative,positive,medium,Positive (score:3.2)
13030,promosi yang otomatis terpasang bukannya promosi yang besar malah promosi yang kecil tidak efektif bgt sama saja bohong ...,negative,positive,medium,Positive (score:2.0)
13031,terimakasih gojeg sudah banyak membantu saya dalam menyediakan aplikasi dan transportasinya perjalanan jadi lebih mudah ...,positive,negative,medium,Negative (score:-2.0)
13033,agak kecewa dengan aplikasi gojek pesan satu yang masuk dua udah di batal satu tapi tidak masuk di pengemudi nya aplikas...,negative,neutral,high,"Mixed sentiment (pos:1, neg:2)"
13034,aplikasi sudah bagus tapi masih terdapat kesalahan sistem sehingga beberapa transaksi terjadi kesalahan berujung hilang ...,neutral,positive,medium,Positive (score:3.0)
13040,sangat mengecewakan sekali padahal saya sering pakai aplikasi ini dan saya suka tapi tiba tiba tidak bisa melakukan peme...,negative,positive,high,Strong positive (score:8.0)
13043,sangat membantu untuk pengiriman barang tidak perlu pakai karyawan tetap jadi lebih hemat,positive,negative,medium,Negative (score:-2.6)
13044,harus nya walaupun pembeli dapat gratis ongkir oom gofood nya juga jangan di kasih rb dong padahal dia ngantar lumayan j...,positive,negative,medium,Negative (score:-2.0)
13056,saya pelaggan setia gojek hampir stiap hari saya menggunakan aplikasi ini saya kecewa dengan gojek versi baru ini kenapa...,negative,neutral,medium,Neutral (score:-1.0)
13060,sangat bermanfaat di jawa timur tetapi aplikasi masih sering error mohon tambahkan fitur telpon gratis antar pengemudi d...,positive,negative,medium,Negative (score:-2.6)
13065,aplikasinya bagus drivernya saja ada yang ngeyel saya pernah distopin jauh dri rumah gara ngak mau motornya kotor,neutral,positive,medium,Positive (score:3.0)
13068,maaf ya aku kasih bintang soalnya salah satu dari pengemudi gojek ada yang tidak sopan bicaranya bahkan sampai mengeluar...,negative,neutral,high,"Mixed sentiment (pos:1, neg:1)"
13071,baru mau kasih reting bintang karena merasa terbantu banget bln kemaren pake gopaylater yang bisa dicicil ampe kali wah ...,negative,neutral,high,"Mixed sentiment (pos:1, neg:1)"
13072,aplikasi apa ini sangat buruk kejam banyak sekali pemotongan penghasilan dipotong ditambah biaya admin bagi instansi ter...,negative,positive,high,Strong positive (score:4.8)
13073,bagus sangat membantu tapi tolong untuk mempermudah si drivernya gpsnya di akurat kan kembali mana untuk mobil dan mana ...,positive,neutral,high,"Mixed sentiment (pos:1, neg:1)"
13076,pantesan nyari pengemudi harus menunggu lebih dari jam ternyata orderannya di tahan buat pengemudi jarak dekat sedangkan...,negative,neutral,medium,Neutral (score:1.0)
13082,aplikasi sudah bagus hanya saja menurut saya gps tidak akurat padahal sudah mengaktifkan gps hp tapi alamat tidak terdet...,neutral,positive,high,Strong positive (score:4.8)
13093,gimna nih gojek tidak bisa ngasih solusi uang juta lenyap entah kemana padahal pembayaran berhasil padahal sudah ikuti s...,negative,positive,medium,Positive (score:3.9)
13100,maaf bintangnya saya turunin karena beberapa kali pesen gofood drivernya tidak bergerak dan tadi naik go ride si pengemu...,negative,neutral,medium,Neutral (score:-1.3)
13104,aplikasi bagus cuma banyak kali iklan notifikasi,neutral,positive,medium,Positive (score:3.0)
13108,menyesal banget sudah pakay gopay tidak bisa dipakay suruh upgrad sudah diupgrad semingguan pantengin ini az tidak juga ...,negative,neutral,medium,Neutral (score:-1.3)
13112,aplikasi nya bagus harga makanan nya juga lumayan murah tapi apk ini memilih lokasi kadang asal jadi gitu ya,positive,neutral,high,"Mixed sentiment (pos:1, neg:1)"
13113,sering gangguan bagus up kadang hari baru masuk,positive,negative,medium,Negative (score:-3.0)
13122,tolong perbaiki lagi update yang trbaru aplikasi ini soalnya agak berat ram memori dengan updatean yang trbru ini,positive,neutral,medium,Neutral (score:-1.0)
13134,ya cukup bagus cuma kalo lagi hujan kdg gamau ada yang nerima padahal mau brangkat jam itu juga alhasil telat sekolah pa...,neutral,positive,medium,Positive (score:3.0)
13138,pelayanan terhadap costumer sangat memberi kepuasan tersendiri untuk costumer dari pengemudi sendiri sangat bersifat ram...,positive,negative,medium,Negative (score:-2.6)
13139,aplikasi yang baik dan sangat membantu terimasih biat drivernya dan gocar,positive,neutral,medium,Neutral (score:1.3)
13140,transaksi nya cepat sayang upgrade nya lambat belum diterima belum ada keterangan diterima atau ditolak,negative,neutral,high,"Mixed sentiment (pos:1, neg:1)"
13144,pengalamn saya kadang kadang ojek sering bercerita masalah klgnya saya senang saja dengrinya kadang kadang memberikan so...,neutral,positive,medium,Positive (score:3.0)
13145,sangat membantu berharap selalu ada pembaruan untuk lebih maju dan bermanfaat,positive,negative,medium,Negative (score:-2.6)
13146,semoga menjadi lebih baik lagi,positive,negative,medium,Negative (score:-3.0)
13147,sejak go food pengemudi antar pesanan arah yang sama ke konsumen waktu terima lebih lama sementara ongkir nya tetap haru...,neutral,negative,medium,Negative (score:-2.0)
13150,saya kurangi bintangnya karena tidak sesuai gop pinjam saya pertama lancar setelah limit naik di sayangkan tidak bisa di...,neutral,positive,medium,Positive (score:2.0)
13153,beberapa hari memakai apk ini terkadang suka nge blank tanpa sebab tiap ku itung menit sedang memesan makanan tiba ngebl...,neutral,positive,medium,Positive (score:2.0)
13160,baru pake aplikasi ini belum pernah ada kendala maupun problem dengan driver so far is good smoga makin oke dan inovatif,positive,negative,medium,Negative (score:-2.0)
13162,kenapa kode otp saya mau login susah didapatkan padahl jaringan bagus menghapus data cace juga sudah saya lakukan mohon ...,neutral,negative,high,Strong negative (score:-5.0)
13163,klo bisa jarak jauh poin utk pengemudi ditambah karena rata klo jauh pengemudi tidak mau ambil order karena klo jauh mot...,positive,neutral,medium,Neutral (score:-1.0)
13166,tolong ini aplikasi kenapa ya setiap mau masuk aplikasi pasti tidak menanggapi tolong perhatian dan penjelasannya thanks,neutral,positive,medium,Positive (score:2.0)
13170,sangat mudah mengakses aplikasi bersama go jek semua jadi lancar,positive,neutral,medium,Neutral (score:0.0)
13173,percuma ada go food kalo pas ujan tidak ada yang ambil pesanan lebih baik gojek tuh bikin atribut skalian sama jas ujan ...,neutral,positive,medium,Positive (score:3.0)
13179,banyak dapet voucher tapi kenapa terkesan setengah hati banget ya ngasih nya voucher food tpi yang ke potong cuma ongkir...,positive,negative,medium,Negative (score:-2.6)
13182,jujur dengan adanya layanan transportasi online ini kita jadi mudah dalam menjalani aktivitas tapi sinyalnya yang sering...,positive,neutral,high,"Mixed sentiment (pos:1, neg:1)"
13184,giliran dapet diskon setengah harga pada tidak mau giliran ada lambat nunggu nya,neutral,negative,medium,Negative (score:-2.0)
13190,sangat tidak puas isi saldo gopay via bank saja tidak masuk masuk bagaimana ini harus nunggu x jam lagi tidak sesuai exp...,negative,neutral,medium,Neutral (score:0.0)
13191,yang saya suka dari gojek ialah cepatnya penanganan keluhan customer saya pernah x kali mengalami kendala dan dapat dise...,positive,negative,high,Strong negative (score:-7.8)
13197,aplikasi saya suka eror tidak bisa chat hanya bisa sms dan telepon,neutral,positive,medium,Positive (score:2.0)
13207,dear diary kesal deh pas kalo tau ada kastamer yang pesen gobox ehh taunya gopay nya kurang hiks atau pas mereka diminta...,positive,neutral,high,"Mixed sentiment (pos:1, neg:2)"
13210,aplikasi yang sangat bagus dan membantu sekali semoga lebih ditingkatkan lagi dan lebih banyak lagi promonya,positive,negative,high,Strong negative (score:-8.0)
13213,sangat mengecewakan selalu jadi konsumen dengan rating bagus tapi tiba aplikasi tidak bisa digunakan ada email muncul ap...,negative,neutral,high,"Mixed sentiment (pos:1, neg:1)"
13215,senang pakai aplikasi ini tapi terkadang mep aplikasi nya tidak sesuai tapi ada nya aplikasi ini sanggat membantu kita y...,positive,neutral,high,"Mixed sentiment (pos:1, neg:1)"
13219,pengemudi nya sekarang pada malas malas banget pesanan lambat pick up nya apa lagi ambil fitur hemat sering teman kejadi...,neutral,negative,medium,Negative (score:-2.6)
13222,tolong dong pihak gojek di perbaiki lagi masa abis update sinyal jaringan bagus tau pesanan ilang sedangkan pengemudi su...,positive,negative,medium,Negative (score:-3.0)
13224,sekarang gojek tarif nya mahal jarak deket saja hampir an padahal dulu tarif nya murah,positive,negative,medium,Negative (score:-2.0)
13227,pengemudi go jek sekarang banyak alasan nya bilang jauh tapi pas di liat d aplikasi posisi nya dekat lagian jadi go jek ...,negative,positive,high,Strong positive (score:4.8)
13235,sangat membantu sekali disaat mager,positive,negative,medium,Negative (score:-3.2)
13240,buat aplikasi nya bagus sih sangat bermanfaat tapi selalu ada iklan gojek di galeri yang muncul banyak banget jadi risih...,neutral,positive,high,Strong positive (score:4.8)
13241,aplikasi gojek sangat membantu yang membutuhkan transportasi cepat,positive,neutral,medium,Neutral (score:0.0)
13247,tidak sengaja kepencet belum ada sedetik gabisa di batal,negative,positive,medium,Positive (score:2.0)
13249,sangat bagus sekali sangat membantu banget,positive,negative,high,Strong negative (score:-9.5)
13263,upgrade kegopay plus tidak sampai menuunggu lambat hanya beberapa menit langsung keuprgrade gopay plus terimakasih,negative,positive,medium,Positive (score:2.0)
13271,good sangat membantu tetapi promosi discountcashback sedikit,positive,negative,medium,Negative (score:-2.6)
13273,sebelumnya pembayaran ke akun google lancar saja namun sejak saya menghentikan pembayarann berlangganan akun google samp...,neutral,positive,medium,Positive (score:2.0)
13275,jangan sering update dong masa bentar bentar tidak bisa d pake harus perbarui mulu kan ngabisin ram kl keseringan pembar...,neutral,negative,medium,Negative (score:-2.0)
13279,selama saya pakai belum pernah kecewa sih rekomendasi bgt cuma waktu jemput dan respon pengemudi kadang lambat selebihny...,negative,positive,high,Strong positive (score:4.0)
13286,penyelasain nya lambat dari dulu da bikin laporan baru sekarang selsai eeh malah ada lagi saja malah tidak bisa di pake ...,negative,neutral,medium,Neutral (score:1.0)
13289,sangat buruk sistem pencarian drivernya dan kebanyakan drivernya manja order goride jmput anak sekolah pas dapat pengemu...,negative,neutral,medium,Neutral (score:1.3)
13293,kenapa semakin hari semakin tambah buruk ya aplikasi dan layanan gojek ini sudah sering tidak bisa digunakan untuk fitur...,positive,negative,medium,Negative (score:-3.0)
13307,sangat mengesankan pengemudi ramah perjalanan nyaman dan selamat smp di tempat tujuan,positive,neutral,medium,Neutral (score:0.0)
13310,aplikasi tidak guna aplikator tidak jelas gofood lambat banget mana mahal mana pengemudi nya pada songong mending lu bik...,negative,neutral,medium,Neutral (score:0.0)
13329,sangat membantu dikala mager untuk memasak atau pergi beli makannan promosi dibanyak kan biar dapat bintang,positive,negative,medium,Negative (score:-2.6)
13332,harga sangat mahal jadi maafkan saya bila saya memberi kalian peringkat seperti ini dan terima kasih buat semuanya karen...,negative,neutral,medium,Neutral (score:0.0)
13333,ni gocar semakin ngawur mahal dan penjeputannya pun kadang jauh banget lokasi drivernya kalau tidak cepat di perbaiki mu...,negative,neutral,medium,Neutral (score:0.0)
13335,tolong banget ni jek jangan batal saya mulu plis saya barusan hampir telat masuk sekolah gegara dicancel x buset kesal b...,negative,neutral,medium,Neutral (score:-1.3)
13336,sangat simple dan bermanfaat sekali upgade akun ke premium saja sangat muda dan cepat trims,positive,negative,medium,Negative (score:-3.2)
13340,feed back mengenai layanan bagus up gopay sangat lambat dan tidak mudah mengurusnya gopay saya tidak terisi sedangkan sa...,negative,positive,high,Strong positive (score:9.6)
13342,agak mengecewakan sih karena tidak bsa pesen scra manual makanan di go food sekarang sudah tidak bsa pesen manual ya ata...,negative,positive,medium,Positive (score:2.0)
13345,barakallahu fiikuum mohon maaf tadi kesalahan saya saya baru menggunakan aplikasi ini jadi masing bingung td sudah pesen...,positive,negative,medium,Negative (score:-3.9)
13350,saran saja kalo ada yang pesen xl drivernya tau diri mobilnya kalo kecil jangan di ambil ribet banget,negative,positive,medium,Positive (score:3.2)
13352,kecewa go food hari minggu tidak ada yang ngambil ada yang ngambil tapi langsung dibatalkan sudah keburu lapar juga udh ...,neutral,negative,high,Strong negative (score:-6.0)
13355,kenapa di apk saya tidak bisa bagus up ke indomart ya kan saya jadi bingung klo mau beli tiket dri gojek mana saya kan b...,neutral,negative,medium,Negative (score:-3.0)
13356,mohon untuk diperbarui aplikasinya agar bisa menghapus no rekening yang sudah terdaftar kalau kita mau ganti no rekening...,negative,positive,high,Strong positive (score:4.0)
13361,sangat membantu dalam mengatasi segala hal praktis cepat tepat mantap terima kasih go jek sukses untuk semuanya aamiin,positive,neutral,medium,Neutral (score:0.0)
13362,dua kali terakhi ini pesan gocar sangat cepat datang juga cepat dan dua drivers nya ramah dan nyaman,positive,neutral,medium,Neutral (score:0.0)
13370,aplikasi anak bangsa yang tidak bisa diandalkan kecewa logout sendiri dan tidak bisa login lagi keaplikasi padahal masih...,negative,positive,medium,Positive (score:3.0)
13375,mantap aplikasi yang sangat bisa diandalkan sangat membantu saat dibutuhkan,positive,neutral,medium,Neutral (score:1.3)
13376,saya mau ngeluh nih setiap gosendgofood suka ada tanya ulang tidak cukup x jadi bikin ribet tolong di perbaiki sistem gp...,positive,neutral,medium,Neutral (score:0.0)
13383,klo pesan food kelamaan estimasi ya klo bisa jgn terlalu lama kami pesan agar cepat tiba makanannya,neutral,negative,high,Strong negative (score:-4.0)
13388,makanan sesuai pesanan rasa mantap pengantaran cepat,positive,neutral,medium,Neutral (score:1.0)
13392,gojek lagi gangguan kah saya bagus up x dananya sudah terpotong tapi tidak masuk,positive,negative,medium,Negative (score:-3.0)
13395,aplikasinya bagus cuma msh bnyak ngelagbug tolong bagi draiver yang niat nyari rezky jnngan pilih ordran jauh tempat jam...,negative,neutral,high,"Mixed sentiment (pos:1, neg:2)"
13403,aplikasi sangat buruk masa lokasi set utk penjemputan tidak bisa di jangkau sudah coba change bbrp lokasi penhemputan ta...,negative,positive,medium,Positive (score:3.9)
13411,seru bisa pesan donat,positive,neutral,medium,Neutral (score:1.0)
13414,lumayan tapi pas pesan mkn nan bnyk bngt yang alasan tidak bsa lah gtu lah tolong lebih diperbaiki lagi,neutral,positive,medium,Positive (score:2.0)
13416,lucu nih akun diblokir keterangannya ada batal terlalu banyak padahal batal pun itu pengemudi gojeknya yang minta gara g...,negative,neutral,high,"Mixed sentiment (pos:1, neg:1)"
13417,saya sangat senang karena mempercepat tujuan untuk kontrol dan untuk keperluan kemanapun yang kita mau,positive,negative,medium,Negative (score:-3.9)
13425,bagi costumer alamat dengan masuk gang semakin susah jika malam hari karena maps tidak bisa secara manual di arahkan dan...,negative,positive,medium,Positive (score:3.2)
13429,keluhan saya dan saran saya ke mimin dv tidak bisa pake fiktur minta teman atau keluargga padahal sudah update ke gopay ...,neutral,negative,medium,Negative (score:-3.0)
13430,buka app lain lancar buka gojek lemot bahkan suka error terlalu mentingin ui sampe ux nya tidak dipikirin harga pun tida...,negative,neutral,medium,Neutral (score:0.0)
13435,sangat membantu sekali soalnya saya baru di jakarta dan tidak tau jalan sama sekali dari pada kesasar mending saya pakai...,positive,negative,medium,Negative (score:-3.2)
13443,sangat puas layanannya kumplit sangat membantu jika sedang sibukistirahat,positive,negative,high,Strong negative (score:-6.5)
13444,saya sudah lebih dari beberapa kali upgrade ke gopay plus selalu gagal padahal foto ktp dan foto selfie sudah sangat jel...,neutral,negative,medium,Negative (score:-3.9)
13446,sangat membantu saya cuma ada beberapa kendala terkadang eror di bagian map jadi tidak sesuai penjemputan,positive,negative,medium,Negative (score:-2.6)
13452,aplikasi yang sangat bagus dan saya jg mudah berpergian dengan ada nya aplikasi gojek ini thank you,positive,neutral,medium,Neutral (score:-1.3)
13455,sangat bagus cepat tepat padat dan klw bisa driper lebih cepat lagi merespon konsumen thank you,positive,negative,medium,Negative (score:-3.9)
13474,bagus tapi tidak enaknya kadang kadang dikasih tau jalan yang benar ngeyel tidak sesuai maps dibilang tetap tidak mau ka...,neutral,positive,medium,Positive (score:3.9)
13476,pelayan untuk customer service sendiri sangat buruk bahkan untuk sekedar menanggapi keluhan yang sudah dikirim lewat ema...,negative,positive,high,Strong positive (score:6.5)
13478,buruk nih gojeg baru pertama pesen bikin kapok biasa ke grab tidak pernah kecewa cuma salah pencet pesanan gabisa di bat...,negative,neutral,high,"Mixed sentiment (pos:1, neg:1)"
13484,bisa tidak sih klo hujan tuh tidak usah susah dicari hujan juga sudah reda juga sama kembalian tu disiapin gedeg,negative,positive,medium,Positive (score:2.0)
13485,selama menjadi pengguna aplikasi gojek saya merasa nyaman suka dan terbantu tetapi terakhir akhir ini saya merasa tidak ...,negative,positive,high,Strong positive (score:4.8)
13489,saya mau upgrade gopay plus yang baru susahnya minta ampun malah ditolak gara gara id kartu sudah pernah dipakai di akun...,negative,neutral,medium,Neutral (score:0.0)
13497,kenapa saya tidak mendapatkan gojek paylater mohon dibantu aplikasinya semangkin di update malah makin buruk aplikasinya...,positive,negative,medium,Negative (score:-3.0)
13498,sangat membantu dalam setiap situasi,positive,negative,medium,Negative (score:-2.6)
13499,aplikasi ojek yang bagus dan murah diskon nya juga bagus mantep deh pokoknya,positive,neutral,medium,Neutral (score:0.0)
13503,sudah lebih baik dari penilaian saya sebelumnya aplikasinya sudah sangat baik pembayarannya juga sudah terintegrasi deng...,positive,neutral,medium,Neutral (score:0.0)
13504,saya keliru ngasih bintang pd driver mohon ada menu edit bintang soalnya pas pesen gocar yg satu ramah dan satunya tidak...,negative,neutral,medium,Neutral (score:0.0)
13506,sudah lambat saya pakai go jek dan saya sangat terbantu terima kasih saya sarankan agar go jek menyedihkan fitur chat se...,positive,negative,medium,Negative (score:-2.6)
13507,kurang mengerti dengan fitur pakai voucher utk pembelian pulsa di gopulsa sudah klik pakai voucher kemudian ke gopulsa s...,positive,neutral,medium,Neutral (score:-1.0)
13510,memang terbaik tidak ribet dan mudah juga transaksi nya diskon nya juga terbaik lah sukses selalu buat gojek,positive,negative,medium,Negative (score:-3.9)
13512,kenapa makin hari makin mahal tidak di go food dan mana pun harga naik voucher juga jarang,neutral,negative,medium,Negative (score:-2.0)
13519,persaingan ojol semakin tinggi ongkos bike jadi pilihan customer apabila ongkos tidak bs bersaing maka bs jadi gojek aka...,negative,positive,medium,Positive (score:2.0)
13524,beberapa kali selalu kena tipu dengan iming kalau pakai gopay ada promo ketika gopay sudah di isi tiba promonya tidak ad...,negative,positive,medium,Positive (score:3.9)
13526,terimakasih min sudah di tanggapi dengan cepat keluhan keluhan nya,positive,negative,medium,Negative (score:-2.0)
13527,sangat disayangkan untuk para pengguna yang berada di kota kecil para pengemudi tidak banyak yang mengambil pesanan deng...,positive,neutral,medium,Neutral (score:-1.3)
13534,buruk ah sekarang diskonanny sedikit banget sudah gitu ongkir sama biaya layanan ny tinggi banget sekaliny ad diskon cum...,neutral,negative,high,Strong negative (score:-5.7)
13539,aku beli gojek plus yang hari serasa di scam apaan diskon nya geli saja kek rb an trs ya benci bngt klo lupa nyentang se...,neutral,negative,medium,Negative (score:-3.0)
13541,aplikasinya sih bagus tapi kapasitasnya besar sehingga mengakibatkan lemot dan ram hp lemah,neutral,positive,high,Strong positive (score:5.0)
13543,sangat membantu tapi sayang untuk gopay playlaternya tidak ada kepastian untuk didapatkan selalu menunggu proses antrian...,positive,negative,medium,Negative (score:-2.6)
13545,sangat mudah digunakan dan membantu dalam bepergian maupun bertransaksi,positive,neutral,medium,Neutral (score:0.0)
13546,harganya makin mahal terus masih banyak pengemudi yang kurang baik mereka banyak pake aplikasi tuyul n klw hujan tidak m...,negative,positive,medium,Positive (score:2.6)
13550,gercep dan sangatta membantu apalagi jln ke jogja yang notabene nya tidak ada angkot mau beli apa apa jauh gojek lah and...,positive,negative,medium,Negative (score:-2.6)
13552,pak kadang kdg utk penjemputan agak lambat d no motor tidak sesuai dengan apikasi sekian tq gbu,negative,neutral,medium,Neutral (score:1.0)
13559,sangat membantu dalam perjalanan ku maps nya akurat dan pelayanan pengemudi nya bagus,positive,neutral,medium,Neutral (score:1.3)
13569,mesen go food tidak ada yang mau ambil tidak ada konfirmasinya ke customer tidak kaya aplikasi ijo sebelah pesan di rest...,neutral,positive,medium,Positive (score:3.0)
13571,terima kasih telah menciptakan aplikasi go jek ini sangat membantu saya untuk bepergian tanpa perlu biaya mahal untuk se...,positive,negative,high,Strong negative (score:-5.2)
13577,lucu bener padahal kita titik kan map nya untuk go ride pendek tetapi harga tetep rb karena setiap saya rubah titk nya d...,negative,neutral,high,"Mixed sentiment (pos:1, neg:1)"
13581,sangat bagus dan membantu apalagi di masa pandemi covid dan proses pencairan dana prakerja nya jg cepat terima kasih,positive,negative,medium,Negative (score:-3.9)
13589,banyak mobil xl tapi pas datang tidak xl atau gocar comfort tapi kayak yang biasa suka ada pengemudi tidak sopan dan ter...,negative,positive,medium,Positive (score:2.0)
13591,nyaman kami sangat terbantu namun terkadang sedikit masukan pengemudi masih tidak tau jalan atau belum hapal dan belum p...,negative,positive,high,Strong positive (score:5.2)
13599,padahal saya pengguna lambat gojek tapi makin kesini malah makin eror suka keluar sendiri dari aplikasinya tolong dong m...,negative,neutral,high,"Mixed sentiment (pos:1, neg:1)"
13601,memudahkan tapi ongkirnya tidak ngotak mahal kali,negative,positive,medium,Positive (score:2.0)
13607,kenapa tidak bisa chat via aplikasi padahal sangat membantu kasihan drivernya kalau pakai pulsa dan konsumen juga harus ...,positive,negative,medium,Negative (score:-2.6)
13612,lokasi y kenapa ke monas mulu setelah update agak beda dengan sblm update kurang ok,negative,positive,medium,Positive (score:2.0)
13614,saran untuk pay later kalo bisa batas tagihan setiap hari jangan akhir bulan pesan tgl besoknya sudah kena jatuh tempo t...,neutral,negative,medium,Negative (score:-2.6)
13615,saya kenapa susah upgrade ke plus saat mau photo ktp jelas tapi hasilnya selalu blur sudah hari dan berkali kali selalu ...,neutral,negative,medium,Negative (score:-2.0)
13625,apk ini sangat membantu kita dalam belanja online cari ojekan mudah pertahankan keamanan,positive,neutral,medium,Neutral (score:0.0)
13629,sekarang go car mahal dibanding si ijo car sebelah murah saat promosi saja kalau sama sama tidak promosi sebelah selisih...,negative,neutral,medium,Neutral (score:0.0)
13631,sangat bagus tapi klo bisa yang mobil jangan terlalu mahal dong,positive,neutral,high,"Mixed sentiment (pos:1, neg:1)"
13632,cukup memuaskan cuma tidak sesuai titik,neutral,positive,medium,Positive (score:3.0)
13633,kenapa mau upgrade selalu dibilang foto buram hp saya yaa begini adanya udah dicahaya teang udah suai tp tetap gagal kal...,neutral,positive,medium,Positive (score:3.0)
13635,kemarin saya pasang aplikasi gojek awal nya normal lah lancar juga terus tiba tiba tidak bisa di pake kata nya suruh upd...,negative,neutral,medium,Neutral (score:0.0)
13643,aplikasi yang sangat bagus jadi lebih mudah untuk memabantu banged aplikasi yang lebih mudah buat bayar dan belanja duku...,positive,neutral,medium,Neutral (score:1.3)
13644,aplikasinya sangat membantu saya tapi sayangnya ketika saya ke cibiru pingin naik goojek ke arah bojongsoang tidak bisa ...,positive,negative,high,Strong negative (score:-5.2)
13647,tolong dong ini susah banget mau cht pengemudi malah tidak bisa terus padahal notif dri pengemudi masuk tpi tidak bisa n...,neutral,negative,medium,Negative (score:-2.6)
13648,belum keterima juga jadi mitra sudah hampir bulan malah banyak yang nawarin ke calo komunitas dengan harga jutaan bagaim...,positive,negative,medium,Negative (score:-2.0)
13650,aplikasi ini sangat mudah digunakan bisa juga untuk bayar krl jabodetabek untuk masalah transportasi gojek solusi nya,positive,negative,medium,Negative (score:-2.6)
13654,pembayaran via gopay sangat mudah kalau gopay kurang otomatis sisa pembayarannya menjadi tunai tidak kayak sebelah kuran...,positive,negative,medium,Negative (score:-2.6)
13655,fitur batal tidak bisa digunakan secara maksimal ketika ingin batal jawaban cs tidak bisa sangat kecewa sekali,negative,neutral,medium,Neutral (score:-1.6)
13662,sudah hari ini saya tidak bisa bagus up gopay melalui atm bni sudah di coba ke beberapa atm bni yang lain masih tidak bi...,positive,negative,medium,Negative (score:-3.0)
13674,di tingkat kan lagi apk nya semua sudah bagus cuma loading sedikit lama dan selalu bermasalah di sistem transfer gopay t...,positive,neutral,high,"Mixed sentiment (pos:1, neg:1)"
13675,pesanan sangat lambat sampai sejak ada mode hemat dan pengemudi nya banyak sekali minta tip tambahan karena mereka di ba...,negative,positive,high,Strong positive (score:4.8)
13677,kurang puas saya beli sldo data slalu gagal,negative,neutral,medium,Neutral (score:-1.0)
13679,sangat suka dengan aplikasi gojek ketimbang aplikasi sejenis yang lain karena lebih mudah pengoperasiannya dan promonya ...,positive,neutral,medium,Neutral (score:0.0)
13683,aplikasinya terlalu banyak min mohon developer pt karya anak bangsa dipertimbangkan lagi tentang banyaknya aplikasi yang...,neutral,positive,medium,Positive (score:3.0)
13685,sangat membantu tapi tolong diperhatikan lagi ketika ujan sudah reda suka susah banget dapet nya,positive,negative,medium,Negative (score:-3.2)
13686,sekarang aplikasinya jadi agak ribet pas masuk padahal koneksi bagus tapi susah banget buat log in nomornya tidak masuk ...,negative,positive,medium,Positive (score:3.2)
13690,sangat membantu dan cepat untuk proses pemesanan walau kadang menunggu beberapa menit tapi diusahakan secepatnya,positive,negative,high,Strong negative (score:-5.2)
13694,kenapa sudah bagus up tidak masuk ya sama kata temen di refresh tapi kenapa tidak bisa ya malah layar utama nya tidak ka...,negative,neutral,high,"Mixed sentiment (pos:1, neg:1)"
13696,sangat keren bangga sama grab,positive,neutral,medium,Neutral (score:-1.3)
13703,aplikasi sangat membantu bwt bepergian kerja maupun untk pesan makanan,positive,negative,medium,Negative (score:-2.6)
13704,kenapa sekarang app gojek tidak bisa di buka ya sudah saya coba uninstall lagi tapi masih tidak bisa tolong segera di pe...,neutral,positive,medium,Positive (score:2.0)
13714,saya pelangan sudah lambat pake play later ko sekarang tidak bisa di pake setelah di update loading terus jadi kecewa,negative,neutral,medium,Neutral (score:-1.0)
13718,tolong ini kenapa saya susah dapat driver saya menggunakan layanan gofood kenapa tombol batalkan pesanan tidak ada saya ...,negative,neutral,medium,Neutral (score:1.0)
13721,sudah berapa kali klo mesen go food pesanannya kurang di bil nya memang di beli kan tapi di tangan saya kurang pesananny...,positive,neutral,high,"Mixed sentiment (pos:1, neg:2)"
13723,tolong dong buat gobiznya kalo milih pengemudi itu yang terdekat saja karena sering makanan yang saya sediakan suka di b...,positive,neutral,medium,Neutral (score:1.3)
13725,ini uda hari gabisa dibuka kenapa deh minn padahal uda di update jaringannya juga oke buat buka aplikasi lain cuma gojek...,positive,negative,medium,Negative (score:-2.0)
13729,sangat memuaskan dlam prjalanan penjemputan dan penurunan penumpang,positive,negative,medium,Negative (score:-3.9)
13731,aplikasi buruk banget pelayanannya jadi gini saya kemarin bagus up diamond ml sampai sekarang belum masuk keterangannya ...,negative,neutral,high,"Mixed sentiment (pos:1, neg:1)"
13733,kehadiran gojek sangat membantu sekali lebih nyaman dari pada bawa mobil sendiri di perjalanan bisa rilek tidak hanya it...,positive,negative,medium,Negative (score:-3.2)
13734,sangat ramah pelayanannya terima kasih,positive,negative,medium,Negative (score:-2.6)
13742,gobills kenapa di hapus ya padahal suka menggunakan untuk pembayaran di dalam game tolong di adakan lagi dong,neutral,positive,medium,Positive (score:2.0)
13750,saya topup gopay sampe x kaga masuk buruk si ini makin kesini makin tidak beres,negative,positive,medium,Positive (score:3.0)
13752,entah ini memang di kota saya yang tidak ada pengemudi terdekat nya atau aplikasi nya yang bermasalah atau mungkin akun ...,negative,neutral,high,"Mixed sentiment (pos:1, neg:1)"
13753,sangat bagus efisien juga lebih fleksibel sii pokoknya sukses terus untuk gojek indonesia,positive,negative,medium,Negative (score:-2.6)
13758,sangat mudah dan simpel di gunakan,positive,negative,medium,Negative (score:-2.6)
13770,aplikasi ini sangat membantu saya dalam hal apapun apalagi seperti kondisi sekarang telah mewabahnya virus corona good j...,positive,negative,medium,Negative (score:-2.6)
13774,aplikasi bagus tapi untuk fitur mengatur stoknya agak susah karena tidak ada fitur pencarian saat mau menonaktifkan dan ...,neutral,positive,high,Strong positive (score:6.0)
13775,sangat membantu disaat bingung cr transportasi upgrade trus aplikasinya supaya lbh bermanfaat,positive,negative,medium,Negative (score:-2.6)
13777,aplikasinya bagus bisa ngecek maupun pesan dari jarak jauh juga tapi gara di tagih bagian paylater nyocot banget nelponn...,positive,neutral,high,"Mixed sentiment (pos:1, neg:1)"
13785,kenapa drivernya pada suka mengeluh jauh dari lokasi penjemputan padahal jarak pengemudi dengan titik jemput itu cuman k...,neutral,positive,high,Strong positive (score:4.0)
13788,mahal banget diskon dikit,neutral,negative,medium,Negative (score:-2.6)
13789,okelah semoga bisa semangat lagi di perbaiki sikap dan layanan pick up drivernya jangan sering di batal sepihak,neutral,positive,medium,Positive (score:2.0)
13801,sesuai dengan keinginana pesanan cepat dan sangat puas,positive,negative,high,Strong negative (score:-6.5)
13812,layanan nya bagus sih tapi bikin dong supaya aplikasi dipake orang tidak usah di pinjem sama orang jadi customer nya bin...,neutral,positive,medium,Positive (score:3.0)
13815,kenapa maps nya suka ganti sendiri dah brengsek emang aps ini sangat membantu tapi jadi repot kalo kejadian keganti maps...,positive,neutral,high,"Mixed sentiment (pos:1, neg:1)"
13816,sangat membantu aktivitas sehari hari simpel banyak pilihan dan menguntungkan terima kasih,positive,negative,medium,Negative (score:-2.6)
13820,sangat membantu sekali kalo tidak ada yang bisa antar jemput aplaagi kalo banyak promosi nya hehe,positive,negative,medium,Negative (score:-3.2)
13827,perbaiki dong kualitas aplikasi nya tiap pesen makan di gofood nya sudah ada biaya utk aplikasi tapi tiap mau masuk apli...,negative,neutral,high,"Mixed sentiment (pos:1, neg:1)"
13834,lumayan membantu untuk aktivitas jalannya dikota besar tpi ongkir goofoodnya agak mahal,neutral,positive,high,Strong positive (score:5.0)
13838,entah mengapa saya tidak bisa memberikan bintang pada pengemudi yang mengantar makanan saya kasihan drivernya masalahnya...,positive,neutral,high,"Mixed sentiment (pos:1, neg:1)"
13840,tidak enak makin mahal ongkir nya dekat pun mahal,negative,neutral,medium,Neutral (score:0.0)
13845,saya mau pesan makanan kenapa sekarang lambat sekali ya dapat drivernya dari jam awal saya istirahat makan siang sampe j...,negative,neutral,medium,Neutral (score:0.0)
13847,kalo mau diskon harus jarang pake gojek aneh harusnya pelanggan setia lah yang dapet diskon tiap hari pake gojek harga m...,neutral,negative,medium,Negative (score:-2.0)
13854,sekedar saran karena terkadang saya juga sedih mendengar temen gojek yang diusiliada yang pesan makanan tpi pas nyampe o...,positive,neutral,medium,Neutral (score:1.0)
13855,untuk pengemudi selalu memberi layanan yang sangat baik begitu juga saya yang suka menggunakan aplikasi ini untuk kebutu...,positive,negative,high,Strong negative (score:-16.0)
13857,sangat membantu sih tapi kenapa habia di update diauruh maaukin no hp tidak bisa malah ada tulisan nomer tidak terdaftar...,positive,neutral,high,"Mixed sentiment (pos:1, neg:1)"
13859,kenapa saya mau download gabisa ya padahal jaringan jg bagus mohon bantuan nya,positive,negative,medium,Negative (score:-3.0)
13860,saya jujur mengatakan aplikasinya makin dibenahi tidak mlh bagus tpi makin hancur kalo di banding dengan hijau sblh jauh...,positive,negative,medium,Negative (score:-3.0)
13862,makasih gojek dengan aplikasi nie mudah untuk mengakses berbagai delivery maupun transaksi,positive,neutral,medium,Neutral (score:0.0)
13865,sangat bagus memudahkan kita dalam perjalanan dan cepat sampai ke tempat tujuan,positive,neutral,medium,Neutral (score:-1.3)
13867,jangkauan cari pengemudi kurang jauh kasian yang nyari pengemudi dari kawasan,negative,neutral,medium,Neutral (score:-1.0)
13874,tidak perlu antri tidak perlu susah cari resto tidak perlu bayar parkir tinggal duduk manis makanan tiba sampai depan ru...,negative,positive,medium,Positive (score:2.0)
13879,bahkan ada yang bisa kita lakukan untuk menjaga agar kulit cepat putih berikut patut anda coba untuk tampil lebih cantik...,positive,negative,high,Strong negative (score:-5.2)
13884,masa ya sudah nunggu jam tpi akhirnya pesanan nya dibatalin terus dengan alesan semua pengemudi sibuk kalau emang semua ...,negative,positive,medium,Positive (score:2.0)
13889,sudah kedua kalinya sistem loading terus mau di gunakan atau urgent malah loading terus sudah di uninstall dan install l...,positive,negative,high,Strong negative (score:-9.1)
13895,terimakasih atas kerjasamanya aplikasinya sangat membantu dalam proses jual dan beli online terutama penjemputan dan pen...,positive,negative,high,Strong negative (score:-5.2)
13903,gojek kenapa yaa kenapa gopay saya di blokir padahal tidak ngapa ngapain trs gopay suami saya juga sama diblokir trs sal...,neutral,positive,high,Strong positive (score:5.2)
13920,aplikasi bangke penanganan lambat respon lambat pesanan gofood kurang pesan yang sampai malah saja di komplain ribet tel...,negative,neutral,medium,Neutral (score:1.3)
13921,beli paket data pake paylater di trnasaksinya sudab sukses behasil tapi sampai detik ini paket datanya belum ada masuk s...,negative,positive,medium,Positive (score:3.0)
13923,mohon dibantu karena update gagal terus sementara jaringan internet lancar sampai saya coba reinstall malah tidak bisa d...,neutral,negative,high,Strong negative (score:-5.0)
13927,saya cukup sering menggunakan gojek tapi semakin ke sini akurasi dari map atau lokasi terkadang kurang bagus jadi harus ...,negative,positive,medium,Positive (score:2.0)
13928,selalu dapat gojek atau gocar yang wangi tp suka di batal pengemudi kalau pulang malam,positive,neutral,medium,Neutral (score:0.0)
13932,sangat kecewa dengan go jek akun saya secara tiba dibanned dengan alasan ada aktifitas yang tidak biasa di akun anda ket...,negative,positive,medium,Positive (score:3.9)
13939,masih mahal saja go ride nya masa voucher go ride buat pelajar kyk saya mahal masa cuma sih gopay saya cepet hbs donk bu...,neutral,negative,medium,Negative (score:-2.0)
13947,sekarang ongkir untuk go food sangatlah mahal masa makanan sama ongkir lebih mahalan ongkirnya jarang dapat promosi biay...,negative,positive,high,Strong positive (score:5.2)
13948,semoga sering sering ada promosi yaa gojek lumayan buat anak kos nih alhamdulillah sukses terus,neutral,positive,high,Strong positive (score:5.0)
13953,aplikasi yang sangat bagus sangat membantu kesaharian saya dan anak anak,positive,negative,high,Strong negative (score:-6.5)
13954,manteplah sangat membantu pada saat melakukan sebuah kegiatan di luar rumah tingkatkan terus,positive,negative,medium,Negative (score:-2.6)
13957,kendaraan yang sangat simpel praktis cepa tanggap sesuai prosedur yang berlaku,positive,negative,medium,Negative (score:-2.6)
13965,gojek sebenerny bagus banyak promosi jg tapi tidak enak kalo hujan trs mau pergi pesen gojek itu nyari pengemudi ny lama...,negative,neutral,high,"Mixed sentiment (pos:1, neg:2)"
13967,saya pengguna setia gojek tidak punya aplikasi lain usul bagaimana jika saat bagus up gopay melalui mbanking dibuat agar...,positive,negative,high,Strong negative (score:-7.0)
13968,mantaf sangat membantu,positive,negative,medium,Negative (score:-2.6)
13975,please lah dikasih pengemudi yang dekat saja jangan jauh mana mau drivernya ambill pagi ini pengemudi jauh semua semua c...,negative,neutral,medium,Neutral (score:0.0)
13982,setelah di update kenapa jadi eror ya mau masuk malah langsung keluar lagi kenapa sih gojek sekarang padahal sinyal lanc...,negative,neutral,medium,Neutral (score:1.0)
14012,kurang diskon nya,negative,neutral,medium,Neutral (score:-1.0)
14013,alhamdulillah ada bgtu banyak cerita bersama ojol semoga semakin sukses dan menjadi kebanggaan buat para pengemudi dan j...,positive,negative,medium,Negative (score:-3.0)
14020,sangat membantu buat nyari jastrans darat juga ada layanan jastip makanan obatan belanja kebutuhan yang mendesak saat la...,positive,negative,medium,Negative (score:-2.6)
14025,aplikasi buruk erar eror terus payahh costomermu pindah semua jek kalok begini sekarang pesan lambat lebih baik shopee f...,negative,neutral,medium,Neutral (score:1.0)
14035,sangat membantu semua kegiatan saya dan saya sangat dipermudah mohon server lebih ditingkatkan karena sering sekali bany...,positive,negative,medium,Negative (score:-3.2)
14040,sangat bagus dan sangat membantu tambah sukses selalu buat aplikasi gopay nya,positive,negative,high,Strong negative (score:-10.4)
14047,sangat bagus ada fitur gopay apabila kamu tidak ingin cod bisa buat bayar yang lain juga contoh bagus up viu dll sangat ...,positive,negative,high,Strong negative (score:-11.7)
14048,sangat membantu terimakasih gojek,positive,negative,medium,Negative (score:-2.6)
14057,sangat membantu perjalananku good luck buat gojek karya anak bangsa maju terus,positive,negative,medium,Negative (score:-2.6)
14074,pelit promo harga mahal pengemudi dapetnya selalu jauh diam ditempat dichat tidak dijawab klu pake promosi murah pengemu...,negative,positive,high,Strong positive (score:4.0)
14075,gojek sekarang lemot banget ya loading nya lambat banget bahkan sampai gagal berkali kali padahal wifi dirumah stabil st...,neutral,negative,high,Strong negative (score:-13.0)
14079,kadang pengemudi sombong dan suka ugal ugalan tarif juga makin mahal,neutral,positive,high,Strong positive (score:4.0)
14084,karena saya tertarik dengan aplikasinya yang mudah di mengerti,positive,negative,medium,Negative (score:-2.0)
14085,sangat membantu di saat kepepet dan mager,positive,negative,medium,Negative (score:-2.6)
14091,aplikasi ini sangat ngebantu saya di saat pademi covid proses nya sangat cepat lagi,positive,negative,medium,Negative (score:-2.6)
14092,gojek mohon dong kembalikan sistem batal pesan karena apabila di aplikasi buka tetapi secara real resto tidak buka baik ...,neutral,negative,high,Strong negative (score:-5.0)
14094,saya rasa ada masalah dengan apps gojek saya harap segera cepat di perbaiki saya mengalami hilang jaringan dan hp saya d...,neutral,positive,medium,Positive (score:2.0)
14095,sangat buruk pesan makanan lambat sekali datengnya keburu pingsan nungguin makanan gak sesuai estimasi,negative,neutral,medium,Neutral (score:1.6)
14099,overall bagus lebih simpel hanya saja terkadang susah untuk meng cancel orderan,positive,neutral,high,"Mixed sentiment (pos:1, neg:1)"
14100,saya kasih bintang karena fungsinya sangat membantu namun untuk update an aplikasi terbaru saya cukup susah untuk menghu...,positive,negative,high,Strong negative (score:-5.2)
14117,setiap gofood ekonomis pasti selalu kena batal padahal nunggu sejam an butuh solusi supaya dapat kepastian agar tidak me...,negative,neutral,medium,Neutral (score:0.0)
14124,please ya gojek kenapa ngebedain banget akun biasa sama akun paylater gofood akun paylater diskon kecil banget sedangkan...,positive,negative,medium,Negative (score:-3.2)
14126,mohon kebijakan untuk gopay later biaya keterlambatan sudah jatuh tempo bln pinjaman hanya rb to dendanya mencapai rb to...,positive,negative,medium,Negative (score:-2.6)
14135,tiba tiba kembali kereguler dan tidak bisa melakukan pembayaran apapun waktu dihape yang dulu gg ada masalah setelah gan...,negative,neutral,medium,Neutral (score:0.0)
14143,alamat kadang agak susah dicari utk pemesanan penjemputan tapi sejauh ini lumayan lah pelayanannya walau kadang ada saja...,negative,positive,medium,Positive (score:3.9)
14144,aplikasi ini sangat membantu sekali bagi saya tapi kenapa akhir ini tiba akun saya kena blokir sehingga membuat kesusaha...,positive,negative,medium,Negative (score:-3.2)
14145,sangat membantu apknya,positive,negative,medium,Negative (score:-2.6)
14147,kenapa saya gabung membership di youtube untuk perpanjang kenapa tidak bisa sih kecewa saya cuman nongol sms sama notifi...,negative,positive,medium,Positive (score:3.0)
14149,kurang memuaskan kalau bagus up pake one click dengan device berbeda verifikasi otp nya lama giliran diminta kirim ulang...,neutral,positive,medium,Positive (score:3.0)
14150,update pembaruan bukannya tambah lancar tapi malah tambah berat dan sering crash saat menunggu pesanan,neutral,negative,medium,Negative (score:-2.0)
14155,sekarang ongkir gofood makin mahal voucher juga tidak pernah ada lagi buat yang bayar pake gopay harus upgrade ke yang p...,positive,negative,high,Strong negative (score:-4.0)
14156,sangat membantu keperluan mencari antar dimanapun dan kemanapun terima kasih,positive,negative,medium,Negative (score:-2.6)
14160,pulang kerja pesen goride pas kira meter di depan sudah banyak kang gojek yang stay nunggu orderan pas mau pesen e malah...,neutral,positive,medium,Positive (score:2.0)
14164,cara ngordernya ribet tidak kayak grab tolong diperbaiki agar pelanggan gampang pakai aplikasinya biar semakin bertambah...,neutral,negative,medium,Negative (score:-3.9)
14177,sudah gampang masalahnya negosisasi nya diluar nalar voucher sudah dipakai tetap lebih dari harusnya malah menjadi apa a...,positive,neutral,medium,Neutral (score:1.0)
14182,alhamdulillah aplikasinya sangat amat membantu murah terjangkau pesan makanan alhamdulillah selalu datang tepat waktu di...,positive,negative,high,Strong negative (score:-6.4)
14185,pesan cepat di papan chat nya mengganggu saya sampai di batal pengemudi karena ke pencet pesan cepat yang tidak sesuai t...,neutral,positive,medium,Positive (score:2.0)
14187,sangat membantu akan tetapi klo hujan maps sering erorr agar bisa dioerbaiki,positive,negative,medium,Negative (score:-2.6)
14190,aplikasi ini sangat bagus banyak diskon untuk goride gocar dan yang lainnya tapi kadang pesan gocar sering di batal sama...,positive,negative,high,Strong negative (score:-9.1)
14197,jangan percaya dengan aplikasi ini uang saya tiba hilang tanpa melakukan transaksi dan aplikasi ini gampang di bajak ole...,negative,neutral,medium,Neutral (score:1.0)
14201,kenapa voucher gorideaja sudah tidak bisa dipake ya tulisannya ada yang error sayang banget jadi pindah langganan gojek ...,negative,neutral,high,"Mixed sentiment (pos:1, neg:1)"
14202,masih bingung kadang lokasi yang dekat biaya ongkir mahal sedangkan yang jauh malah murah tapi aplikasinya sangat memban...,positive,negative,high,Strong negative (score:-5.2)
14208,kurang memuaskan terutama untuk layanan n tanggapan yang d beri mengenai perubahan no kontak darurat baru yang d berikan...,neutral,positive,medium,Positive (score:2.0)
14209,sudah nunggu lama tau pesanan d batalkan sepihak tanpa konfirmasi dan alasan yang jelas gada cs yang bs d hubungi gada p...,negative,neutral,high,"Mixed sentiment (pos:1, neg:1)"
14211,noted sudah ditanggap cepat sama pihak gojek terimakasih bintang sudah saya perbaiki setelah upgrade ke jago saldo hilan...,positive,negative,medium,Negative (score:-2.0)
14220,gojek kenapa sekarang ginii banget yaa padahal udaa dr lambat pke apk inii sy mauu pesen mlah gada yang ngmbil pesanan s...,neutral,negative,high,Strong negative (score:-5.2)
14223,aplikasi stranportasi yang sangat betul betul di butuhkan era sekarang dengan pelayanan cukup puas,positive,negative,high,Strong negative (score:-4.8)
14226,untuk gojek mungkin ada saran bisa tambahin fitur chat kepada resto di gofood karena sy pribadi sering berpengalaman saa...,neutral,positive,high,Strong positive (score:4.0)
14242,aplikasi gojek sangat membantu tapi saran saya sih agar di buat donk cek ongkir jadi kalau ada org yang kirim barang kit...,positive,neutral,high,"Mixed sentiment (pos:1, neg:1)"
14243,aplikasi gojek sangat ribet proses daftarnya saya dulu sudah punya akun gojek tapi nomor hp nya sudah hilang sekarang ma...,negative,neutral,high,"Mixed sentiment (pos:1, neg:1)"
14245,dengan adanya aplikasi gojek sangat membantu sekali dalam aktivitas sehari hari yang kadang sering ada keterbatasan sema...,positive,negative,medium,Negative (score:-3.2)
14249,aslinyaa senang pke gojek ini cmaa heran ajaa knpa hrus ada biaya aplikasinya padahal harga yang adaa di gojek itu sudah...,neutral,positive,medium,Positive (score:3.0)
14256,sangat memuaskan terima kasih gojek,positive,negative,medium,Negative (score:-3.9)
14257,sangat membantu dengan fitur fitur yang banyak dan menarik banyak promosi dan harga yang terjangkau,positive,negative,medium,Negative (score:-2.6)
14262,aplikasi ini sih bagus tapi lambat ngerespon nya saya lagi donlowd pekerja semoga bisa ya amin nanti saya beri bintang l...,negative,positive,medium,Positive (score:3.0)
14263,aplikasi ini sangat bermanfaat baik untuk transportasi maupun untuk pesan makanan dan minuman sukss selalu,positive,negative,medium,Negative (score:-3.9)
14264,tidak segampang dulu sih sekarang lumayan lemot aplikasinya dan sering not responding padahal sudah sering di update,negative,neutral,medium,Neutral (score:0.0)
14267,banyak menu pilihan sesuai kebutuhan pengiriman aman dan super cepat drivernya juga ramah mantapp,positive,neutral,medium,Neutral (score:0.0)
14280,kemana mana selalu pake gojek tapi terakhir dapat pengemudi yang bikin hilang mood pertama aku emang salah karena katany...,negative,neutral,high,"Mixed sentiment (pos:2, neg:2)"
14284,proses upgradenya cepat tidak seperti aplikasi lain sangat bagus direkomendasikan banget buat para peserta kartu prakerj...,positive,neutral,medium,Neutral (score:-1.6)
14291,selama nie saya lbh nyaman semenjak ada gojek tpi saya kecawa untuk yng prtma kalinya saya tidak bisa meng batal pemesan...,neutral,positive,high,Strong positive (score:4.0)
14296,untuk lokasi otomatisnya kurang tepat suka nyasar drivernya kadang lokasi yang saya cari tidak ada,positive,neutral,medium,Neutral (score:1.0)
14298,proses pemasangan kupon suka aneh padahal sudah memenuhi syarat sudah centang tapi tidak bisa di pakai vouchernya scam,neutral,negative,medium,Negative (score:-2.0)
14299,setelah update pembaharuan aplikasi gojek kenapa sekarang sinyal lemah dan kenapa point saya tidak bertambah padahal say...,negative,positive,high,Strong positive (score:14.4)
14304,sangat aman dan ramah pengemudi nya,positive,negative,medium,Negative (score:-2.6)
14305,saya tidak sengaja melakukan pembayaran kali lalu saya mengajukan bantuan dan pihak gojek indonesia menanggapi serta men...,positive,negative,high,Strong negative (score:-5.0)
14306,aplikasinya kurang oke karena kita tidak bisa tau sudah sampe mana mobil tidak bergerak masih dijalan itu saja tolong di...,negative,positive,high,Strong positive (score:7.0)
14309,gojek ini sudah bagus tapi untuk set lokasi masih kurang lengkap,negative,positive,medium,Positive (score:2.0)
14310,aplikasi yang sangat membantu transportasi makan kuota semuanya ada disini y top,positive,neutral,medium,Neutral (score:0.0)
14312,sangat sangat susah mencari driver pelayanan mengecewakan seharusnya pihak gojek mengantisipasi hal seperti ini saat idu...,negative,neutral,medium,Neutral (score:1.3)
14315,saya pakai aplikasi ini kurang lbih baru thunan dan ini sangat membantu saya ketika mau bepergian dan tarifnya ramah d k...,positive,neutral,medium,Neutral (score:-1.3)
14321,aplikasi gojek emang super keren saya sangat terbantu sekali apalagi sejak saya menggunakan playlatr,positive,neutral,medium,Neutral (score:1.9)
14326,saya mengapresiasi proses upgrade ke gopay plus yang sangat cepat tapi kebijakan limitasi perangkat sangat membebani pes...,negative,neutral,high,"Mixed sentiment (pos:1, neg:1)"
14329,sering banget tampilan blank pada interface awal sudah menggunakan versi terbaru koneksi baik bahkan dicoba dicompetitor...,negative,positive,medium,Positive (score:3.9)
14333,pengemudi tidak ada yang mau ambil pesanan gofood saya sudah sampai pesan kali saya sudah menunggu lebih dari jam tidak ...,negative,positive,medium,Positive (score:2.0)
14334,bagus banget bejir sikma masimal level pelayanan yang sangat memuaskan,positive,neutral,medium,Neutral (score:0.0)
14342,aplikasi ini sangat membantu saya terutama saat butuh bantuan contoh gojek go food tingkat kan terus servicenya semoga s...,positive,negative,high,Strong negative (score:-6.5)
14343,gocar joss masalah pesanan akun tidak pernah ayem tapi untuk masalah penyeprotan kalau emang mudah kenapa d persulit har...,positive,neutral,high,"Mixed sentiment (pos:1, neg:1)"
14345,bagus up voucher nya gabisa bisa sayang sekali padahal akun lambat sering pake juga,positive,neutral,high,"Mixed sentiment (pos:1, neg:1)"
14353,layanan gofood sekarang sangat menyusahkan customer tidak dapet pengemudi tapi kita disuruh nunggu jam buat bisa batalin...,negative,positive,medium,Positive (score:2.6)
14358,bisa menggantikan kartu debit untuk berlangganan nba tv di indihome dan juga bisa membantu membeli pulsa paket data dan ...,positive,negative,medium,Negative (score:-2.0)
14366,aplikasiny sudah keren tinggal dari management officeny kalau bisa pengemudi tolong di ajarkan untuk ber attitude how to...,positive,negative,high,Strong negative (score:-4.0)
14368,aplikasihnya murah tpi yang gojeknya bikin kesal tidak pakai maps dari lokasi penjemputan,neutral,negative,medium,Negative (score:-3.0)
14377,sangat membantu sekali untuk kebutuhan sehari hari tranpot food dan kirim paket sangat cepat,positive,negative,high,Strong negative (score:-6.4)
14385,lumayan tapi untuk kirim sesama gopay kenapa harus ada katagori segala ya ada umum food dan lain gtu buat saya tidak gun...,positive,neutral,high,"Mixed sentiment (pos:1, neg:1)"
14390,gojek kebanyakan promosi di gofoodnya jadi gaenak kalo mau pesen makanan masa makanan mahal bayarnya murah,positive,negative,medium,Negative (score:-2.0)
14394,nyaman tepat waktu dan sangat ramah dan semoga harganya nyaman di kantong,positive,negative,medium,Negative (score:-2.6)
14399,makin mahal ongkir giliran ongkir dikasih murah biaya pemesanannya di mahalin sama saja,neutral,negative,medium,Negative (score:-2.0)
14401,sudah bagus aplikasi sangat mudah digunakan hanya jgn terlalu sering pembaruan,positive,neutral,high,"Mixed sentiment (pos:1, neg:1)"
14405,lumayan sudah banyak perbaikan cuman poin semakin pelit dulu poin sudah bisa makan gofood sekarang mah pelit,neutral,positive,medium,Positive (score:2.0)
14406,kenapa saya selalu dimintai kode pin dan pas jaringan saya jelek jadinya gopay saya masih ada didalam bagaimana ini dong...,negative,neutral,medium,Neutral (score:0.0)
14412,saat pemesanan gofood sering sekali tiba ada pemberitahuan internet mati padahal untuk hal lain saja oke saja tolong unt...,negative,neutral,medium,Neutral (score:0.0)
14415,kak ini masukan dari saya berdasarkan pengalaman tolong untuk rute map diperbaiki lagi kak di awal itu sudah tepat tapi ...,neutral,positive,high,Strong positive (score:5.0)
14418,bagus lah untuk aplikasi ini pengemudi nya juga ramah ramah tolong di perluas lagi ya untuk segi map nya seperti banjarn...,positive,neutral,medium,Neutral (score:-1.0)
14421,semua layananya bagus kecuali paylater serasa kena trap saya kira langsung kepotong saldo ternyata tidak bukanya satu ap...,negative,neutral,high,"Mixed sentiment (pos:1, neg:1)"
14423,walaupun sempat kecewa smpt ajukan komplain untuk apk dan alhamdulillah responnya cukup baik harap ditingkatkan lagi ya ...,positive,neutral,medium,Neutral (score:0.0)
14428,ini juga lebih mahal daripada maxim,negative,positive,medium,Positive (score:2.0)
14430,kenapa gopay info masuk undah ada tapi uang tidak bertambah sudah dihubungi tidak dibalas kecewa bngt mana uangny lumaya...,negative,positive,high,Strong positive (score:5.0)
14436,untuk penggantian nomor hp susah sekali sudah telp ke cs itu kan sudah bayar pulsa ya bukannya bisa lgsg diganti nomorny...,negative,positive,medium,Positive (score:3.2)
14437,sangat membantu bagi yang belum bisa beli montor,positive,negative,medium,Negative (score:-2.6)
14443,sangat membantu utk perjalanan cepat aman dan terjangkau btw kalo jaraknya masih jauh ojol janganlah diambil kita mau bu...,positive,negative,medium,Negative (score:-3.9)
14444,sebenarnya fiturnya sudah lengkap cuman kadang kalo pesen go ride drivernya pilih pilih pernah dr jam sampai jam mlm tid...,positive,negative,medium,Negative (score:-2.0)
14451,maaf bang bintang aplikasi loading nya luama pisan padahal sebelum update yang terakhir cepet aplikasi yang lain saja la...,positive,negative,medium,Negative (score:-2.0)
14453,aplikasi yang sangat membantu tingkatkan terus layanan konsumen permudah konsumen utk mengisi saldo melalui driver terim...,positive,negative,medium,Negative (score:-2.6)
14455,kami tidak puas untuk melakukan aplikasi gojek dikarenakan masa sih hanya karena dari tongas wetan ke terminal bayuangga...,negative,neutral,high,"Mixed sentiment (pos:1, neg:1)"
14467,tlng dong ada kendala apa nih gofood nya tiba tidak bisa sudah coba unistall logout acc tetep ngk bisa ada tulisan unabl...,neutral,negative,medium,Negative (score:-3.0)
14471,aplikasi apaan kouta banyak sinyal bagus buka yang lain lancar pas bukak ini lel minta ampun mau pesan makanan saja susa...,negative,neutral,medium,Neutral (score:0.0)
14480,apaansih saya setiap pesen gojek pasti nunggu dapet drivenya lambat banget bahkan sampe tidak dapet kenapa ya bisa begit...,positive,negative,medium,Negative (score:-2.6)
14483,dah lambat tidak pake layanan gofood sekarang pas mau pake kenapa fitur mode hemat malah dihilangin,neutral,negative,medium,Negative (score:-2.0)
14485,semakin buruk dipaksa harus prioritas kalau tidak prioritas dibuat lambat sekali melewati batas waktu yang tertera tolon...,negative,neutral,medium,Neutral (score:-1.3)
14487,kemarin kemarin aplikasinya enak mau transfer atau beli pulsa jelas sekarang mau beli pulsa kenapa susah dimana yang har...,neutral,negative,medium,Negative (score:-2.0)
14490,senang sih tapi semakin ke sini semakin terasa mahal karena diskon nya tidak bisa di pakai pakai syarat tertentu,positive,neutral,high,"Mixed sentiment (pos:1, neg:1)"
14493,min tolong dong kalau buat jarak km atau kurang pilihkan rute yang paling dekat seperti gmaps masa dipilih yang tengah m...,negative,positive,high,Strong positive (score:6.4)
14497,semua sudah oke tapi kenapa nyari drivernya sekarang susah banget ya jadi bingung kalo mau kemana tidak dapet driver tol...,negative,neutral,high,"Mixed sentiment (pos:1, neg:1)"
14498,baru tau gopay kalo belum bagus up harganya murah banget pas sudah bagus up sesuai harga eh jadi mahal harganya topup la...,negative,positive,medium,Positive (score:2.6)
14504,saya sangat senang menggunakan aplikasi gojek selain memberikan fitur yang sangat memudahkan saya tetapi gojek memberika...,positive,neutral,high,"Mixed sentiment (pos:1, neg:1)"
14510,sangat membantu saya di pagi siang malam maupun tengah malam suka kebangun mau makan atau antar kemanapun ramah sopan ju...,positive,negative,high,Strong negative (score:-5.2)
14520,sangat bagus untuk belanja makan dan transportasi nya,positive,negative,medium,Negative (score:-3.9)
14521,pelayanan sampai saat ini memuaskan untuk go ride go car nya tapi untuk go food nya tarifnya ketinggian alias kemahalan ...,neutral,positive,medium,Positive (score:3.0)
14528,aplikasinya sangat buruk banget tapi bohong aplikasinya bagus banget mana barang barangnya murah lagi,neutral,positive,high,Strong positive (score:9.6)
14533,setiap mau bayar paylater susah setiap klik bayar selalu ada saja ganggu jangan sampe gara gara pembayarannya susah teru...,negative,neutral,medium,Neutral (score:0.0)
14535,sangat membantu bagi yang mau berangkat mendadak dan saat ini pancarian nya akursat semoga selamanya lebih di tingkatkan...,positive,negative,medium,Negative (score:-2.6)
14536,akun gojek saya terkena banned voucher saat saya tanya dicustomer servicenya cuma dijawab akun saya ada penyalahgunaan v...,positive,negative,high,Strong negative (score:-4.8)
14541,bagus aplikasi nya tpi sayang saat ini untuk titik gps nya kurang akurat mohon di perbaiki server jaringan nya karena su...,positive,neutral,high,"Mixed sentiment (pos:1, neg:2)"
14546,sangat membantu sekali suka banget sama gojek tapi sayangnya kalo ada harga yang naik di go food kenapa tidak du upgrade...,positive,negative,high,Strong negative (score:-7.6)
14560,ya ampun sekarang tarifnya gojek terlalu mahal cuy fitur fiturnya makin oke sih banyak voucher tapi sama saja kalau tari...,neutral,negative,medium,Negative (score:-2.0)
14561,pesen gojek di jakarta kadang dapat promosi terus giliran di daerah cianjur mahal lebih murah ijo sebelah semoga argonya...,neutral,negative,medium,Negative (score:-2.0)
14567,sangat menyenangkan karena drevernya sangat ramah penjemputan cepat dan tidak mengulur gulur waktu terima kasih gojek be...,positive,negative,high,Strong negative (score:-5.2)
14568,transaksi multi fungsi tak terbatasi segalanya jadi mudah jalani hari makin indah,positive,negative,medium,Negative (score:-2.0)
14571,jaringan g dan untuk aplikasi sebelah lancar saja tetapi untuk gojek sering tiba loading lama lalu muncul notif internet...,negative,neutral,high,"Mixed sentiment (pos:1, neg:1)"
14573,sangat suka dengan aplikasinya soalnya mudah untuk membayar beberapa tagihan misalnya listrik,positive,negative,high,Strong negative (score:-5.2)
14574,saya sudah pake voucher ongkir rb tapi kenapa gopay saya dipotong rb untuk ongkir ditambah pengemudi minta dibayar parki...,negative,positive,medium,Positive (score:3.9)
14576,makin hari makin minta update tapi sering tidak bs kebuka error padahal jaringan ada memori hp juga aman bukanya lambat ...,negative,positive,high,Strong positive (score:4.0)
14578,tolong dong masa jaringan lancar lancar saja tapi pas buka gojek mau pesen gofood gabisa dibuka ad tulisan ya jaringan k...,positive,negative,high,Strong negative (score:-6.0)
14584,untuk temen cs semuanya saya nulis ulasan ini bukan untuk di baca gopay tapi untuk temen cs dan drever seteleh saya baca...,positive,neutral,high,"Mixed sentiment (pos:2, neg:2)"
14586,aplikqsi gojek sangat membantu saya baik dlm mengantar pergi maupun mau pesen makan apa saya tapi sayangnyaa belakangan ...,positive,negative,high,Strong negative (score:-6.5)
14593,sangat kecewa gara bagus up gopay tidak masuk jadinya tengah malam saya jalan kaki lumayan jauh padahal niatnya bagus up...,negative,positive,medium,Positive (score:3.9)
14597,selama saya pakai tidak ada masalah terbaik pokoknya,positive,negative,medium,Negative (score:-3.0)
14602,aplikasi ini sangat berguna untuk saya karena semua fitur yang ada di aplikasi gojek ini keren dan bisa transfer beli ga...,positive,neutral,medium,Neutral (score:0.0)
14603,plis adain lagi pengemudi khusus perempuan dong akan sangat membantu cust yang pengen dibonceng sesama perempuan,positive,negative,medium,Negative (score:-2.6)
14607,go jek sangat membantu dalam transportasi cepat hemat dan tepat,positive,neutral,medium,Neutral (score:0.0)
14611,tolong untuk kode verifikasi gopay diperpanjang waktunya karena terlalu cepat menunggu sms sedangkan sms nya tidak kunju...,neutral,positive,high,Strong positive (score:4.0)
14615,saya bagus up plsa selalu gagal di komplain lambat sekali tanggapanx berbagai cara sudah saya lakukan mulai dari log out...,negative,positive,medium,Positive (score:3.9)
14616,kenapa saya mau pesan nga bisa bug buruk,negative,positive,medium,Positive (score:3.0)
14635,gajelas bgt bikin laporan tidak ditanggapi kecewa,negative,positive,medium,Positive (score:3.0)
14636,aku selama pakek apk gojek aman saja tapi kendalanya cuma lemot padahal paketan penuh dan wifi juga lancar tapi selalu k...,positive,negative,high,Strong negative (score:-5.2)
14642,woi jek mau makan saja ribet amet skrng mau custom seperti apa mau custom seperti apa lu fikir makan mau custom pakai ak...,positive,negative,medium,Negative (score:-2.6)
14643,kalo pake wifi tidak bisa gojeknya suka error,neutral,negative,high,Strong negative (score:-4.0)
14647,sudah lambat aku tidak pake gojek ini aku aktifin lg pengalamanku pake gojek ok sih cm klo lagi laper suka lambat dtgnya,neutral,negative,high,Strong negative (score:-4.0)
14656,aplikasi nya si baguss tapi pas buat gofood apalagi gerimis cuman gerimis lo ya bukan hujan deras angin topan nunggu pen...,negative,neutral,medium,Neutral (score:-1.0)
14659,lag banget mhon di prbaiki,neutral,negative,medium,Negative (score:-2.6)
14666,sangat membantu banget sih mau kemana mana tidak ribet juga klo lagi sendirian di rumah mau makan tinggal go food dan ad...,positive,negative,high,Strong negative (score:-4.4)
14667,sepertinya gopay kurang aman yach soal ketika buka app nya tidak pakai pasword kalo hp hilang saldo yang ada di gopay bi...,negative,neutral,medium,Neutral (score:-1.0)
14669,agak susah dan saat jam di perlukan tidak ada yang konect cepat di wilayah bandung apalagi klw musim hujan dan malam tha...,neutral,positive,high,Strong positive (score:5.0)
14676,banyak pengemudi yang mengeluh karena tarifnya murah mungkin karena penghasilan mereka serba pas saya sebagai customer m...,positive,neutral,medium,Neutral (score:0.0)
14680,kenapa topup voucher game misal aov ff ml dll di hilangkan itu kan sangat membantu,positive,negative,medium,Negative (score:-2.6)
14682,baik hanya saja kadang kalau mitra super tidak bisa pilih yang lain atau pasangan menu yang lain kura tidak suka yang su...,negative,neutral,high,"Mixed sentiment (pos:1, neg:1)"
14685,saya kasih bintang karena sedikit aneh dengan aplikasi ini teman saya masih suka dapat promosi tapi saya tidak pernah la...,negative,positive,medium,Positive (score:2.0)
14697,sering tiba aplikasi terhenti dan tidak bisa log in padahal lagi butuhin banget waktu itu jadi kurang nyaman saja jadiny...,negative,neutral,medium,Neutral (score:1.3)
14699,sever benerin dulu setiap mau pesen go food selalu muter gajelas padahal sinyal sudah bagus terimakasih,negative,positive,medium,Positive (score:3.0)
14701,banyak biaya banyak tambahan biaya sedangkan saya tanya ke pengemudi drivermah dapetnya sedikit kirain saya potongannya ...,negative,positive,high,Strong positive (score:4.8)
14704,tolong perbaiki di bagian reward nya suka eror nyepin belum dapet apa sudah di suruh balik lagi besok,neutral,positive,medium,Positive (score:2.0)
14712,pelayanan baik pengemudi dan team sangat membantu,positive,neutral,medium,Neutral (score:1.3)
14717,alhdulillaah aplikasi untuk upgrade nya sangat cepat tanggap langsung sukses mantaap,positive,negative,high,Strong negative (score:-6.5)
14723,barusan saya pesan dari restoran garuda ke stasiun palmerah sebelum dapat pengemudi sudah saya cancel karena sangat lamb...,negative,positive,medium,Positive (score:2.6)
14731,kenapa gojek makin langganan makin mahal yaa saya jadi kecewa sama gojek sekarang karena naik tarifnya tidak main,negative,neutral,medium,Neutral (score:-1.0)
14733,tolong untuk pengemudi mobilnya agar lebih ramah,positive,negative,medium,Negative (score:-2.0)
14741,lodingny parah masa jarak km pengiriman kenapa ment hadeh pdhk dr foodny cuma mnt kenapa tidak bs baca juga segera chat ...,neutral,positive,medium,Positive (score:3.0)
14745,ini apaan dah lokasi sulit ditentukan padahal gps nyala sinyal oke gitu gitu terus sudah ku restart masih sama padahal i...,negative,positive,high,Strong positive (score:5.0)
14748,penjemputan nya cepat dan pengemudi nya ramah gojek semoga sukses selalu,positive,neutral,medium,Neutral (score:1.0)
14757,halo admin gojek saya suka banget sama aplikasi gojek tapi tidak suka sama gosend banyak customer saya yang pesan gosend...,positive,neutral,high,"Mixed sentiment (pos:1, neg:1)"
14762,harga gosend ada biaya jasa aplikasi awal tidak ada kalo untuk kirim si mending kalo saya hari bisa x order kan lumayan ...,neutral,positive,medium,Positive (score:2.0)
14769,dear gojek kenapa pk promosi hemat tapi dapat pengemudi jauh sekali kasihan pengemudi ny customer jg menunggu lambat,neutral,negative,medium,Negative (score:-2.6)
14775,setiap saya ingin update gojek versi terbaru selalu tidak dapat terpasang ke perangkat saya coba untuk un instal malah s...,negative,neutral,high,"Mixed sentiment (pos:1, neg:1)"
14777,cari pengemudi buat nganterin makanan saja lambat banget tidak pecus,negative,positive,medium,Positive (score:2.6)
14789,lebih gampang klo mau pesen makanan dan jalan jalan trs juga maps nya pas di titik sering sering dpt voucher ya hehe,positive,neutral,medium,Neutral (score:1.0)
14791,sudah update malah tidak bisa pake voucher map pun error,neutral,negative,medium,Negative (score:-2.0)
14800,luar biasa dan sangat membantu serta mempermudah dlm beraktifitas,positive,negative,medium,Negative (score:-2.6)
14804,tolong kenapa ya aplikasinya lemot banget padahal jaringan bagus buka aplikasi lain lancar bahkan buka tiktok pun lancar...,neutral,negative,medium,Negative (score:-3.9)
14805,hi gojekk saya ingin mengajukan masalah saya kenapa saya ingin memesan gorider tpi mamps nya tidak bisah padahala gps sa...,positive,negative,medium,Negative (score:-3.0)
14807,sudah kali saya mengalami masalah dengan gopay setelah bagus up gopay masih belum bertambah kemudian setiap selesai mela...,positive,negative,medium,Negative (score:-3.0)
14814,sangat mengecewakan goggle map tidak update pasti di pilih jalan yang muter tidak jelas biar tarif nya lebih tinggi ada ...,negative,positive,medium,Positive (score:3.9)
14816,maaf turun bintang awalnya promosi sering dapat tapi akhir ini tidak pernah ada promosi sama sekali sudah lapor ke lapor...,negative,positive,medium,Positive (score:3.9)
14817,mapsnya tidak tepat suka buruk tolong perbaiki dan lebih detail lagi tentang mapsnya,negative,neutral,medium,Neutral (score:1.0)
14821,aplikasinya bagus banget sering dpt promosi dan diskon juga ya ampun makasih ya,positive,neutral,medium,Neutral (score:1.3)
14822,jujur aneh banget padahal sinyal stabil nyoba buka sosmed saja lancar banget tapi giliran dipake buat payment gopay mala...,negative,positive,medium,Positive (score:2.6)
14823,sangat baik bisa membatu,positive,negative,medium,Negative (score:-3.9)
14826,apk nya bagus sekali bapak gojeknya ramah juga saya sangat puas buat pelayanannya secara keseluruhan hanya saya agak mem...,positive,neutral,high,"Mixed sentiment (pos:3, neg:3)"
14827,kenapa pesen gofood tidak sesuai sama harganya ya belum lagi ongkirnya lebi murah beli sendiri ketimbang psen lewat go f...,neutral,negative,medium,Negative (score:-2.0)
14828,untuk ongkir go food yang hemat jangan dihilangin lah pakai yang regular sama hemat sama saja malah kadang lebih lambat ...,positive,negative,medium,Negative (score:-2.0)
14837,apa apaan layanan gocar mahal banget hampir lipat dari si hijau sebelah voucher diskonnya juga tidak pelit,neutral,negative,medium,Negative (score:-2.6)
14852,pihak gojek saya sudah daftarkan data sya smpe sekarang belum ad notif sukses pengajuan pinjaman dana tunai nya tolong d...,neutral,negative,medium,Negative (score:-3.0)
14857,memudahkan segala hal perjalanan dan juga gofood nya juga sangat membantu,positive,negative,medium,Negative (score:-2.6)
14865,mantap sangat terbantu saat mager cuma harus penyesuaian dulu klo makanan yang di tuju tidak ada dalam go food tapi apli...,positive,neutral,high,"Mixed sentiment (pos:1, neg:1)"
14875,lagi update versi yang kebanyakan animasi bikin nge lag,neutral,negative,medium,Negative (score:-2.0)
14879,lumayan sih app nya hanya saja sebentar saja pembaharuan terus padahal baru dibaharui juga,neutral,positive,medium,Positive (score:2.0)
14889,lumayan membantu sih cuma kenapa mahal ya tidak ada promosi gitu sekarang malah tidak bisa aku buka pun katanya aplikasi...,neutral,positive,medium,Positive (score:2.0)
14898,sistem gojek sekarang aneh terlalu memaksakan memilih akun driver sehingga customer sering mendapat pengemudi yang jauh ...,neutral,positive,medium,Positive (score:2.0)
14905,gojek sangat membantu sih tapi kenapa sih kadang penilaian untuk pengemudi ataupun restoran nya tidak keluargak nongol j...,positive,negative,high,Strong negative (score:-6.5)
14913,gojek paling top aplikasi yang paling gampang banyak promonya dan mudahan saya juga ada paylater yang sangat membantu un...,positive,neutral,medium,Neutral (score:1.6)
14915,gocar tarif hemat lambat nunggu nya,positive,negative,medium,Negative (score:-2.0)
14916,saya punya masalah dengan promo jadi entah dari kapan saya sudah tidak menerima promosi sama sekali waktu awal saya komp...,positive,negative,medium,Negative (score:-3.9)
14924,secara umum layananya bagus hanya saja beberapa kali kecewa karena ketika jarak pendek ditolak pengemudi bisa sampai kal...,negative,neutral,high,"Mixed sentiment (pos:1, neg:1)"
14937,sangat ngebantu banyak promosi dan lebih murah dari aplikasi sebalah dan sangatcinta produk anak bangsa indonesia terus ...,positive,negative,medium,Negative (score:-2.6)
14941,tidak ada pengembalian dana sama skali dari pihak gojek saya sangat kecewa karena saya sudah cek di akun saya riwayat pe...,negative,positive,medium,Positive (score:3.9)
14944,pengemudi nya lambat semua mentang mentang tarif nya murah,neutral,negative,medium,Negative (score:-2.0)
14946,aplikasi nya bagus kenapa tapi bisa minta tolong tidak akun gopay aku baru saja diambil ama ank bangst tidak tau tu siap...,neutral,positive,medium,Positive (score:3.0)
14947,saya sudah lambat berlangganan gojek kenapa bulan ini harga go ridego car sangat mahal klo gni trus biaya nya jadi sama ...,negative,neutral,medium,Neutral (score:0.0)
14955,bug vermuk tolong di prioritaskan vermuk sudah sukses tapi malah minta vermuk ulang ngatasi nya cuma keluar paksa aplika...,negative,positive,medium,Positive (score:3.0)
14957,dengan adanya sistem aplikasi go jek sangat membantu saya untuk tetap tenang berada ditempat belum pernah saya kunjungi ...,positive,negative,medium,Negative (score:-2.6)
14962,tengkyu jek atas respon cepatnya semoga kedepanya baik saja ya jek ttp bersaing dengan sehat dan ikuti aturan pemerintah,positive,negative,medium,Negative (score:-3.0)
14963,melayani kami dengan baik,positive,negative,medium,Negative (score:-3.0)
14964,alikasi gopay sangat membantu sekali terutama untuk kami para anggota program prakerja yang belum memiliki rekening bni ...,positive,negative,medium,Negative (score:-3.2)
14965,kemarin saya beli saldo gopay tapi belum masuk masuk tadi saya coba lagi dan ternyata sudah masuk kata si pemilik konter...,neutral,negative,medium,Negative (score:-3.0)
14972,aku kasi bintang dulu saran agar dikasi kolom penilaian untuk warung di gofood karena sering tidak tau warungnya ternyat...,neutral,negative,medium,Negative (score:-3.0)
14984,sangat membantu di saat lapar,positive,negative,medium,Negative (score:-2.6)
14990,sangat membantu upgrade cepat dan proses lancar dan mudah,positive,neutral,medium,Neutral (score:0.0)
14999,sangat bagus semua go pay yang saya beli langsung masuk untuk update ke go pay plus juga sangat mudah,positive,negative,high,Strong negative (score:-6.5)
15002,sangat puas dan sangat ngebantu banget ya buat orang yang suka bilang profil sama aslinya beda no bknya beda dengan asli...,positive,neutral,medium,Neutral (score:-1.9)
15003,sangat membantu praktis mudah digunakan dan dukung produk dalam negeri dari segi digital maupun non digital,positive,negative,high,Strong negative (score:-7.8)
15005,hey gojek sebenernya q suka lho pake gojek cuma hr ini kecewa berat posisi hujan butuh gojek untk jmpt anak sekolah tida...,negative,neutral,high,"Mixed sentiment (pos:1, neg:1)"
15020,aplikasi yang sngat bagus mudah dipahami dan mudah bertransaksi,positive,negative,medium,Negative (score:-3.0)
15021,go jek sangat membantu kalo lagi laper untuk transportasi lebih ke go car lebih seringnya itu go food apalagi setiap wee...,positive,negative,high,Strong negative (score:-5.2)
15030,tolong perbaiki masalah pengisian gopay di alfamart dan di ojolnya saia tidak bisa ngisi disitu dan paylater saya belum ...,positive,negative,medium,Negative (score:-2.0)
15031,sering lag kadang cuma loading saja di menu,neutral,negative,medium,Negative (score:-2.0)
15033,harga makin mahal jadi lebih boros pengeluaran point nya pelit jadi sedikit tidak seperti dulu,negative,positive,medium,Positive (score:2.0)
15038,sangat menguntungkan bagi masyarakat dan dapat mengurangi macet dimana saya biasanya naik kendraan sendiri kalau sekaran...,positive,neutral,medium,Neutral (score:0.0)
15042,dengan aplikasi go jek pembayaran tagihan saya enak bonus nya juga banyak makasih go jek sukses selalu,positive,neutral,medium,Neutral (score:1.0)
15043,mahal ongkir di apk ini kalo beli under k gojek plus juga tidak guna menyesal saya langganan dari pada langganan gojek p...,negative,neutral,medium,Neutral (score:1.0)
15057,mau upgrade gopay plus susahnya minta ampun udh dfto ratusan kali gagal mulu foto burem lah pncahayaannya lah klo mau ya...,negative,neutral,medium,Neutral (score:0.0)
15067,tolong agar lebih baik,positive,negative,medium,Negative (score:-3.0)
15074,aplikasi nya sangat membantu para pengusaha kecil tingkatkan terus dan banyakin promo promo nya gan,positive,negative,medium,Negative (score:-2.6)
15077,sangat membantu sekali ada gojek di pematangsiantar tidak perlu lagi jalan jauh tuk nunggu angkutan umum angkot yang kad...,positive,negative,high,Strong negative (score:-6.4)
15081,seperti keluhan yang lain saat pesan gocar harga yang tercantum telah dipotong voucher diskon jadi rp tapi saat dipencet...,positive,negative,medium,Negative (score:-3.0)
15088,coba duluu download ny lambat banget padahal jaringan bagus,neutral,negative,high,Strong negative (score:-6.5)
15098,aplikasi gopay pinjam gajelas saya sudah lunasin dari jauh hari sudah lgsg ngebom dari bulan sebelum waktunya giliran sa...,negative,positive,medium,Positive (score:3.9)
15099,ini tlong dong mas mb yang nanganin mslh komplain cepat tanggap masa ya saya sudah upgrade di suruh upgrade lagi kan tid...,positive,negative,medium,Negative (score:-2.0)
15100,semoga makin top tapi jangan ownernya saja yang kaya mitranya juga di perhatikan,positive,negative,medium,Negative (score:-2.0)
15111,biaya ongkir gofood digojek kenapa tambah mahal yaa padahal tidak sampe km dah ditambah vochernya diskon sekarang lebih ...,neutral,negative,medium,Negative (score:-2.0)
15117,saya termasuk salah satu orang yang paling sering menggunakan aplikasi gojek khususnya go food cuma pesanan hari ini goj...,negative,neutral,high,"Mixed sentiment (pos:1, neg:1)"
15120,saya memiliki pengalaman kurang menyenangkan pada kemarin siang saya bertanya ke pengemudi apakah bisa untuk mampir sebe...,negative,positive,high,Strong positive (score:6.5)
15125,sangat membantu mostly ojolnya ramah tapi heran biasany saya gosend cuma lah kenapa sekarang jadi ke alamat biasa,positive,neutral,high,"Mixed sentiment (pos:1, neg:1)"
15128,sangat membantu saat emergency,positive,negative,medium,Negative (score:-2.6)
15137,penangganan keluahan pelangan tidak ditanggapi serius minta konfirmasi penjelasan kenapa sejak pesan terakhir tanggal ju...,positive,negative,medium,Negative (score:-3.0)
15139,saya sangat kecewa dengan go jek saya memesan gomart saya sudah bayar sesuai saat saya cek belanjaan ada yang kurang say...,negative,positive,high,Strong positive (score:8.0)
15141,sangat bagus apliksinya tapi jangan pelanggan baru saja yang dikasih vouchernya yang lambat juga kasih dong hehe,positive,negative,high,Strong negative (score:-6.5)
15146,go jek sangat membantu tapi sekarang bener tidak bisa dipake tidak ngerti sih biasanya lancar saja ini tidak bisa sama s...,positive,neutral,high,"Mixed sentiment (pos:1, neg:1)"
15156,sangat mudah dan cepat dalam merespon permintaan maupun dalam bertransaksi,positive,negative,high,Strong negative (score:-5.2)
15157,nyaman dengan gojeg tapi kendalanya google map sering tidak sesuai lokasi jadi kami harus nunggu lama tolong google map ...,positive,neutral,high,"Mixed sentiment (pos:1, neg:1)"
15159,mapsnya sering lambat banget loadingnya sedangkan buat buka gmaps lancar jaya buka gojek dr gmaps juga sama aja lancar d...,neutral,negative,medium,Negative (score:-2.6)
15173,discountnya pelit di banding emoney sebelah harga di up dulu sebelum didiscount terbukti dengan harga saat datang ke tok...,neutral,positive,medium,Positive (score:2.6)
15175,voucher diskon nya makin lambat makin habis padahal sudah cocok sama app ini apa ini arti nya harus ganti pakai app lain,positive,negative,medium,Negative (score:-2.0)
15183,semoga semakin baik dan ada diskon,positive,negative,medium,Negative (score:-3.0)
15185,good sih sangat membantu tapi makanan yang saya pesan karena saking percaya ama pengemudi tidak pernah saya cek karena s...,positive,negative,medium,Negative (score:-3.9)
15194,mau nyampein ke developer tolong nyedot paket datanya jgn terlalu berat loadingnya agak lambat padahal sinyal lumayan ba...,neutral,positive,high,Strong positive (score:6.0)
15195,saya ingat nomor hp login tapi nomornya sudah tidak aktif dan email juga tidak aktif atau rusak bisakah saya login dan g...,negative,neutral,high,"Mixed sentiment (pos:1, neg:1)"
15196,lumayan ada perbaikan layanan dr sebelumnya,neutral,positive,medium,Positive (score:2.0)
15202,saranku mendingan promosi gojek hemat di hilangkan aja tidak guna ada promosi itu asal di pakai promosi hemat dpt gocar ...,positive,negative,high,Strong negative (score:-6.0)
15204,semua fitur nya oke cuman kurang nya voucher buat goride karena biayanya cukup kenceng dan semoga kedepannya ada harga u...,positive,neutral,high,"Mixed sentiment (pos:1, neg:1)"
15205,buat gojek tolong untuk aplikasi gofood batal sistemnya jangan terlalu lama kasihan ke pengemudi ke dst yang mau ambil p...,negative,neutral,high,"Mixed sentiment (pos:1, neg:1)"
15208,harganya terlalu mahal aplikasi ini dulu enak murah lambat lambat jadi bosen pakek aplikasi ini tolong dong di perbaiki ...,negative,neutral,medium,Neutral (score:0.0)
15211,aplikasi yang sangat membantu untuk jasa transportasi pesen makanan terus tingkatkan lagi pelayanannya sukses gojek,positive,neutral,medium,Neutral (score:1.3)
15213,aplikasi nya bagus cuma tiap mlm saya perlu gojek pasti tidak ada pengemudi yang mau jngan jadi pengemudi gojek klo kban...,neutral,positive,medium,Positive (score:2.0)
15223,aplikasi buatan anak bangsa yang sangat bagus berperan penting untuk mempercepat transformasi digital di indonesia layan...,positive,neutral,high,"Mixed sentiment (pos:1, neg:1)"
15229,aplikasi yang sangat membantu untuk semua yang ditawarkan di aplikasi ini sukses terus n makin ditingkatkan terus ya,positive,neutral,medium,Neutral (score:1.3)
15237,drivernya banyak yang males alasannya karena terlalu jauh macet sudah dibilang gapapa ditunggu juga pengennya kita yang ...,negative,neutral,high,"Mixed sentiment (pos:1, neg:1)"
15241,sangat membantu dikala macet atau pun saat laper tapi malas keluar,positive,neutral,high,"Mixed sentiment (pos:1, neg:1)"
15246,selamat sore hari ini mnrt saya aplikasi ini sudah sangat membantu pertahankan saja dl untuk pelayanan yang terbaik,positive,neutral,medium,Neutral (score:1.6)
15250,di update terus bukannya bagus tapi koq malah buruk ya ada voucher gofood tapi pas mau pesen harganya tidak berkurang te...,neutral,negative,high,Strong negative (score:-9.0)
15258,sedikit kecewa karena saat ini tidak bisa pakai voucher sekaligus padahal sudah langganan pakai gojek,neutral,negative,medium,Negative (score:-3.9)
15263,aplikasi transportasi yang kurang bagus promosi jarang harga argo mahal dll buruk pokoknya,negative,neutral,medium,Neutral (score:1.0)
15280,alhamdulillah ada nya aplikasi gojeg sangat membantu sekali terutama buat saya yang kerja kantoran dimn lagi jalanan lag...,positive,negative,high,Strong negative (score:-6.4)
15282,penanganan batalkan pesanan lama tidak bisa chat resto paling buruk,negative,neutral,medium,Neutral (score:-1.3)
15283,tidak sama sekali memudahkan dengan adanya gopay untuk verifikasi saja susahnya tujuh turunan sampe sebulan dan berkali ...,positive,negative,medium,Negative (score:-2.6)
15296,tolong dong yang paham caranya memulihkan akun gopay yang sudah lambat tidak aktif karena nomernya sudah mati tetapi mas...,neutral,negative,medium,Negative (score:-2.0)
15309,sedikit masukan jika susahsulit dapat driver setidak nya pembatalan pesenan jangan terlalu lama karena customer menunggu...,negative,positive,medium,Positive (score:2.0)
15312,untuk pemesanan grabfood nya tidak bagus belum selesai pesan sudah langsung k pesan terus tidak bisa batal customer serv...,negative,neutral,medium,Neutral (score:0.0)
15313,untuk pengantaran sangat bagus dan sangat membantu saya drivernya ramah,positive,negative,medium,Negative (score:-3.9)
15321,dengan ada gojek sangat membantu,positive,negative,medium,Negative (score:-2.6)
15330,sangat membantu aplikasi go jek tapi sayang ada kekurangan di gofood nya yaitu tidak ada disertakan bahwa makanan itu ha...,positive,negative,medium,Negative (score:-2.6)
15335,selalu tepat waktu pengantaran cepat drivernya bertanggung jawab tidak seperti aplikasi di sebelah terimakasih,positive,negative,medium,Negative (score:-2.0)
15342,sangat membantu untuk prakerja semoga proses upgrade nya cepet,positive,negative,medium,Negative (score:-2.6)
15346,kurang promosi gofoodnyaa,positive,neutral,medium,Neutral (score:-1.0)
15353,sejauh ini tahunan saya pengguna terutama unt kontrol ke rs sedikit kecewa tarip sudah di sesuaikan masih juga pengemudi...,neutral,negative,high,Strong negative (score:-5.0)
15359,direkomendasikan untuk yang suka pergi pergian tanpa harus pake kendaraan pribadi karena takut macet oh ya selain itu dr...,positive,neutral,medium,Neutral (score:0.0)
15367,sangat suka dengan aplikasi ini banyak pilihan yang menarik dan bisa transfer uang dan pulsa dengan mudah terimakasih go...,positive,negative,high,Strong negative (score:-5.2)
15371,sangat sangat membantu usaha kecil saya dengan driver yang ramah pengiriman terselesaikan dengan baik makasih,positive,negative,high,Strong negative (score:-11.7)
15372,aplikasi nya oke banget jujur baru saja pake gojek beberapa bulan menurut ku mudah dalam pesan makanan ataupun perjalana...,positive,neutral,medium,Neutral (score:1.3)
15377,biasa nya gojek nga ada mslh pemesanan tidak jadi karena jaringan telkomsel eror saldo saya sudah x hilang dibuka lagi r...,negative,positive,medium,Positive (score:2.0)
15380,makin kesini makin naik makin mahal harga tidak bersahabat jarang ada promo vocher go ride padahal butuh klo kmna mana,neutral,negative,medium,Negative (score:-2.0)
15388,sangat bagus sekali berkat paylater dapat beli dan belanja gojek menjadi lebih hemat kantong dan irit waktu mudahan saja...,positive,negative,high,Strong negative (score:-4.8)
15394,aplikasi tidak guna masa sudah pesen obat malah jadi double pesan akhirnya gua bayar double dari harga obat gua minta ga...,negative,positive,medium,Positive (score:2.0)
15399,semakin buruk cashback penipuan,neutral,negative,medium,Negative (score:-3.0)
15409,terimakasih utk layanan gojeg ini sangat membantu sy tapi kenapa sekarang saya mau update tidak bisa shg app saya versi ...,positive,negative,medium,Negative (score:-2.6)
15410,sebelumnya oke setelah update malah tidak bisa lihat pesanan saya pesannya x pesan dan sudah di antar tapi tetap saja ad...,positive,negative,medium,Negative (score:-2.0)
15418,gopay tidak jelas orang habis bagus up malah di blokir dan di dalam akun saya ada saldo senilai rb dan itu ngk kecil bag...,negative,positive,medium,Positive (score:3.0)
15419,sangat kecewa bnyak yang tlp mnta kode sms tlong cari it yang baik lagi biar bsa prbaiki sangat mengganggu d tlp trus jg...,negative,positive,high,Strong positive (score:7.8)
15423,yang bener saja masa biaya ongkir sampe ribu rugi banget sama beli makanan cuma ribu,neutral,negative,medium,Negative (score:-2.6)
15425,aplikasinya sudah ok semoga lebih baik lagi kedepannya dan banyakin promo harga hemat dan terjangkau,positive,neutral,medium,Neutral (score:-1.0)
15428,terkadang pengemudi gojek ngeselin disaat pesan makanan sudah mau sampe sudah nunggu lambat dan map tidak jalan ternyata...,positive,neutral,medium,Neutral (score:1.0)
15432,sekarang susah buat dapet voucher promosi gofoodnya jadi males beli pake apk gojeknya,neutral,negative,medium,Negative (score:-2.0)
15433,kali ada masalah pesan food menu kurang lah pesanan kurang lah lapor cs juga tidak ada respon cuma dapet balasan laporan...,negative,neutral,high,"Mixed sentiment (pos:1, neg:2)"
15440,tadi saya pesen gofood kenapa aneh ya saya pesan abis itu dapat driver sambil menunggu saya keluar dari aplikasi tiba ti...,negative,positive,medium,Positive (score:2.0)
15442,kadang pesan tiba tiba dcancel secara sepihak alasan tidak ada pengemudi lah ban bocor becek tidak ada ojek sudah mesan ...,negative,positive,medium,Positive (score:2.0)
15444,skrang setiap saya pesan go ride cukup lambat mendapatkan driver bisa tidak dpt padahal saya butuh waktu cepat untuk sam...,positive,negative,medium,Negative (score:-3.9)
15445,aplikasi sangat baik memudahkan perjalanan dan memudahkan pembelian tuk konsumen nya,positive,negative,medium,Negative (score:-3.9)
15447,terima kasih gojek atas segala kemudahan keamanan dan kenyamanan yang saya dapat selama ini meski ada beberapa pengemudi...,positive,neutral,high,"Mixed sentiment (pos:1, neg:1)"
15455,haii gojek sudah bagus kenapa pelayanan nya cuma kenapa ya saat melakukan transaksi pembayaran lewat code qr scan gabisa...,positive,negative,medium,Negative (score:-3.0)
15456,beli voucher goplay minggu eh seminggu sudah tidak berlaku kan kecewa,neutral,positive,medium,Positive (score:3.0)
15459,mantap sangat membantu sekali,positive,neutral,medium,Neutral (score:1.6)
15460,kenapa gopay saya tidak bisa muncul saya tadi sudah bagus op k d alfamidi di aplikasi gopay nya saldo saya tidak bertemb...,neutral,positive,medium,Positive (score:3.0)
15464,kenapa ya pada saat saya mengatur metode pembayaran saya di playstore menggunakan gojek gagal keterangannya gagal karena...,negative,neutral,medium,Neutral (score:0.0)
15465,banyak pengemudi yang mengeluhkan tarif mobil perjalanan karena di potong dari tarif yang tertera di aplikasi untuk gofo...,neutral,positive,medium,Positive (score:2.0)
15473,kadang promosi bersifat ambigu pernah dapet pemberitahuan voucher go pulsa cash back eh pas dipake zonk payah perbaiki l...,neutral,negative,high,Strong negative (score:-6.0)
15476,aplikasi yang sangat membantu sekali untuk kehidupan kita dan juga saya sering sekali dapat bonus gofood terima kasih go...,positive,negative,medium,Negative (score:-3.2)
15477,harga terjangkau cepat mendapatkan driver pembayaran juga bagus bisa tunai dan non tunai layanan bagus,positive,negative,medium,Negative (score:-2.0)
15483,aplikasi yang sangat membantu untuk perjalanan saya drivernya sangat sopan semua mantap,positive,negative,high,Strong negative (score:-6.5)
15487,aku suka banget aplikasi ini karena aku selalu dpt diskon tidak nanggung mantap sgt terbantu,positive,neutral,medium,Neutral (score:-1.3)
15497,mantap tanpa ribet bawa keranjang ke pasar tenteng capek beli ini beli itu cuman satu menu doang ngapain ribet ambil hp ...,negative,positive,high,Strong positive (score:7.8)
15502,terimakasih atas layanannya semoga makin baik dan bermanfaat semangat dan sukses selalu,positive,negative,high,Strong negative (score:-6.0)
15503,tambahin metode pembayaran dana dong secepatnya yaa karena saya butuh itu lebihh gampang tolong yaa min secepatnya saya ...,positive,neutral,medium,Neutral (score:1.0)
15505,saya menggunakan aplikasi gojek ini cukup senang karena drivernya jemputnya tidak telat meskipun kadang telat sedikit sa...,negative,neutral,high,"Mixed sentiment (pos:1, neg:1)"
15511,pelit voucher pulsa walaupun ada cashback pengguna barusetia bayar pakai gopay di my telkomsel tapi cashback tidak masuk...,positive,negative,medium,Negative (score:-3.8)
15513,sangat membantu sekali saat kita beoergian jadi tidak repot cari alamat drivernya pasti hafal semua keren dan membantu p...,positive,neutral,medium,Neutral (score:1.9)
15515,sangat memuaskan apalagi banyak banget promosi yang bisa kita dapatkan,positive,negative,high,Strong negative (score:-4.8)
15517,rubah ini itu segala gabisa sudah via email kirim data segala tetep saja gabisa tidak efektif banget aplikasinya sudah t...,negative,positive,medium,Positive (score:3.9)
15518,kadang agak kecewa sama gofood nya yang tidak se cepet dlu bbrp kali coba resto yang beda tetap tidak ada drivernya bahk...,negative,neutral,medium,Neutral (score:0.0)
15524,suka banget pake gojek banyak promosi nya haha tpi kadang kesal pengemudi nya tidak suka baca maps saya rasa maps tuh cu...,positive,neutral,medium,Neutral (score:-1.3)
15538,gojek makin kesini mahal banget gada voucher nya,neutral,negative,medium,Negative (score:-2.6)
15539,kenapa sih aplikasi gojek ini makin kesini malah makin ngeselin ajah tiap kali buka aplikasi nya selalu menu nya tidak d...,neutral,positive,medium,Positive (score:2.0)
15544,aplilasi ngaco orang cari napkah mlh notipikasinya duhilangin saya dah dapet drv echh mlh kelewat jauh dengan alasan pem...,negative,neutral,medium,Neutral (score:-1.0)
15549,update mau kasih untuk gofood tidak bisa kalau kasih ke enakan karena banyak menunya kan jadi tidak valid menurut saya p...,negative,positive,medium,Positive (score:2.6)
15551,aplikasi gofoodnya tidak ada sistem komplain yang memuaskan pesanan yang dikirim hanya nasinya saja lauknya tidak dikiri...,negative,positive,medium,Positive (score:3.0)
15556,fitur yang sangat bagus dapat membuat saya terbantu kalalu tidak ada transportasi dan tidak punya makanan atau malas kel...,positive,negative,medium,Negative (score:-3.9)
15559,tiba tiba akun gojek di blokir padahal kemaren masih berfungsi dengan baik dan tidak dipakai untuk aneh aneh sekarang wa...,negative,neutral,medium,Neutral (score:1.0)
15565,parahh nihh dari kemarin pagi sampai hari ini upgrade belum selesai buruk banget apk ini nambah rusak mending pake dana ...,negative,positive,high,Strong positive (score:6.4)
15567,alamat hasil ketikan tidak sesuai dng titik jemputantar tidak bs edit alamat jika sudah ada alamat sekitar titik jemputa...,neutral,negative,medium,Negative (score:-2.6)
15571,assalamualaikum wr wb aku suka aplikasi gojek ini tp kenapa harus di update ulang yaudh gtu susah banget tidak ke instal,positive,neutral,medium,Neutral (score:0.0)
15574,beli paket data juga gitu dari jam pagi sampai sekarang jam belum masuk suruh nunggu terus apa gunanya beli dari jam tad...,negative,positive,high,Strong positive (score:4.8)
15579,bagus pake buanget semua bisa dilakukan oleh app gojek dari mulai bayar tagihan sampai belanja apalagi pitur paylather n...,positive,neutral,medium,Neutral (score:1.6)
15582,karena sangat bagus aplikasi nya untuk saya berpergian,positive,negative,medium,Negative (score:-3.9)
15587,sangat membantu sekali disaat masa ppkm daripada antre lebih baik nunggu dirumah,positive,neutral,medium,Neutral (score:1.6)
15589,kecewa karena pesanan sering dibatalkan oleh pengemudi gocar dengan alasan sprti ban bocor lokasi jauh padahal digoegle ...,neutral,negative,medium,Negative (score:-3.0)
15590,lemot banget padahal internet stabil versi jg sudah paling baru lemoott,neutral,negative,medium,Negative (score:-3.2)
15591,ada bagusnya setiap drive diajarkan tutur bahasa yang baik agar pembeli tidak merasa kesal untuk menggunakan aplikasi go...,negative,positive,high,Strong positive (score:6.0)
15592,tolong dong ini aplikasi kenapa tidak bisa ya saya buat ngebatalin pesanan jdiny kan kasian gojekny kena sanksi mohon di...,negative,positive,medium,Positive (score:2.6)
15597,kanapa sih mahal tarifnya sekarang kenapa sih foto drever nya itu beda dengan yang saya lihat langsung contoh drever nya...,negative,neutral,medium,Neutral (score:-1.0)
15604,aplikasi gojek di jogja sangat buruk mau pesen saja susahnya setengah mati dengan alasan sistem mencari driver sampe ham...,negative,positive,medium,Positive (score:3.9)
15612,overall good kalau bisa ongkir gofood nya jgn mahal padahal deket dr rumah,positive,negative,medium,Negative (score:-2.0)
15617,entah bagaimana coding algoritma yang dipakai aplikasi gojek harusnya kalau pesan pengemudi diutamakan yang terdekat ini...,negative,positive,medium,Positive (score:2.6)
15620,bagus up saldo berapa yang masuk tidak sesuai dengan yang saya bagus up maling,positive,neutral,medium,Neutral (score:0.0)
15622,kenapa akun saya diblokir jam karena pengcancelan pesan padahal kan drivernya jauh semua dan juga posisinya jarang penge...,negative,neutral,medium,Neutral (score:0.0)
15625,saya sangat kecewa akun gopay premium punya saya dan kaka saya di keblokir semua padahal akun cuma buat pribadi tidak ad...,negative,positive,medium,Positive (score:3.9)
15632,saya kecewa dengan gojek payleter sekarang tidak bisa di gunakan untuk pembelian pulsapaket data dan menurut saya denda ...,negative,positive,medium,Positive (score:3.9)
15633,untuk saat ini mempermudah untuk mobilisasi pesan makanan dan antar barang semoga kedepannya bisa lebih baik lagi dan pe...,negative,positive,medium,Positive (score:2.0)
15647,kadang kalo milih lokasi ngelag,neutral,negative,medium,Negative (score:-2.0)
15651,suka tapi pembaruan apknya jangan sering dong suka butuh buru tapi baru sadar belum update jadi harus nunggu lagi,positive,neutral,high,"Mixed sentiment (pos:1, neg:1)"
15652,tolong kembalikan fitur pesan manualy sangat sangat susah jika tidak ada fitur itu,negative,positive,medium,Positive (score:2.6)
15654,kasian drivernya senang penumpang nya untung pihak aplikatornya,neutral,positive,medium,Positive (score:3.0)
15656,bagus tapi saat mendesak buru mau pesen ojol tiba minta dan wajib update jadi agak mengganggu,neutral,positive,medium,Positive (score:2.0)
15657,gojek emg hebat akun lambat terakhir tarikan tidak tarik lagi off bertahun tahun baru sekarang aktif lagi,positive,neutral,medium,Neutral (score:1.0)
15662,baru pertama kali melapor tapi malah dikecewakan dengan pihak gojek dan langsung di tutup laporannya kalau tidak bisa me...,positive,negative,high,Strong negative (score:-7.0)
15667,lumayan buat bayar cepat game voucernya belum lengkap gan,negative,positive,high,Strong positive (score:4.0)
15671,sangat membantu dan berjasa untuk kita semua,positive,negative,medium,Negative (score:-2.6)
15680,sangat membantu dalam bepergian cukup dengan aplikasi di smartphone bisa pesan kendaraan sesuai keinginan tanpa harus re...,positive,negative,medium,Negative (score:-2.6)
15682,aplikasinya dapat membantu untuk percepatan pendaftaran akun pra kerja kemarin dan untuk upgrade juga sangat cepat,positive,neutral,medium,Neutral (score:0.0)
15685,usaha lele memang sangat digandrungi di kalangan peternak pasalnya ikan lele memang sangat bagus dan potensi keberhasila...,positive,neutral,medium,Neutral (score:0.0)
15686,pelayanan dan kecepatan yang di dedikasikan sangat baik,positive,negative,medium,Negative (score:-3.9)
15693,gojek sekarang apknya berat banget bikin hp cepet panas dan legg kembaliin ke versi sebelumnya plise sebelum diupdate la...,neutral,negative,medium,Negative (score:-2.6)
15694,lebih banyak kasih bintang ya wah saya ikutanlah pelayanan kurang enak karena tarifnya yang bikin jadi suasana tidak ena...,negative,neutral,medium,Neutral (score:-1.0)
15696,saya senang menggunakn gojek tpi sering kali drivernya membatalkan secara sepihak kadang juga drivernya tidak dtang tida...,neutral,positive,medium,Positive (score:3.0)
15722,saya pakai paylater untuk pesan goride dan gofood yang saya kecewakan setiap bayar pakai paylater tidak bisa dapat poin ...,positive,negative,medium,Negative (score:-3.9)
15732,kenapa harganya naik drastis dari rb jadi ribu kekampus padahal deket kenapa dan saya males pake nya karena kenaikkannya...,positive,neutral,medium,Neutral (score:1.3)
15735,selama sehari melakukan transaksi sendiri sebanyak x hingga saldo habis terkonfirmasi pembelian bagus up garena dalam ar...,negative,positive,high,Strong positive (score:7.8)
15742,sangat membantu dan memudahkan customer tapi hari ini server gangguan terus semoga kedepannya tambah lebih baik aamiin,positive,neutral,high,"Mixed sentiment (pos:1, neg:1)"
15743,tarifnya mahal banget padahal bukan jam pergi pulang kantor suka tidak konsisten sama tarifnya,negative,neutral,medium,Neutral (score:0.0)
15744,tolong kembalikan voucher gofood yang bisa di combo versi baru buruk tidak bisa di combo voucher gofood nya sebel,neutral,negative,medium,Negative (score:-3.0)
15746,sudah tidak bisa kirim otp lewat wa padahal saldo masih banyak rugi banyak saldo hangus,neutral,negative,medium,Negative (score:-2.0)
15751,gojek ini ongkir nya mahal betul jarak dekat tinggal antar saja luar biasa mahalnya daripada harga barang nya yang murah...,neutral,negative,medium,Negative (score:-2.6)
15753,sangat membantu saat kami membutuhkan dengan cepat dan mudah,positive,negative,high,Strong negative (score:-7.8)
15765,buruk sih tidak jelas banget tidak tau ntah d blokir atau apa pas mau pesan maknn tiba tidak bisa server kami padat mery...,negative,neutral,high,"Mixed sentiment (pos:1, neg:1)"
15768,aplikasinya keren tapi sayang di kab gowa banyak pesanan yang di cancell sepihak oleh driver alasan macet lah titik jemp...,negative,neutral,high,"Mixed sentiment (pos:1, neg:1)"
15769,aplikasinya sangat membantu tapi kenapa terlalu sering minta update malah lola ya,neutral,negative,medium,Negative (score:-2.6)
15770,sangat membantu bagi kami yang tak punya rekening khususnya peserta prakerja,positive,negative,medium,Negative (score:-2.6)
15773,tidak jelas harga nya di sistem suka nambah mahal pas ngecek awal pas sudah deket dr tujuan nya tapi,negative,neutral,high,"Mixed sentiment (pos:1, neg:1)"
15774,saya sangat menyayangkan dengan pelayanan customer service di aplikasi ini akun gopay saya terblokir karena alasan ada a...,negative,positive,medium,Positive (score:3.2)
15775,promosi gofoodnya dikit trus kalo tf ke bank juga ada fee nya trus gotixnya juga fee nya mahal ada adminnya juga dikuran...,neutral,positive,medium,Positive (score:2.0)
15777,akhir akhir ini sering banget nge lag mana nge lag nya lagi pas lagi pesen,neutral,negative,high,Strong negative (score:-5.2)
15783,gopaylater nya jadi gabisa dipake padahal sebelumnya baik baik saja setelah saya lunasin malah jadi gabisa dipake kecewa...,positive,negative,medium,Negative (score:-3.9)
15784,aplikasi ini sangat bagus untuk berbagai keperluan upgreadnya cepat dan simple terima gopay,positive,negative,high,Strong negative (score:-6.5)
15786,harga ny makin mahal saran dibikin fitur khusus anak sekolah,negative,positive,medium,Positive (score:2.0)
15792,mohon ditingkatkan sistem dalam aplikasinya sangat sulit sekali untuk mendapatkan driver dan pengemudi sangat mudah untu...,negative,neutral,medium,Neutral (score:-1.6)
15793,sangat bagus dengan fitur yang memudahkan bagi penggunanya pemesanan sangat mudah dan tersedia berbagai jenis pilihan,positive,negative,high,Strong negative (score:-6.5)
15796,terimakasih kepada pt karya anak bangsa yang sudah mengembangkan aplikasi gojek ini dengan adanya prasarana aplikasi ini...,positive,negative,high,Strong negative (score:-5.2)
15797,sudah langganan jadi tidak pernah kecewa,negative,positive,medium,Positive (score:3.0)
15805,sudah minggu lebih saya mncoba mengupgrade gopay plus tapi tetap saja tidak bisa alasan ny akun saya tidak bisa di verif...,negative,positive,medium,Positive (score:3.2)
15809,sangat bermanfaat sekali sangat membantu dalam sehari dan gaperlu ribet keluar lagi terimakasih gojek,positive,neutral,medium,Neutral (score:0.0)
15810,maps gpsnya kadang kurang akurat dan updatenya kurang realtime untuk posisi mobil atau motor pesanan kita,positive,negative,medium,Negative (score:-2.0)
15813,masukan bwt gojek kalo pesen dapetnya draiver yang jauh padahal yang dekat ada vaucer sekarang jarang dibagi lama bisa b...,positive,negative,medium,Negative (score:-2.6)
15819,bagus sangat membantu mempermudah berpergian harganya juga terjangkau,positive,neutral,medium,Neutral (score:1.3)
15837,yth gojek saya beli jas hujan di gojek rb belum dua minggu reslitingnya sudah rusak sedangkan saya beli di pinggir jln s...,neutral,negative,high,Strong negative (score:-9.0)
15839,sangat memuaskan tlong hrga mkanan nya sesuai kan dengan harga toko,positive,negative,medium,Negative (score:-3.9)
15850,sangat bagus dan membantu hanya saja untuk loding terlalu lambat dan banyak memakan lokasi penyimpanan mohon perbaikanny...,positive,negative,high,Strong negative (score:-9.1)
15852,isi gopay sudah bayar admin via pengisi dipotong juga dari via gojek sangat mengecewakan,negative,positive,medium,Positive (score:3.9)
15854,aplikasinya sangat bagus cepat sangat membantu saya untuk melakukan trnasksi di kartu prakerja saya,positive,negative,high,Strong negative (score:-9.1)
15859,keren sangat membantu dan praktis memudahkan setiap perjalanan yang sulit dan penting brovo gojek sehat selalu untuk kre...,positive,negative,medium,Negative (score:-3.9)
15862,customer suka pesan dobel merugikan pengemudi dah di samperin batal,negative,neutral,medium,Neutral (score:0.0)
15863,kecewa biasanya pakai go pay lebih murah kok skrang biayanya sama sprti byar cash,neutral,negative,medium,Negative (score:-3.0)
15865,suka sama promonya gasuka sama pelayanan customer nya komplain gabisa kirim duit padahal sudah premium tanggapan tidak m...,neutral,negative,medium,Negative (score:-3.9)
15866,uda x upgrade gopay plus tidak pernah berhasil dan anehnya akun saya tidak pernah sama sekali dapat promosi apapun aplik...,negative,positive,high,Strong positive (score:4.8)
15875,kurang ramah tidak membantu konsumen nuruninnaikin kursi roda ke atas mobil,negative,neutral,medium,Neutral (score:-1.0)
15878,apk sangat rekomendasi banget pokonya,positive,neutral,medium,Neutral (score:-1.6)
15888,bagus aplikasinya lengkap dan ringan kalo bisa promosi goridenya ada tiap hari tidak usah dibatasin karena itu sangat me...,positive,neutral,medium,Neutral (score:1.3)
15890,bagus untuk menambah berat badan tinggal klik makanan sampe ga perlu buang energi cari dan antri ini review duluskrg lia...,neutral,positive,medium,Positive (score:3.9)
15891,sudah baik karena memudahkan kita dalam berbagai hal kekurangannya pada gofood tidak bisa memilih promosi yang diinginka...,neutral,negative,medium,Negative (score:-3.0)
15894,ini kenapa tidak bisa upgrade go pay plus uang saya ke tahan lumayan banyak tolong pihak go jek diperbaiki lagi padahal ...,neutral,positive,medium,Positive (score:2.0)
15895,sangat membantu dan mempermudah dalam perjalanan,positive,negative,medium,Negative (score:-2.6)
15902,sangat cepat untuk upgrade ke gopay plus nya cuman sayangnya kalo ganti nomer harus tnggu jam,positive,negative,medium,Negative (score:-2.6)
15909,harus ada fitur persetujuan dari pengemudi jika ada pelanggan yang mau cancel soalnya para pelanggan suka seenaknya kasi...,neutral,negative,medium,Negative (score:-2.0)
15913,aplikasi yang sangat sangat membantu senang banget dengan adanya aplikasi ini semua nya bisa teratasi semuanya muuaannta...,positive,negative,high,Strong negative (score:-8.0)
15914,aplikasi bagus namun dalam segi keamanan sangat buruk coba saja setiap kali login sehabis back dari aplikasi menggunakan...,neutral,positive,high,Strong positive (score:7.8)
15929,makin kesini bukan makin bagus tapi makin tidak mutu masa ya qt tidak bisa nambah atau ganti menu di resto resto cap opo...,positive,negative,medium,Negative (score:-3.0)
15934,terlalu terlalu terlalu apk yang tidak bisa di percaya kuota cepat abis minta update terus tapi bug tmbah banyak hp jadi...,negative,neutral,high,"Mixed sentiment (pos:1, neg:1)"
15935,sangat kecewa dengan pelayanan gojek pagi ini saya to up pulsa pertama rb dan kedua rb tapi semua nya tidak masuk ke no ...,negative,positive,medium,Positive (score:3.9)
15938,bintang tiga dlu soalnya ada masalah saat mau upgrade akun gopay saat foto ktp sudah ok nah pada saat foto diri dan ktp ...,neutral,positive,medium,Positive (score:2.0)
15953,sekarang sering eror apalagi erornya pas pulang kerja promosi goride dan gosendnya kurang dan sering kejadian padahal pe...,negative,neutral,high,"Mixed sentiment (pos:1, neg:2)"
15955,tollong untuk wilayah sukabumi khususnyah gunung guruh mangkalaya sayah susah trus nunggu suka menit bahkan pernah lebih...,positive,neutral,medium,Neutral (score:0.0)
15959,sangat puas dan simpel untuk melakukan transaksi digital,positive,negative,medium,Negative (score:-3.9)
15960,smoga semakin lancar,positive,negative,medium,Negative (score:-2.0)
15962,dari jt ulasan sebelah dari jt ulasan tapi sumpah kamu akhir akhir ini ngeselin banget jek mana jarang promosi lagi seka...,negative,neutral,medium,Neutral (score:-1.6)
15969,lumayan bisa buat bantu disaat tidak ada kendaraan dirumah,neutral,positive,medium,Positive (score:2.0)
15970,ini kenapa yaa setiap pesen gocar terus pake voucher di batal mulu herann,neutral,negative,medium,Negative (score:-2.0)
15975,anjeenkk gojekplus perpanjang auto ternyata tidak lagi dah bagus up banyak abis biar lah abis,positive,negative,medium,Negative (score:-3.0)
15977,harga gojek sama yang sebelah kenapa lebih mahal dan voucher untuk hadiahnya juga banyak gal ke pakai mubajirlah jadi ma...,neutral,negative,medium,Negative (score:-2.0)
15987,saya pengguna aktif gojek saya nyoba fitur gopaypinjam dan bayar tagihan selalu lancar bahkan tepat waktu malahan jauh d...,neutral,positive,medium,Positive (score:2.0)
15994,kendaraan praktis dan sangat membantu dlm mengejar waktu dengan harga yang sangat terjangkau tq gojek,positive,neutral,medium,Neutral (score:0.0)
16005,transfer gopay ke bank lambat prosesnya dan suruh tunggu xjam disaat pengen cepet jadi malah ribet sedangkan uangnya san...,negative,neutral,medium,Neutral (score:-1.6)
16007,sebenarnya bagus aplikasinya cuman kecewa pembayaran qris kali transaksi yang harusnya dapat kali xp cuman dapat ketika ...,negative,positive,medium,Positive (score:3.9)
16009,aplikasi ini sangat membantu dikala butuh pengantaran saat di kota lain cukup sigap para pengemudi nya dan bisa mencarik...,positive,neutral,medium,Neutral (score:1.3)
16015,tidak guna tidak bsa cancel sudah tlp operator tetep tidak di batal apa fungsinya di kasih fitur itu bakalan un instal i...,negative,positive,medium,Positive (score:2.0)
16019,cepat dalam mengantar penumpang pengemudi semuanya semangat dan baik dalam bekerja,positive,neutral,medium,Neutral (score:-1.0)
16025,bisa tarik duit bisa kirim duit ke rekening lain lebih murah cuma aplikasi kadang lambat banget dibuka bagus okla,positive,neutral,high,"Mixed sentiment (pos:1, neg:1)"
16026,percuma kalo di update tapi malam buat bubruk beli pulsa dengan mengaitkan my telkomsel sama gopay pulsa tidak masuk gop...,negative,positive,medium,Positive (score:3.0)
16031,saya sudah menggunakan aplikasi gojek selama tiga tahun saya sangat suka aplikasinya karena mudah di gunakan terima kasi...,positive,neutral,medium,Neutral (score:0.0)
16037,untuk voucher gofood ny tidak bisa digabung jadinya lebih mahal,neutral,positive,medium,Positive (score:2.0)
16043,aplikasi yang sangat membantu pengoperasian nya mudah tp jgn keseringa update yaa,positive,neutral,medium,Neutral (score:0.0)
16044,saya sangat kecewa dengan aplikasi ini karena masih ada oknum yang hack aplikasi ini dan menyalahgunakan saldo go pay to...,negative,positive,medium,Positive (score:3.9)
16053,kenapa tidak mau update sudah kali tapi tidak bisa buruk ini gojek mana tidak ada lagi promosi goride n go car yang ada ...,negative,positive,medium,Positive (score:3.0)
16057,pengalaman aku menggunakan aplikasi go jek sangat membantu aku banget dari pesan makanan perjalanan dll apalagi setiap a...,positive,negative,medium,Negative (score:-3.2)
16073,sering cari pengemudi dan butuh cepat disekitar ada banyak driver eehh pas pesan dapetnya pengemudi yang jauuh krn takut...,negative,positive,medium,Positive (score:2.0)
16077,tolong ya pengemudi drivernya di verifikasi ulang pada suka ambil orderan tapi tetiba minta cancel dan terjadi berulang ...,neutral,positive,medium,Positive (score:2.0)
16078,kurang untuk fitur go box setiap pengen cek harga selalu ada tulisan mohon cek jaringan internet anda padahal jaringan s...,positive,negative,high,Strong negative (score:-4.0)
16088,lokasi eror terus lambat beda kaya grab mudah bagus ini aplikasi apaan tidak niat,negative,positive,medium,Positive (score:3.0)
16089,aplikasi ini sangat membantu dan mempermudah sgala transaksi saya sukses selalu dan semakin besar untuk gojek salam anak...,positive,negative,high,Strong negative (score:-6.5)
16092,semakin tidak asik voucher pot pengguna baru terpotong jadi kangen sama pengurus gojek dulu yang baik hati setelah merge...,positive,neutral,medium,Neutral (score:1.0)
16097,lumaya bagus hanya upgrade yang agak ribet caranya,neutral,positive,high,Strong positive (score:5.2)
16106,saya sangat kecewa padahal saya cuman pilih gopul untuk beli pulsa setelah itu akun saya di kunci entah kenapa di kunci ...,negative,positive,medium,Positive (score:3.9)
16127,lumayan sangat baik tp ada beberapa pengemudi yang titik lokasinya deket dtngnya lumayan lama lbh ditingkatkan pelayanan...,positive,neutral,medium,Neutral (score:-1.3)
16128,enak jaman nya bang nadim tidak ribet ini itu sekarang mah ribet castamer di bikin ribet pengemudi pun di bikin di persu...,positive,neutral,high,"Mixed sentiment (pos:2, neg:2)"
16131,sangat membantu disaat lapar tidak sempat masak ya pesan gofood mau pergi bawa bayi sama anak th langsung pesan gocar ba...,positive,neutral,medium,Neutral (score:1.3)
16135,aplikasi yang sngat membantu tapi sayang trlalu sering update klo belum d update tidak bisa di pakai sdngkan utk update ...,neutral,negative,medium,Negative (score:-2.0)
16138,sangat membantu tapi terkadang suka susah cari pengemudi gocar kalau lokasinya rada masuk,positive,negative,medium,Negative (score:-2.6)
16139,saya pesan gofood susah untuk mendapatkan pengemudi padahal jaringan saya stabil tidak ada kendala apapun setelah di bat...,negative,neutral,medium,Neutral (score:-1.0)
16141,saya merasa kecewa dengan gopaydompet elektronic yang sudah saya pakai bertahun tahun ketika mengalami kendala penangana...,negative,neutral,high,"Mixed sentiment (pos:2, neg:2)"
16143,semoga bisa batal pesanan karena kadang banyak pengemudi yang tidak mau membantu mengantar sampai ke tujuan dan meminta ...,positive,neutral,medium,Neutral (score:0.0)
16152,aplikasi ini sangat membantu saya untuk btransaksi proses cepat tepat dan efektif terimakasih gojek gojek selalu di hati,positive,neutral,medium,Neutral (score:0.0)
16157,sangat membantu saat lapar melanda pemesanan sat set tidak pakai lambat coba semua resto pakai plus bisa bini tidak pern...,positive,neutral,medium,Neutral (score:0.0)
16162,terima kasih sangat sangat membantu dalam segala bidang siap siaga para rekan pengemudi semua semoga tambah maju aplikas...,positive,negative,medium,Negative (score:-2.6)
16167,sekarang gojek sudah tidak nyaman baru baru saja enak nya buat gojek enak tiap minggunya ada diskon buat go ride sekaran...,positive,neutral,high,"Mixed sentiment (pos:1, neg:2)"
16173,aplikasi terpayah yang pernah saya pakai tidak bisa hub cs kalau ada masalah dan parahnya terlambat jam tidak bisa di ba...,negative,positive,medium,Positive (score:2.6)
16186,simple kalo lagi tidak bawa uang bisa isi gopay by trf jadi tidak ribet cuma skr ongkirnya mahal,positive,neutral,high,"Mixed sentiment (pos:1, neg:1)"
16192,kalo bisa biaya penanganan ny dihilangkan dan ongkirnya jangan terlalu mahal,negative,positive,medium,Positive (score:2.0)
16194,jadi lambat gara gara sistem mudah mudahan segera banyak pesaing biar tidak besar kepala ni gojek,neutral,negative,high,Strong negative (score:-4.0)
16195,si finda ap suka blokir payleter padahal jarang pkek penanganan jg lemot,neutral,positive,high,Strong positive (score:4.0)
16199,sangat buruk tidak solutif dalam memberikan kenyamanan jika go pay di bekukan saldo tidak bsa balik menjadi keuntungan t...,negative,positive,medium,Positive (score:3.9)
16200,buat pengguna aplikasi gojek customer jangan seenaknya j batal pesanan dan ngasi reting bintang jangan asal kalau mang n...,positive,neutral,medium,Neutral (score:-1.0)
16205,sangat mengecewakan saya sudah kli mau upgrade ke gopay plus malah gagal katanya pas kan dengan kotak tapi di saat ngamb...,negative,neutral,high,"Mixed sentiment (pos:1, neg:1)"
16208,sekarang kenapa lebih riweh ya ribet lebih gampang dan bagus sebelumnya tarifnya juga di naikan jadi ya sering pake apli...,positive,negative,high,Strong negative (score:-5.2)
16216,sejauh ini bagus cma beberapa kali pesan gofood pakai promosi tidak ada pengemudi yang mau ambil pesan jadi sering nya d...,positive,neutral,medium,Neutral (score:1.0)
16222,sangat membantu walaupun musim hujan dapat pengemudi jauh jaraknya,positive,negative,medium,Negative (score:-2.6)
16223,aplikasi ini sangat sangat membantu selain gampang fitur fitur nya juga mudah di akses,positive,negative,high,Strong negative (score:-6.5)
16227,di perbarui gagal mulu nih kenapa si di download ulang juga gagal,negative,neutral,medium,Neutral (score:0.0)
16230,saya pelanggan gojek setia ada beberapa yang harus ditambah agar lebih sangat sempurna saat kirim struck di gocar ke ema...,positive,negative,medium,Negative (score:-3.9)
16232,aflikasi ini sangat bagus tapi z fikir ini lebih menarik kapan fiki pergi temui dayana,positive,negative,medium,Negative (score:-3.9)
16237,bagus abis saldo sisa mau dibeliin pulsa k tapi ada admin saya lagi cek menu voucher yang tersimpan ngarep sih ada vouch...,positive,neutral,high,"Mixed sentiment (pos:2, neg:2)"
16241,aplikasi penyakitan data nya nyala sinyal juga lancar malah di bilang sinyal nya mati,positive,negative,medium,Negative (score:-2.0)
16244,kenapa sih nginstal nya lambat padahal jaringan ya bagus,neutral,negative,high,Strong negative (score:-5.0)
16245,akun gojek gabisa dipakai gofood katanya karena melanggar kebijakan tapi tidak dijelaskan pelanggaran apa harus login pa...,negative,positive,medium,Positive (score:3.0)
16250,senang belanja disni pake ewalet gopay juga gampang upgradenya ke plus juga cepat semoga makin suksess,positive,neutral,medium,Neutral (score:0.0)
16255,sangat membantu banget bagi yang mendadak atau buru buru mau pergi tetapi lagi tidak ada kendaraan apalagi ini bermanfaa...,positive,negative,medium,Negative (score:-3.2)
16265,kalo mau komplain itu dibagian mana ya saudara saya transfer uang ke saya tapi kenapa disaya belum masuk padahal di hand...,neutral,positive,medium,Positive (score:3.0)
16270,sangat membantu sekali untuk pergi jalan jalan,positive,negative,medium,Negative (score:-3.2)
16278,assalamualaikum wr wb aplikasi ini sangat membantu dan mempermudahkan saya ketika bertransaksi dari segi waktu juga meng...,positive,negative,medium,Negative (score:-2.6)
16282,menggunakan jasa gosen dengan pengemudi suprapto sangat memuaskan tiba tepat waktu sopan dan amanah terimakasih gosend,positive,negative,medium,Negative (score:-3.9)
16285,bagus dan sangat membantu,positive,neutral,medium,Neutral (score:1.3)
16286,aplikasinya bagus kendala teratasi walaupun butuh waktu lambat dan harus bolak balik,positive,neutral,medium,Neutral (score:1.0)
16287,sangat bagus fitur gopay dan setiap upgrade sangat cepat ter upgrade,positive,negative,high,Strong negative (score:-6.5)
16291,pertama kalinya dapet promosi tambahan di gofood dari gojek lsg digunakan baru kali pakai prominy sudah tidak ada promos...,negative,neutral,medium,Neutral (score:0.0)
16296,mantap murah meriah tapi akhir ini nopember kurang bagus ditambah tidak ada aplikasi percakapan antara pengemudi penggun...,negative,positive,high,Strong positive (score:4.0)
16309,trima kasih gojek sangat membantu saya dlm mobilisasi saran saya untuk pembatalan pesanan disediakan kolom atau pilihan ...,positive,neutral,medium,Neutral (score:0.0)
16315,aplikasi ini sangat membantu dan diharapkan ada promosi dan penawaran yang menarik agar konsumen tertarik,positive,negative,medium,Negative (score:-2.6)
16324,penempatan titik jemput secara otomatis ditentukan oleh sistem membuat saya sulit untuk menentukan lokasi titik jemput y...,neutral,positive,medium,Positive (score:3.0)
16327,greb memang sangat terbaik,positive,negative,medium,Negative (score:-3.9)
16329,bagus pelayanannya tapi sebaiknya taati peraturan lalulintas dengan baik,positive,neutral,high,"Mixed sentiment (pos:1, neg:1)"
16332,tolong kejelasan nya oi jangan suruh bot balas gmail kau ampas bagus up dari tanggal sampai tanggal tidak ada hasil tida...,negative,positive,medium,Positive (score:3.0)
16336,please gojek baru terburu buru mau ke rs malah pengemudi tidak jalan sama sekali dan pengemudi mnta batalkan habis itu c...,negative,positive,medium,Positive (score:2.6)
16337,parah sekarang sekarang dapat pengemudi nya jauh dari lokasi penjemputan tolong di perbaiki untuk kenyamanan pemesanan s...,negative,neutral,medium,Neutral (score:-1.0)
16343,pelayan tambah lambat tambah kurang baik mau batalin pesanan toko barang tidak ada toko diam saja mungkin tutup akun saj...,negative,positive,medium,Positive (score:3.0)
16344,haloo saya pengguna lambat gojekk dari saya awal masuk smp ortu tidak bisa anter sekolah tapi karena di jaman seperti in...,positive,negative,high,Strong negative (score:-5.2)
16348,nomor hp yang lambat sudah tidak aktif trus di ganti sama no hp baru tapi kode otp tidak muncul padahal baru isi saldo g...,negative,neutral,high,"Mixed sentiment (pos:1, neg:1)"
16351,sangat disesalkan kadang masih suka truble pada aplikasi ketika dapat pengemudi dengan sikap yang kurang sopan etitude p...,negative,positive,medium,Positive (score:3.9)
16357,pembacaan lokasi kenapa sekarang jadi lambat ya padahal jaringan bagus,neutral,negative,high,Strong negative (score:-5.0)
16362,sangat membantu dan sangat menyenangkan dengan discount promosi dan voucher nya,positive,negative,medium,Negative (score:-2.6)
16364,sistem pembatalan pesanannya sangat mengecewakan ada masalah di resto pengemudi tidak bisa batal katanya customer juga g...,negative,positive,high,Strong positive (score:9.1)
16372,kemana uang saya saya sudah transfer kenapa saldo belum nambah saya lihat di mobile bank sudah sukses ke transfer apa un...,neutral,positive,medium,Positive (score:3.0)
16376,sayang banget aplikasi ini sangat membantu tapi saya dihentikan secara sepihak ya,positive,negative,medium,Negative (score:-3.2)
16378,saya mohon untuk pengemudi gojek saat mendapat pesanan gofood mohon sangat mohon baca catatan pesan dengan sangat teliti...,neutral,negative,medium,Negative (score:-3.9)
16379,sangat buruk gofood estimasi waktu tidak berguna di aplikasi mengkambing hitamkan restoran very bad,negative,positive,high,Strong positive (score:4.8)
16386,saya sudah lambat banget pake aplikasi gojek ini dan sangat senang dan puas saya suka aplikasi nya gojek the terbaik,positive,negative,high,Strong negative (score:-4.8)
16389,pengemudi gocar ego setinggi presiden x batal perkara gocar biasa dan biaya tidak terlalu mahal,negative,neutral,medium,Neutral (score:0.0)
16390,bisakah gojek meng uangkan tunai ke orang lain jaman dulu diperlukan kantor pos untuk mendapatkan uang bila kita ingin m...,positive,neutral,high,"Mixed sentiment (pos:1, neg:1)"
16392,fitur fiturnya sangat membantu tetapi kenapa kalo isi saldo via kartu atmsejenisnya hmpir setiap saat error mulu transak...,neutral,negative,high,Strong negative (score:-5.2)
16397,saya sangat menyukai aplikasi ini karena apk ini sangat membantu saya dalam kegiatan sehari hari dan dapat membeli pulsa...,positive,negative,medium,Negative (score:-2.6)
16402,snagat bagus dan sangat membantuu,positive,negative,medium,Negative (score:-3.9)
16407,kenapa akun saya keluar dan saat mencoba masuk tulisan nya seperti nya kamu belum punya akun dan saat coba daftar ulang ...,positive,negative,medium,Negative (score:-2.0)
16409,tolong untuk gojek ubah sistem verifikasi untuk ganti nomer lambat dan baru seperti yang dulu jangan sistem sekarang ini...,negative,positive,medium,Positive (score:2.0)
16415,terimakasih gojek sangat membantu sekali drivernya cepet datengnya keamanannya sangat diperhatikan pelayanannya ramah ap...,positive,negative,high,Strong negative (score:-6.4)
16416,aplikasinyamantap saya sudah beberapa kali daftar tapi belum ada panggilan saya harap ada panggilan semoga sukses selalu...,positive,negative,medium,Negative (score:-3.0)
16420,sayang banget kalau hujan susah nyari driver ga selalu membantu,neutral,negative,high,Strong negative (score:-5.2)
16426,saya turun kan dulu ya jadi bintang karena diminta update dan sudah dibayarkan tapi paylaternya masih dibekuk tagihannya...,positive,negative,medium,Negative (score:-2.0)
16429,teruntuk pt karya anak bangsa mohon diperbaiki dong untuk sistemnya jadi gini saya pesan makanan tapi saya lupa liat har...,negative,neutral,high,"Mixed sentiment (pos:1, neg:1)"
16430,map nya tolong di update seringkali pengemudi salah jalan karena mengikuti map mau menjelaskan lewat chat pengemudi kura...,positive,neutral,medium,Neutral (score:-1.0)
16440,sangat mudah dlm bertransaksi dan sangat membantu dlm setiap kebutuhan,positive,negative,high,Strong negative (score:-5.2)
16444,sangat memudahkan dan memuaskan pelanggan yang sangat membutuhkan keperluan mendesak,positive,negative,medium,Negative (score:-3.9)
16450,terpksa harus saya beri satu bintang kecewa sangat sangat kecewa akun saya sudah kycterverifikasi tapi ketika login tapi...,negative,neutral,high,"Mixed sentiment (pos:1, neg:1)"
16453,masa bagus up gopay tidak masuk sih di aplikasinya padahal status di mobile banking berhasil bingung mau ngadu ke siapa ...,negative,positive,medium,Positive (score:3.0)
16455,amat sangat terganggu sekali ketika gojek sering di update tapi ko lebih sering meminta upgrade ulang trs disaat sedang ...,positive,neutral,medium,Neutral (score:-1.9)
16459,habis update terus buka appnya langsung ada pop up gojek terus berhenti hp direstart sudah clear cache sudah install ula...,negative,positive,medium,Positive (score:2.0)
16461,sayaa sangat kecewa saldo saya di pending dari tgl agustus smpai sekarang tgl di chat customer service gada respon memak...,negative,positive,medium,Positive (score:3.9)
16466,sebagai pengguna baru seharusnya kalau mau pesan jangan di arahkan ke pickup dong malah rugi kami sebagai pengguna aplik...,negative,neutral,medium,Neutral (score:0.0)
16469,aplikasinya sangat bagus dan membantu dengan menggunakan aplikasi ini jika ingin bepergian mesan makanan kirim barang it...,positive,negative,high,Strong negative (score:-11.7)
16477,aplikasi keluar sendiri ngelag saya tidak bisa memantau pesanan saya mencari gojek juga lambat sekali,negative,neutral,medium,Neutral (score:0.0)
16482,terlalu mahal ambil untung terlalu besar dari resto ambil untung dari castamer ambil untung dari pengemudi ambil untung ...,negative,neutral,high,"Mixed sentiment (pos:1, neg:1)"
16483,assalamualaikum saya ita lusningati aplikasi gojek sangat mudah dalam upgrade ke gopay plus pengemudi mudah di cari maps...,positive,neutral,medium,Neutral (score:0.0)
16485,parah saya bagus up malah tidak dikirim ke saldo gopay saya dan diinbox katanya saya sudah menerima saldo gopay saya tap...,negative,neutral,high,"Mixed sentiment (pos:1, neg:1)"
16486,seru sih tapi belanja di go mart tidak bisa terus mau pesan di go mart malah error selalu begitu tidak bisa belanja di g...,negative,positive,medium,Positive (score:3.2)
16509,aplikasi keren tingkatkan lagi untuk memberikan kemudahan kemudahan transaksi online nya terimaksih,positive,neutral,medium,Neutral (score:1.0)
16510,aplikasi tidak jelas saya nungguin jam tidak dapet pengemudi sama sekali padahal sudah pakai pencarian cepat trs sekalin...,negative,positive,medium,Positive (score:2.6)
16512,fitur bantuan gojek tidak guna semakin kesini tidak ada niatan layanin konsumen dengan baik pertama saya salah transfer ...,positive,negative,medium,Negative (score:-3.0)
16514,mantaps tolong sering di cek update aplikasinya terkadang jalur yang di pilihkan agak jauh keseluruhan jooss gandos mant...,positive,neutral,medium,Neutral (score:-1.0)
16530,wahai admin yang terhormat terimakasih sudah menyediakan fitur pay later tapi saya memiliki kendala yaitu pay later saya...,positive,neutral,high,"Mixed sentiment (pos:1, neg:2)"
16534,sudah dua kali tidak bisa pakai menu gosend pas pesan ada notif harga naik ya oke cus silahkan dinaikin tapi tetep tidak...,positive,negative,medium,Negative (score:-2.0)
16540,apa bener gojek ada undian costumer terbaik tadi saya ditelpon katanya dari gojek dan dapat hadiah duit juta sebagai cos...,positive,neutral,medium,Neutral (score:0.0)
16543,mantap bagus aplikasinya tapi bintang tiga dulu lah karena saya ubah email profil masih belum bisa saya harus tunggu wkt...,neutral,positive,high,Strong positive (score:8.0)
16544,benar benar membantu harganya lumayan murah banyak pilihan menunya ada semua di gojek,positive,neutral,medium,Neutral (score:0.0)
16550,aplikasinya menarik dan tarif ojolnya sangat bersaing sangat membantu di saat dibutuhkan,positive,negative,medium,Negative (score:-2.6)
16555,sangat membantu dan sangat mempermudah transaksi digital terimakasi,positive,negative,medium,Negative (score:-2.6)
16558,sangat bagus untuk tranportasi sangat membatu dan mudah aman nyaman saya suka deng aplikasi dan pslayanan deriper nya ra...,positive,neutral,medium,Neutral (score:1.3)
16581,tidak kurang tidak lebih kecewa maintenence terlalu lambat tidak sekalian di tutup saja itu aplikasinya,negative,positive,medium,Positive (score:2.6)
16585,sistem loginnya berubah lagi ya padahal saya pake aplikasinya di hp satunya yang tidak pake no hpnya jadi agak ssh skrg,positive,neutral,medium,Neutral (score:-1.0)
16586,aplikasi nge bug jadii agak takut klo nyimpen saldo di gopay jaringan eror mlulu padahal sinyal kenceng,negative,neutral,medium,Neutral (score:-1.0)
16587,saya mau masuk ke akun saja susah sekali dah berkali kali kode linknya tidak juga dikirim sangat mengecewakan,negative,neutral,medium,Neutral (score:1.6)
16594,sangat membantu sekali kalo bisa di tingkatkan lagi kulaitasnya,positive,negative,medium,Negative (score:-3.2)
16596,good aplikasi yang sangat membantu bagi yang mager,positive,negative,medium,Negative (score:-2.6)
16598,mohon maaf nih ya tapi saya ada satu kejadian pas saya mau batal pesanan saya di gofood platform detail yang biasa ada d...,negative,neutral,high,"Mixed sentiment (pos:1, neg:1)"
16610,berhenti pake gojek karena tarif mahal sekarang kembali download barangkali lebih murah karena yang disebelah yang mahal...,neutral,negative,high,Strong negative (score:-4.0)
16616,sangat baik trims,positive,negative,medium,Negative (score:-3.9)
16619,kenapa kalau sehabis hujan pengemudi pada tidak mau bergerak harus menunggu sangat lambat untuk mencari pengemudi kenapa,negative,positive,medium,Positive (score:2.6)
16631,saya tidak tau sistem anda yang bermasalah atau apa tapi setiap kali saya pesan gojek estimasi mnt jadi mnt terus pengem...,negative,neutral,high,"Mixed sentiment (pos:1, neg:1)"
16638,topong dong tiba tiba nomer gojek banyak banget di kontak hp pantes hp lag,neutral,negative,medium,Negative (score:-2.6)
16643,tidak bisa batal pesanan gofood karena katanya sudah dapat pengemudi padahal jelas di aplikasi keterangan masih mencari ...,negative,positive,medium,Positive (score:2.6)
16644,saya berusaha menghubungi cs minta bantuan bagaimana caranya nomer saya sudah tidak aktif dan akun gmailnya belum terver...,positive,negative,medium,Negative (score:-2.0)
16645,maaf ya aplikasinya sangat membantu cuman jarang sekali ada promosi goride ataupu gocar,positive,negative,medium,Negative (score:-3.2)
16648,sangat membantu namun sayang sekarang terasa lebih mahal,neutral,negative,high,Strong negative (score:-5.2)
16651,sangat membantu baik transportasi maupun dlm pembayaran tagihan bulanan dan pengisian pulsa dan banyak lain lagi moga ja...,positive,negative,high,Strong negative (score:-6.5)
16652,sudah lambat menggunakan aplikasi ini banyak membantu,positive,neutral,medium,Neutral (score:0.0)
16653,sangat membantu dan mempermudah banyak orang dalam mencari transportasi di jemput dan di antar sampai depan rumah tidak ...,positive,neutral,medium,Neutral (score:0.0)
16654,saya uninstall karena aplikasinya tidak jelas pengemudi nya suka tiba ganti sampai beberapa kali dan tidak ada kejelasan...,negative,neutral,high,"Mixed sentiment (pos:1, neg:1)"
16657,sangat membantu dalam mencari ojek online terdekat saat bepergian dan juga mempermudah transaksi kartu prakerja untuk pe...,positive,negative,medium,Negative (score:-2.6)
16660,hallo kak aplikasi ini sangat membantu saya kapan dan dimanapun sukses selalu,positive,neutral,medium,Neutral (score:1.3)
16666,orang pesan makanan disuruh nunggu pencarian pengemudi selama jam haduh kocak ini apk bagaimana ini pelayanannya buruk b...,negative,neutral,medium,Neutral (score:0.0)
16673,pesen gofood sekarang lambat banget nunggu dapat pengemudi ajh sampe jam lebih padahal kawasan rame ojol dan pesen di si...,negative,neutral,medium,Neutral (score:-1.3)
16676,gofood terlalu besar ambil untung dari harga makanan yang ditawarkan ada yang sampai lebih itu terlalu tinggi tidak pant...,neutral,negative,medium,Negative (score:-2.0)
16677,sekarang cari pengemudi lumayan lambat ya terus sekali dapat jarak drivernya lumayan jauh padahal lihat di aplikasi bany...,negative,positive,medium,Positive (score:2.6)
16680,sangat sangat membantu banget,positive,negative,medium,Negative (score:-3.2)
16689,untuk para personil gojek tolong banget ni kenapa setiap buka aplikasinya kog susah banget padahal sinyal data juga bagu...,neutral,negative,high,Strong negative (score:-16.0)
16690,gojek ini sangat membantu saran saya tolong perbaikan peta posisi driver karena peta dan destinasi waktu yang ada di apl...,positive,negative,medium,Negative (score:-2.6)
16691,sangat membantu dan memudahkan keseharian kita untuk berpergian dan mncari cemilan,positive,negative,medium,Negative (score:-2.6)
16693,ini kenapa kenapa setelah checkout tapi tidak dapat memuat harga sudah lambat dari akhir desember smpe sekarang saya tid...,negative,positive,medium,Positive (score:2.0)
16702,aplikasi sudah bagus tapi ribet tiab mau ganti hp buka di baru karena ada pin segala dan pin selalu lupa dan berakhir tr...,negative,positive,medium,Positive (score:3.9)
16703,kenapa sekarang gojek tidak bisa memesan lebih dari pengemudi secara bersamaan karena pemesanan saya untuk anak sekolah ...,positive,neutral,medium,Neutral (score:-1.0)
16707,go food dengan restauran supernya yang tidak bisa batal pesan memaksa konsumen utk beli produk pengalaman buruk saya tgl...,negative,positive,high,Strong positive (score:6.5)
16716,saya transfer gopay ke merchant qris keterangan nya transfer berhasil tapi nyatanya tidak masuk ke merchant qris nya sud...,negative,positive,medium,Positive (score:2.0)
16718,biaya trnsportasi lumayan murah dibanding yang lain pengemudi nya juga cpt sama ramah,positive,neutral,medium,Neutral (score:0.0)
16722,sejak ada dua cara pencarian pengemudi cepat dan biasa kami kurang puas karena kalau yang pencarian biasa sangat lambat ...,negative,positive,high,Strong positive (score:11.7)
16738,bagus buat perjalanan tidak bikin ribet,neutral,positive,high,Strong positive (score:6.5)
16739,terimakasih gojek sangat membantu dan membuat urusan kami jadi lancar tapi kami sekarang diminta update tapi selalu gaga...,positive,negative,medium,Negative (score:-3.9)
16745,biaya antar makin mahal ada biaya pelayanan juga rb promosi jarang diskon apalagi ya sudah beli offline aja,neutral,negative,medium,Negative (score:-2.0)
16746,suka eror sekarang harga nya suka naik males,positive,neutral,medium,Neutral (score:0.0)
16751,aplikasinya sangat bagus bisa pesen go food dan pengemudi dengan cepat sekali,positive,negative,high,Strong negative (score:-8.0)
16773,sedih tiba tiba tidak bisa di pake aplikasi nya karena terdeteksi pemakaian yang tidak biasa alasannya tidak jelas kuran...,negative,neutral,medium,Neutral (score:-1.3)
16786,saya menggunakan aplikasi gojek sejak tahun saya akan ubah rating menjadi rating karena keluhan dan laporan saya terhada...,negative,neutral,medium,Neutral (score:1.0)
16797,seller sama customer jangan aji mumpunglah jangan mau penjualan bagus aja tidak mikirin bahaya si driver pesan bubble wr...,positive,neutral,medium,Neutral (score:-1.3)
16799,sejauh ini aman aja jujur aplikasinya bagus dan amat sangat membantu tapi akhir ini knpa gofood pas di saya tidak bisa d...,positive,neutral,high,"Mixed sentiment (pos:1, neg:1)"
16801,aplikasi gojek sangat membantu dalam menjalani rutinitas sehari hari saya saya bisa dengan mudah memesan transportasi ma...,positive,negative,high,Strong negative (score:-7.8)
16806,so far so good pernah chat menu bantuan utk request refund gopay karena gagal daftar paket internet customer service nya...,positive,negative,medium,Negative (score:-3.0)
16812,aplikasi yng sangat bagus karena saya lebih mudah dalam pemesanan karena saya harus bekerja jauh dari rumah banyak bonus...,positive,negative,medium,Negative (score:-2.6)
16813,saya update gojek yang baru kenapa point saya hilang ya padahal lumayan point sudah lebih dan belum sempat ditukarkan ap...,negative,positive,medium,Positive (score:2.0)
16817,sangat membantu sekali di setiap perjalanan,positive,negative,medium,Negative (score:-3.2)
16829,kadang ada go jek yng marah tidak ketemu alamat aneh emng tidak bisa lihat kah lokasi kita di hp nye tetapi tidak semua ...,neutral,negative,high,Strong negative (score:-7.8)
16830,pelayanan enak datang tepat waktu aman tidak ngebut pembayaran juga ok bisa cash dan pake gopay pengemudi nya juga sopan...,positive,negative,high,Strong negative (score:-4.0)
16831,kenapa akhir ini gojek aplikasi nya tidak jelas yaa sering trouble saya ingin membayar di gopay pinjam tapi tidak bisa t...,negative,neutral,high,"Mixed sentiment (pos:1, neg:1)"
16849,app terburuk yang bener saja mau masuk ke akun tidak bisa no dag ilang bertahun eh di suruh inget dan kasi no lambat log...,positive,negative,medium,Negative (score:-2.6)
16850,keseluruhan sih ok cuman yang saya tidak suka kenapa dikit dikit harus update aplikasi bayangin jika kita lagi keburu at...,negative,neutral,high,"Mixed sentiment (pos:2, neg:2)"
16853,kemudahan pembayaran tagihan anda kini jadi lebih cepat cukup dari satu aplikasi tanpa ribet go pay memperkenalkan go bi...,positive,neutral,medium,Neutral (score:0.0)
16854,kenapa di transaksi saya selalu bertuliskan belum selesai padahal akun saya baik baik saja mengirim ulasana pengaduan ju...,negative,positive,high,Strong positive (score:9.0)
16858,untuk saat ini sangat membantu,positive,negative,medium,Negative (score:-2.6)
16862,pengemudi ramah pesanan selalu tepat drivernya peka tidak seperti aplikasi sebelah yang drivernya tidak ramah,negative,neutral,medium,Neutral (score:0.0)
16863,sangat membantu mudah log in nya mudah pesannya pokoknya sangat membantu ditingkatkan lagi supaya makin mudah,positive,negative,medium,Negative (score:-2.6)
16865,min kenapa iklan gojek suka muncul tiba saat saya buka hp bagaimana cara ngilanginnya ngeganggu banget,neutral,positive,medium,Positive (score:2.6)
16877,sangat membantu tapi mohon di perhatikan lagi buat yang di pedesaan supaya diambil juga orderanya kebanyakan di cancel i...,positive,neutral,high,"Mixed sentiment (pos:1, neg:1)"
16879,klo disuruh update terus lama hp saya gacukup memorinya,neutral,negative,medium,Negative (score:-2.0)
16885,ini admin tolong banget dibaca atau diperbaiki apknya setiap kali mau nge pesan suka eror sendiri pas tukang ojeknya sud...,neutral,positive,medium,Positive (score:2.6)
16891,jika terdapat menu untuk chat langsung dengan call centre lbh memudah kan dlm mngutarakan komplain saya rasa pertanyaan ...,negative,neutral,medium,Neutral (score:-1.0)
16892,dulu okew ja bagus apl nya akhir ini jarang pake malah eror klik aplnya langsung keluar gitu,neutral,positive,medium,Positive (score:3.0)
16901,ko mahal lagi di kasih bintang padahal kemarin sudah murah kadang kadang diskon jadi bagaimana sih saya serring pakai pa...,positive,negative,medium,Negative (score:-2.0)
16904,kadang saat hujan aplikasi suka eror saya yang tadinya cuman mesen satu jadi ke otomatis jadi mesen dua sayanya jg yang ...,neutral,positive,high,Strong positive (score:4.0)
16905,sangat simple dan mudah digunakan semoga dana prakerja saya cepat cair melalui gopay,positive,neutral,medium,Neutral (score:0.0)
16914,setelah lambat tidak pake apk ini coba donlot lagi login dengan nomor lambat tapi sulit utk masuknya kira kenapa ya,negative,neutral,high,"Mixed sentiment (pos:1, neg:1)"
16916,indikasi kena hack pelaporan lah setelah itu semuanyaa diblokir gopay diblokir paylater diblokir tapi harus pembayaran d...,negative,neutral,high,"Mixed sentiment (pos:1, neg:2)"
16918,sangat amat membantu untuk anak rantau yang tidak bawa kendaraan,positive,negative,medium,Negative (score:-3.2)
16921,sangat membantu tapi tolong utk gocar yang ac nya tidak dingin agar bisa di peringatkan agar penumpang nyaman,positive,negative,high,Strong negative (score:-5.2)
16924,bad service memang gojek menguntungkan dan mempermudah penjual dengan gofoodnya dan para pengemudi dimanjakan dengan gof...,negative,positive,high,Strong positive (score:6.4)
16928,apk a shi oke saja tapi kalo apa hrus di update kenapa agak susah ya dan kenapa sekarang konsumen sudah tidak dpat point...,neutral,positive,medium,Positive (score:3.9)
16934,aplikasinya memudahkan untuk kaum kaum mager zaman sekarang kalau misalnya pengen pesan makanan atau juga pengen jalan j...,positive,negative,medium,Negative (score:-3.2)
16937,gojek mahal beli makan masih murah si oranye beli belanjaanmart masih murah ijo sebelah pergi kemana naik motormobil mas...,positive,negative,medium,Negative (score:-2.0)
16939,tolong ya utk iklan apapun tentang gojek jgn pernah muncul lg karena sangat mengganggu apalagi ketika saya sedang chat n...,neutral,positive,medium,Positive (score:3.9)
16943,awl rutenya pling dekat sudah benar sekrang dipilihkan rute jauh tetapi takutnya pengemudi milih rute dekat jadi rugi se...,neutral,negative,medium,Negative (score:-2.0)
16962,suka banget kecewa sama pembayaran kalau lewat gopay atau paylater driver asalan saya sering skali nemu pengemudi yang t...,negative,neutral,medium,Neutral (score:-1.3)
16965,benar benar sangat membantu banget sih aplikasinya terus kembangkan ya good job,positive,negative,medium,Negative (score:-3.2)
16976,maaf saya kasih bintang dulu sih asik pake gopay tapi sudah bulan ini setiap isi saldo pasti bermasalah masuk nya lambat...,negative,neutral,high,"Mixed sentiment (pos:1, neg:1)"
16981,tolong akun saya dihapus karena saya tidak akan menggunakan aplikasi ini lagi mohon email saya ditanggapi permasalahan s...,positive,negative,medium,Negative (score:-2.0)
16984,sip bagus aplikasinya sangat membantu tapi sayangnya tidak bisa di upgrade padahal akun sudah gunta ganti akun,positive,neutral,high,"Mixed sentiment (pos:1, neg:1)"
16994,sangat membantu bangeut,positive,negative,medium,Negative (score:-2.6)
16995,sangat memuaskan mempermudah tujuan,positive,negative,medium,Negative (score:-3.9)
17000,sangat bermanfaat untuk gofood bagaimana cara membedakan mercant yang hallal atau tidak hallal jadi suka was was khawati...,positive,negative,medium,Negative (score:-2.6)
17006,banyak pengemudi menggunakan akun palsu photo di aplikasi berbeda dengan wajahnya jadi merasa tidak nyaman beda dengan g...,negative,neutral,medium,Neutral (score:0.0)
17011,sip dulu tapi sekarang pesan food agak mahal sekali kasih promosi buat pelanggan lambat,negative,positive,medium,Positive (score:3.9)
17014,aplikasi yang sangat berguna bisa buat apa aja penangan komplain jg sangat cepat banyak promosi nya jadi lebih hemat,positive,negative,medium,Negative (score:-2.6)
17020,tidak semua pengemudi mengecewakan kalau yang terakhir ini mah jempoll,negative,positive,medium,Positive (score:3.0)
17022,yang hilang dari gojek saat ini adalah gotiket jadi kaga bisa lagi dah buat pesan tiket bioskop hadehh padahal membantu ...,neutral,positive,medium,Positive (score:2.6)
17033,suka banget pake gojek selalu ada promo tapi kecewa selalu susah dapet driver pernah pesen gofood sejam baru dapet drive...,neutral,negative,medium,Negative (score:-3.9)
17038,sangat nyaman dan membantu sekali semoga bisa hadir dilebih banyak kota semangat,positive,negative,high,Strong negative (score:-6.4)
17042,suka si pake gojek biasanya tunai dan tidak ada masalah tapi sekrng mau lebih praktis pake gopay dan tiap kali pake gopa...,negative,positive,medium,Positive (score:2.6)
17047,aplikasi sangat membantu dalam transportasi perjalanan kmn pun akan jadi mudah,positive,neutral,medium,Neutral (score:0.0)
17055,secara keseluruhan baik tetapi kadang pengemudi meminta batal padahal kita sudah naik dan diantar sesuai pesanan bahkan ...,positive,neutral,high,"Mixed sentiment (pos:1, neg:1)"
17063,semenjak ada aplikasi gojek semua jadi mudah mulai dari transportasi hingga belanja sekalipun sikap dan sifat semua peng...,positive,neutral,medium,Neutral (score:0.0)
17064,good sangat membantu ongkos gofood cuma ribu sangat murah padahal ngantri beli makanannya bisa lebih dari satu jam tapi ...,positive,negative,medium,Negative (score:-2.6)
17069,pesen gofood sudah nunggu satu setengah jam baru dapet pengemudi hbis tu nunggu lagi menit tiba tiba pesanan di batalkan...,negative,positive,medium,Positive (score:2.6)
17071,buat pt goto tolong kalo bikin system jangan aneh sudah mahal dapat driverny jauh lagi pada di batal karena posisi penge...,negative,neutral,medium,Neutral (score:0.0)
17072,sangat membantu sebagai sarana transportasi,positive,negative,medium,Negative (score:-2.6)
17074,pelayanan yang kurang ramah dan meminta tip secara paksa keterlambatan waktu dan berbicara kotor,negative,neutral,medium,Neutral (score:1.0)
17083,terima kasih gojek aplikasi dangat membantu saya untuk tiba ke tempat yang saya tuju dengan aman cepat dan juga murah,positive,negative,high,Strong negative (score:-4.0)
17084,lebih mudah daftar masuk nya tidak pakai ribet thx yaa smg trs mempermudah semuanya jgn di bikin ribet yaa biar tambah j...,negative,positive,medium,Positive (score:2.6)
17088,tarifnya tidak jelas tidak hujan tidak macet tidak mendung kena lonjakan hmm ya sudahlah,neutral,positive,medium,Positive (score:2.0)
17099,sangat membantu tapi tolong kenapa ya kadang ongkirnya murah kadang mahal tolong penjelasannya untuk selain itu sudah ba...,positive,neutral,high,"Mixed sentiment (pos:1, neg:2)"
17101,balikin paylater saya saya tidak pernah telat bayar malah selalu rajin pakai paylater eh malah di blokir tanpa alasan di...,negative,positive,high,Strong positive (score:5.0)
17107,mohon maaf sebelum nya saya mau komplen masalah transaksi pakai gopay saya belanja di alfamart dng total dan saldo saya ...,neutral,negative,high,Strong negative (score:-4.0)
17113,pada saat memesan untuk di aplikasinya proses pemesananya tidak update pada saat sampai di lokasi saya tidak terupdate d...,neutral,negative,medium,Negative (score:-3.0)
17119,keseluruhan baik hanya saja kenapa go car sering mahal sering promosi ya,positive,neutral,high,"Mixed sentiment (pos:1, neg:1)"
17122,sekarang gojek payah tidak ada lagi voucher gofood,neutral,negative,medium,Negative (score:-3.0)
17124,pengalaman pribadi pengemudi tidak sabaran sebab salah pencet pesan sama anak saya dan saya masih sibuk nyetir di jalan ...,negative,neutral,high,"Mixed sentiment (pos:1, neg:1)"
17126,bagus up saldo go pay sulit di masa pandemi seperti ini coba agar bisa dihubungkan ke aplikasi dompet online lainnya,neutral,positive,medium,Positive (score:3.0)
17132,sangat oke sekali,positive,negative,medium,Negative (score:-3.2)
17133,aplikasi yang sangat membantu kami terutama di jakarta nyaman aman dan terjamin agar dipertahankan terutama dalam rekrut...,positive,neutral,medium,Neutral (score:0.0)
17134,saya sering pesen gocar pagi pagi untuk antar nenek tapi saya tidak tahu kenapa selalu saja di batalkan padhal untuk har...,negative,positive,medium,Positive (score:2.6)
17139,aku pernah pesen go food karena ada voucer gratis rb trus saya pesen makan dan total membayar tunai rb tidak tau kenapa ...,neutral,negative,medium,Negative (score:-2.0)
17140,sangat membantu untuk melakukan kegiatan belanja tanpa harus keluar rumah dan aplikasi sangat mudah di pahami,positive,negative,high,Strong negative (score:-5.2)
17145,kalau bagus up saldo gopay masuk nya lambat org mau pesan jadi lambat nungguin saldo masuk saja,negative,neutral,medium,Neutral (score:-1.0)
17156,sangat bagus aplikasinya ini menjadi lebih mudah untuk kebutuhan sehari hari untuk mesen apa saja kita bisa,positive,neutral,medium,Neutral (score:-1.3)
17159,suka memudahkan dalam segala hal sayang go shopnya agak sulit dapat driver,positive,neutral,high,"Mixed sentiment (pos:1, neg:1)"
17162,gojek suka aneh kalo ngasih pengemudi suka jauh dari titik jemput bikin makan waktu kalo lagi buru buru,positive,neutral,medium,Neutral (score:0.0)
17169,saran untuk fitur gofood adain fitur batal juga kasian buat yang sudah pesan tapi lupa pakai voucher jadi harganya kemah...,neutral,negative,medium,Negative (score:-2.0)
17175,aplikasi ini mudah di akses apalagi proses upgrade gopay plus nya juga cepet bagus banget pokoknya mah,positive,neutral,medium,Neutral (score:-1.3)
17176,kurang puas sangat susah untuk mencari pengemudi di jam sibuk,negative,positive,high,Strong positive (score:5.2)
17177,perusahaan besar dengan mitra sebagaian besar buruk tolong lebih selektif lagi dalam memilih mitradriver kebanyakan saya...,negative,positive,medium,Positive (score:3.0)
17181,aplikasi yang sangat bagus masak mau pesen go ride tidak bisa tulisannya lokasi tidak terdeteksi kalo mau buat aplikasi ...,positive,negative,medium,Negative (score:-3.9)
17189,akun saya tiba diblokir sedangkan saya tidak melakukan penyelewengan ketentuan apapun ketika dihubungi call centre jawab...,negative,positive,medium,Positive (score:2.6)
17195,kacau benar komplain saldo gopay hari tidak kelar hati dengan saldo go pay anda satu id transaksi bisa terpotong sampai ...,negative,positive,medium,Positive (score:3.9)
17198,sangat bagus sekali memudahkan ibu yang ingin menikmati makanan tanpa harus pergi ke tempat penjualnya tapi tolong di te...,positive,negative,high,Strong negative (score:-4.8)
17212,bagus saya suka dengan aplikasi ini sangat membantu keluarga saya suka bnget dengan apli kasi in siapa yang bilang aplik...,positive,negative,high,Strong negative (score:-6.4)
17213,bagus kalau bisa untuk perpanjang stnk untuk kota sumut diadakan biar mmpermudah dan trhindar dari calo yang buat org ma...,positive,neutral,medium,Neutral (score:1.0)
17216,tolong dong ini apknya sisa banget buat daftarnya saya sudah coba teru dengan nomor lambat amat terus akhirnya gabisa to...,negative,positive,medium,Positive (score:3.2)
17219,tidak direkomendasikan banget gojek musim hujan sangat sangat buruk pelayanan lama mencari pengemudi bisa hingga menit s...,negative,positive,high,Strong positive (score:22.4)
17225,metode pencarian pengemudi utk gofood yang sangat buruk makanan di resto sudah jadi dari jam siang dan siap antar tapi p...,negative,positive,high,Strong positive (score:4.8)
17233,mantap sangat membantu tapi ada kekurangannya p t gi harus berikan voucher go ride terus jgn kalah sama tetangga sebelah...,positive,neutral,high,"Mixed sentiment (pos:1, neg:1)"
17235,sudah lambat pakai aplikasi gojek dan biasanya lancar kenapa seminggu ini setiap mau pesan selalu ngeblank dan tidak bis...,negative,neutral,medium,Neutral (score:0.0)
17238,sangat bagus sekali aplikasi gojek rugi klw tidak memakai aplikasi ini apalagi skrang ada program prakerja baik sekali u...,positive,neutral,medium,Neutral (score:0.0)
17240,sangat membantu baik pengemudi maupun castamer cuman satu sayang seribu sayang untuk potongan pajak yang di ambil terlal...,positive,negative,high,Strong negative (score:-6.5)
17250,sangat membantu yang pertama dr bidang trans y terus bisa menabung juga sangat bagus,positive,negative,high,Strong negative (score:-6.5)
17253,tidak ramah marah karena map tidak sesuai rute tujuan tdk bertanya,negative,neutral,medium,Neutral (score:1.0)
17255,sangat cepat dalam menangani complain dan memberi solusi yang sesuai,positive,negative,medium,Negative (score:-2.6)
17256,tae harus nya saya dapat cash back masa tidak ada yang masuk segini banyak transaksi lumayan kan cash back beberapa rest...,neutral,positive,medium,Positive (score:2.0)
17260,sudah cukup bagus dan sangat membantu d saat tertentu hanya respon pengemudi mungkin harus d tingkatkan utk lebih respon...,positive,neutral,high,"Mixed sentiment (pos:1, neg:1)"
17261,sebenernya pake apk ini aman aman saja tapi akhir akhir ini saya scan qris tapi selalu gagal mohon di fix bug nya,positive,negative,medium,Negative (score:-3.0)
17265,dapet membantu sekali pas tidak bisa keluar rumah pesan gofood tapi disconnya kurang bnyak,positive,neutral,high,"Mixed sentiment (pos:1, neg:1)"
17266,sangat sangat buruk pengemudi malas dan pernah saya sudah menunggu lambat dan akhirnya di minta pengemudi untuk mengcanc...,negative,neutral,medium,Neutral (score:1.3)
17270,terima kasih telah dilayani dengan baik oleh pengemudi meski bawa tas koper besar diangkatkan tas saya diturunkan di rum...,positive,neutral,medium,Neutral (score:0.0)
17273,ah males ah setiap buka gofood ngelag teruss malesin aja,neutral,negative,medium,Negative (score:-2.0)
17279,senang sekali dengan aplikasi ini bisa melakukan pengiriman dan penarikan dengan sangat mudah walaupun fungsi lainnya ma...,positive,neutral,medium,Neutral (score:1.6)
17280,apk gojek semakin tidak jelas buruk apk ini,negative,positive,medium,Positive (score:3.0)
17288,sekarang tarif mahal bgt ga ad voucher paketan lagi sementara langganan yang disebelah dulu yg byk promonya,neutral,negative,medium,Negative (score:-2.0)
17290,setelah di update sekarang di klik malah suka hang tidak mau berubah,negative,positive,medium,Positive (score:2.0)
17291,ini kenapa ya aplikasinya jadi susah diakses jaringan bagus buat buka youtube ig dll lancar tapi kenapa cuma buka gojek ...,positive,negative,medium,Negative (score:-3.9)
17315,tolong gojek saya sudah bagus up gopay untuk pembayaran penting tapi saat saya mau kirim harus upgrade dulu pas saya upg...,negative,neutral,high,"Mixed sentiment (pos:1, neg:1)"
17318,ngelag saat menekan chat resto,neutral,negative,medium,Negative (score:-2.0)
17319,mohon untuk pengemudi gocar di daerah manapun tolong apabila jaraknya dekat dan jarak yang di tempuh lumayan dekat mohon...,negative,neutral,medium,Neutral (score:0.0)
17326,lebih mudah lebih simple dari apk yang sebelumnya mantabb sukses selalu goo,positive,neutral,medium,Neutral (score:-1.0)
17328,sangat bagus dan membantu untuk semua pembayaran via bank atau yang lainya bagus,positive,negative,medium,Negative (score:-2.6)
17333,register mudah proses upgrade juga cepat mantap,positive,negative,medium,Negative (score:-3.0)
17334,bagus tapi pas mau update ke gopay plus berasa jengkel pengen uninstal masak ktp ku dibilang rusak padahal sudah e ktp m...,negative,neutral,high,"Mixed sentiment (pos:1, neg:1)"
17337,aplikasi sangat mudah digunakan terpercaya respon layanannya juga sangat cepat,positive,negative,high,Strong negative (score:-5.2)
17342,bagus sih multifungsi tapi banyak menu yang diarahkan untuk menginstal aplikasi lain gopay jadi tidak praktis lagi,negative,neutral,high,"Mixed sentiment (pos:1, neg:1)"
17347,terimakasih sangat membantu,positive,negative,medium,Negative (score:-2.6)
17353,transportasi yang sangat membantu konsumen apalagi kalau pengemudi gojeknya sopan sopan dan ramah perusahaan bisa kasih ...,positive,neutral,medium,Neutral (score:0.0)
17355,aplikasi sampah mau check out gofood saja leleet banget sampai harus nunggu menit ntr giliran komplain disalahin sinyal ...,negative,positive,high,Strong positive (score:9.1)
17359,percuma laporan sampai berbusa bilangnya tidak usah kawatir terus cek saldo secara berkala tapi tetap saja tow saldo tid...,positive,neutral,high,"Mixed sentiment (pos:1, neg:1)"
17360,saya sekolah jadi telat terus gara gara nyari gojek nya yang bagus tapi jauh padahal ada yang dekat meskipun rate nya bu...,negative,neutral,high,"Mixed sentiment (pos:1, neg:1)"
17361,mohon admind grab kami sudh buat pesanan pas sudah jadi trnyata di cancel tolong di jadikan bahan buat lebih baik lagi t...,neutral,positive,medium,Positive (score:3.0)
17364,mohon maaf ni kenapa buat bagus up game lewat play store dengan sistem pembayaran gopay tidak bisa padahal saldo cukup t...,neutral,positive,medium,Positive (score:3.0)
17369,kenapa akhir akhir ini saya tidak mendapatkan diskon naik goride padahal sebelumnya saya sering sekali mendapatkan disko...,positive,negative,medium,Negative (score:-2.6)
17374,aplikasi ini sangat membantu cuman kenapa lambat banget masuk saldonya yaa masih kosong,positive,negative,high,Strong negative (score:-6.4)
17376,hp ke reset pas mau nyoba masuk internal error padahal sinyal wifi bagus nyoba pake internet hp juga te tep gabisaa,positive,neutral,medium,Neutral (score:1.0)
17386,aplikasi ini sangat bagus dan membantu tapi saat saya pindah ke batam di batam pengemudi gojek hampir merata tidak bisa ...,positive,negative,high,Strong negative (score:-6.5)
17388,aplikasi yang sangat buruk selalu lambat sewaktu mau pesan dan pengemudi banyak alasan untuk minta cancel begitu juga fo...,negative,positive,medium,Positive (score:3.9)
17392,bisa masuk ke gojek nya tapi pas mau pesan tidak bisa tulisannya disuruh aktifkan lokasi nya padahal sudah aktif saya pe...,negative,positive,medium,Positive (score:2.0)
17394,sangat terbantu dengan adanya gojek gopay terimakasih gopay bertransaksi pun tidak ruwet jadi mudah di gunakan untuk men...,positive,negative,high,Strong negative (score:-5.2)
17395,saya telah memakai aplikasi gojek ini sejak awal baru munculnya aplikasi online ini aplikasi gojek ini sangat membantu d...,positive,neutral,medium,Neutral (score:1.6)
17400,klo mau pesan gofood ongkosnya mahal k misalkan aku belanja harga lebih mahal ongkosnya dari pada makanannya,negative,neutral,medium,Neutral (score:0.0)
17407,sebelumnya untuk penggunaan saya jangka panjang di gojek baik baik saja namun mengapa akhir akhir ini sekitar bulan terk...,negative,positive,medium,Positive (score:2.6)
17410,sangat sangat mengecewakan sekali kenapa tidak ada pemberitahuan terlebih dahulu lewat email kalo memang hanya handpone ...,negative,positive,high,Strong positive (score:4.8)
17412,aplikasi yang sangat memuaskan untuk brpergian kmnapun dan dmnpun,neutral,negative,medium,Negative (score:-3.9)
17414,pelayanan nya ramah tapi kemarin saya dapet yang judes tapi gapapa yang penting sampai dengan tepat waktu suka banget pa...,positive,neutral,high,"Mixed sentiment (pos:1, neg:1)"
17426,aplikasi yang sangat membantu turut bangga karya anak indonesia maju terus,positive,negative,medium,Negative (score:-2.6)
17427,mohon maaf nih ya untuk upgrade go pay sudah nunggu hari kenapa masih tetep belum bisa ya katanya bakalan ada pesan tapi...,negative,positive,high,Strong positive (score:7.0)
17429,sangat senang pakai gojeg,positive,negative,medium,Negative (score:-3.9)
17430,kenapa kode promosi sekarang susah dipake harus belanja rb dulu br dapet promo tolong diperbaiki,neutral,negative,medium,Negative (score:-2.0)
17432,aplikasi sangat membantu aktifitas dan mobilitas saya sehari hari dan selalu siap kapan saja dimana saja terimakasih,positive,negative,medium,Negative (score:-2.6)
17435,kenapa ini mw dicancel tidak bisa ya saya jadi pesan dua kli yang satu klinya jadi tidak bisa di batal kn klau gni kasia...,negative,positive,medium,Positive (score:2.0)
17437,aplikasi yang sangat membantu sekali cepat banget no lola,positive,negative,high,Strong negative (score:-7.6)
17446,agak tidak efisien sih sebenernya awalnya gabisa bayar paylater kemudian saya bisa bayar tapi harus uninstall aplikasi d...,neutral,negative,medium,Negative (score:-3.0)
17454,sangat membantu tapi saya ingin bertanya kenapa saya tak bisa melakukan pembayaran firtual acount saya sudah mencoba ber...,positive,negative,high,Strong negative (score:-6.5)
17485,suka putus hilang kontak,neutral,positive,medium,Positive (score:2.0)
17486,kalo gofood pasti ada chat antara pengemudi dan pembeli contoh sudah minta jngan pakek jamur dimakanan saya bilang ya ta...,neutral,negative,medium,Negative (score:-2.0)
17488,sangat amat terbantu dengan aplikasi ini sukses selalu dan semoga terus berkembang menjadi lebih baik yo pakai produk an...,positive,neutral,medium,Neutral (score:0.0)
17494,karena saya sblmnya pernah di oprasi di bagian kepala dan saat ini tinggal masa pemulihan mata yang sebelahnya saja tlng...,negative,positive,medium,Positive (score:3.9)
17495,sangat membantu dalam segala transaksi praktis dan simpel,positive,negative,high,Strong negative (score:-5.2)
17515,go foodnya makin tidak asik ada biaya pemesanan minim promo ongkir makin mahal up dari harga aslinya juga makin kerasa,neutral,negative,medium,Negative (score:-3.0)
17527,banyak makanan yang di aplikasi harganya tidak sesuai kecewa saya,negative,positive,medium,Positive (score:3.0)
17536,apk ini bagus jadi gampang mau kemana mana terima kasih yang telah membuat aplikasi ini semoga sukses terus,positive,neutral,medium,Neutral (score:1.0)
17539,gojek aplikasi yang paling bisa di andalkan selama ini tapi kali ini aku kecewa saya ngaduin keluhn sejak semalam tapi t...,negative,positive,medium,Positive (score:2.6)
17540,tolong untuk para costumer bisakah memberi mereka tinggkat kepercayaan karena sangat sering para costumer membatalkan pe...,positive,neutral,medium,Neutral (score:0.0)
17544,pengambilan pesanan pengantarannya cepat serta drivernya ramah,positive,neutral,medium,Neutral (score:0.0)
17555,sangat bagus proses upgrade cepat untuk buat kartu prakerja,positive,neutral,medium,Neutral (score:-1.3)
17561,jo adalah cerdikiawan jo adalah cerdikiawan jo adalah cerdikiawan dia pakai go ride agar shock motornya tidak rusak yang...,negative,positive,medium,Positive (score:3.9)
17566,sangat membantu sekali semoga tambah sukses,positive,negative,high,Strong negative (score:-8.0)
17571,sangat menyenangkan dan puas banyak diskon kita cukup dirumah saja pelayanan luar biasa,positive,negative,medium,Negative (score:-3.9)
17578,dengan nadanya gojek sangat membantu dalam beraktivitas,positive,negative,medium,Negative (score:-2.6)
17586,aplikasinya bagus sangat membantu kami ibu ibu yang perlu bepergian tapi tidak bawa kendaraan buat antar jemput anak ana...,positive,neutral,high,"Mixed sentiment (pos:1, neg:2)"
17594,tolong ditingkatkan lagi waktu pesan belum apa suka otomatis kepencet harusnya ada konfirmasi sebelum pesan memastikan k...,neutral,negative,medium,Negative (score:-2.0)
17601,makin tidak jelas lambat lambat gojek masa suruhbnungguin pengemudi drop penumpang dlu kan tolol,negative,positive,high,Strong positive (score:4.0)
17611,harga perjalanan jangan ter lalu mahal di banding aplikasi yang lain nya dng km perjalanan,negative,positive,medium,Positive (score:2.0)
17632,baru jam malam mau pesan go food sampai setengah jam tidak dapet pengemudi padahal apk baru kupebarui terus drivr nya ya...,negative,positive,medium,Positive (score:2.0)
17636,semoga semakin sukses,positive,negative,medium,Negative (score:-3.0)
17639,sangat membantu disaat urgent tapi tarifnya tambah mahal,positive,negative,high,Strong negative (score:-5.2)
17643,sangat bagus aplikasinya memudahkan kebutuhan akan transportasi di era digital ini,positive,negative,medium,Negative (score:-3.9)
17645,saya senang dengan aplikasi ini biasanya saya memakainya untuk pesan makanan selain pengantarannya cepat juga kualitas m...,positive,neutral,medium,Neutral (score:1.0)
17650,sepertinya setiap pengantaran semakin lambat kalau dilihat dari pantau di aplikasi restonya dimana pengemudi nya datang ...,negative,positive,medium,Positive (score:2.0)
17655,sangat membantu dikala males bawa kendaraan sendiri atau mager nyari makan,positive,negative,medium,Negative (score:-2.6)
17657,saya tidak dapat menggunakan voucher saya dengan baik tadi seharusnya ketika menggunakan voucher harga jadi ribu tapi ke...,positive,negative,high,Strong negative (score:-5.0)
17659,aplikasi gojek sangat bagus dapat memesan makanan lewat aplikasi online jujur sangat puas saat memakai aplikasi ini tapi...,positive,negative,high,Strong negative (score:-14.4)
17665,ini bagaimana si saya isi saldo k ko belum masuk masuk bagaimana si rugi ini klo niat buat app gopay tuh diurusin yang b...,negative,positive,medium,Positive (score:2.0)
17668,aplikasi yang sangat membantu kebutuhan masyarakat dari segala kalangan begitupun buat pengemudi nya jam kerja yang begi...,positive,negative,medium,Negative (score:-2.6)
17670,ribet harga mahal trus gopay klu sudah diisi susah ditarik lagi bagus yang sebelah transaksi pake ovo jadi tidak rugi kl...,negative,positive,medium,Positive (score:3.9)
17671,pagi gojek sya mau blng ini ongkos ny kalau dekat jngn mhl y masak y iskandar muda ke gajah mada rb sementara grab bike ...,positive,neutral,medium,Neutral (score:0.0)
17672,belakangan ini tiap pesan go food susah cari pengemudi nya tidak bisa batal juga karena resto sudah prepare dapetnya set...,negative,positive,medium,Positive (score:2.0)
17677,kenapa belakangan ini sering terjadi pesanan ganda jadi salah paham sama drivernya sampai marah drivernya gara pesanan g...,neutral,negative,medium,Negative (score:-3.0)
17683,kendala gofood misalnya tidak sengaja kepencet pesan tapi gabisa batal dan gabisa chat resto kelamaan nunggu antara maka...,negative,positive,medium,Positive (score:2.0)
17688,sangat membantu saya dalam perjalanan dan untuk membeli makan terimakasih sudah menciptakan aplikasi ini,positive,negative,medium,Negative (score:-2.6)
17693,promosi kurang banyak,positive,neutral,medium,Neutral (score:-1.0)
17696,tolong tingkatin lagi pengemudi untuk memiliki sopan santun sama etika terus juga harus ramah jangan ad yang bikin kesal...,positive,negative,high,Strong negative (score:-5.0)
17699,pencarian alamat online tidak tepat dengan titik koordinat atau pengemudi nya yang kurang pengalaman sudah bayar mahal m...,negative,neutral,medium,Neutral (score:-1.3)
17701,kecewa bgt apalagi sama gopay awalnya promosi pembayaran itu bisa dipakai giliran sudah bagus up dan menunggu transaksi ...,positive,neutral,medium,Neutral (score:0.0)
17705,cukup lambat untuk menginstal tapi bagus juga saya dpt voucher mulu tiap belanja,positive,neutral,high,"Mixed sentiment (pos:1, neg:1)"
17710,sangat mudah dan nyaman,positive,negative,high,Strong negative (score:-5.2)
17711,untuk perjalanan macam ojek atau taxi terbaik cuma untuk pesan antar makanan payah drivernya sudah pada kaya gamau nerim...,negative,positive,medium,Positive (score:2.6)
17716,alhamdulillah sangat membantu tapi min saya mau tanya kenapa saya tidak bisa upgrade ke premium ya tiap kali mau foto kt...,positive,negative,medium,Negative (score:-2.6)
17719,setiap transaksi pembelian selalu sukses tetapi kenapa waktu pembelian pulsa yang terakhir status dalam proses sampai ha...,negative,neutral,high,"Mixed sentiment (pos:1, neg:1)"
17722,yeiy cinta banget deh sama aplikasi milik anak negeri ini para pengemudi juga lebih gercep lebih respect penampilan para...,positive,neutral,high,"Mixed sentiment (pos:2, neg:2)"
17732,pelayanan yang sangat buruk untuk para cs nya saya sudah melapor beberapa kali tapi gaada sama sekali permasalahan saya ...,negative,positive,high,Strong positive (score:6.4)
17741,gofood susah sekali dapat driver tolong di perhatikan penyebabnya agar lebih nyaman,neutral,negative,high,Strong negative (score:-5.2)
17747,ngebantu bngt kalo tidak ada yang ngaterin untuk berangkat sekolah atau keluar rumah kekurangan nya kadang setiap pesan ...,positive,neutral,medium,Neutral (score:0.0)
17748,halo admin go jek saya masih belum bisa memberikan rating karena belum mencoba layanan dari gojek karena di kota saya be...,neutral,negative,medium,Negative (score:-2.0)
17751,aneh bgt kenapa saya gabisa batal pesanan saya sudah nunggu lambat banget drivernya tidak jalan malah gabisa dicancel,negative,neutral,medium,Neutral (score:0.0)
17752,mudah dan sangat membantu,positive,neutral,medium,Neutral (score:0.0)
17753,sangat membantu saya yang tidak bisa bersepeda jauh juga bisa mencoba semua kuliner di seluruh kota saya,positive,negative,medium,Negative (score:-2.6)
17761,internet katanya mati padahal lancar buat youtuban sudah dicek kuota juga masih aman bugnya buruk sih tolong diperbaiki ...,positive,neutral,medium,Neutral (score:-1.0)
17770,kemarin saya membeli makan pakai gofood pada waktu itu saya pesen nasi ayam bakar dan es jeruk pas abang gofood nya date...,negative,positive,medium,Positive (score:3.9)
17774,apk gojek sangat membantu belanja online sangat memudahkan dlm pembanyaran semoga ke depannya lebih banyak voucer belanj...,positive,negative,medium,Negative (score:-2.6)
17776,agak kurang senang sih sekarang di jalan pengguna gojek kyk ugal ugalan dan emosian padahal salah dia sendiri,neutral,negative,medium,Negative (score:-3.0)
17779,kadang mahal bgt kadang murah bgt tengah saja deh,positive,negative,medium,Negative (score:-2.0)
17787,saya pesan goride sedang dlm proses mengantar lalu saya buka aplikasi tidak bisa di buka keterangan nya aplikasi sudah d...,negative,positive,medium,Positive (score:2.0)
17789,saya top up gopay k di aplikasi nya dibilang selesai tapi malah nominalnya tidak berubah ini aplikasi makin hari makin b...,negative,neutral,high,"Mixed sentiment (pos:1, neg:1)"
17798,alhamdulilah dengan ada nya transfortasi ini saya merasa terbantu mau kerja dan lainnya bs cepet dan di anter jemput jg ...,positive,negative,medium,Negative (score:-3.9)
17802,lokasi drivernya jauh banget jadi lambat nunggu padahal aplikasi juga sudah update dan koneksi internet juga bagus disek...,neutral,negative,high,Strong negative (score:-6.5)
17807,klo menurut q gojeg membantu sekali tpi kadang bikin kesal juga antara penjemputan agak lambat pesan makanan tidak sesua...,neutral,positive,high,Strong positive (score:5.2)
17809,bagus sih cuma kenapa ini woy tidak bisa tersambung ke data seluler pliss sudah hapus data sudah di apa apain gabisa tol...,neutral,positive,medium,Positive (score:3.0)
17813,ini kenapa ya aplikasi gojek saya kl chat ke pengemudi ko masuknya ke sms yah tidak masuk ke chat via kuota sudah saya u...,neutral,positive,medium,Positive (score:2.6)
17814,sangat berguna tanpa harus cape cari kendaraan terlebih klo sedang lapar tapi mager hanya minta tolong penjual makanan h...,negative,positive,high,Strong positive (score:6.5)
17817,x sudah dalam bulan ini saya ingin bayar pakai qris gopay selalu gagal pertama saya mau bayar kfc saya ada saldo digopay...,negative,neutral,high,"Mixed sentiment (pos:2, neg:2)"
17823,pesanan go food dibatalkan aplikasi secara sepihak dengan alasan tak ada driver padahal sudah lapar menunggu sangat lamb...,negative,positive,medium,Positive (score:2.6)
17830,berikan tindakan tegas sama pengemudi yang batal pesanan jangan cuma turun pervorma doang kasi kemudahan buat pengemudi ...,negative,neutral,high,"Mixed sentiment (pos:3, neg:3)"
17845,buruk aplikasi suka bermasalah kendala lah tidak bisa diandelin sudah adminya gede sikit voucher diskon,positive,neutral,medium,Neutral (score:-1.0)
17856,sudah lambat tidak buka gojek iseng buka lagi eh ternyata sekarang ngadain promosi gedean lagi terima kasih untuk diskon...,positive,negative,medium,Negative (score:-2.0)
17862,setelah update aplikasi saya jadi tidak bisa pesen gofood go car sama layanan yang lainnya pasti saja keterangannya sela...,negative,neutral,medium,Neutral (score:0.0)
17866,kenapa pas saya cari makanan mau ngetik harus ada koneksi internetnya padahal bagus sinyal nya pas saya carikok gojek ny...,neutral,positive,medium,Positive (score:3.0)
17872,terbantu dan sangat memuaskan perbanyak disc dan kurangi harga nya,positive,negative,medium,Negative (score:-3.9)
17879,bagus abis tinggal sinyal saja yang perlu di tingkatkan kl pesan kadang lambat nyambung,positive,neutral,medium,Neutral (score:1.0)
17880,sudah lambat saya pake gojek tapi baru semalem saya merasa bingung dan aneh karena saya tidak merasa pesan gojek tiba ti...,negative,neutral,high,"Mixed sentiment (pos:1, neg:2)"
17882,bagaimana sih padahal sudah kenapa malah disuruh download lagi maaf ya kuotaku limited sangat kecewa karena downloadnya ...,negative,positive,medium,Positive (score:3.9)
17884,sangat membantu sekali disaat diperlukan,positive,negative,medium,Negative (score:-3.2)
17889,beberapa waktu suka blank apalagi kalau lagi urgen pesan makanan dan gosend tolong dong di perbaiki,neutral,positive,medium,Positive (score:2.0)
17894,proses upgrade yang sangat sulit sudah x upgrade tapi gagal alasan gagal ada aja padahal untuk syarat prakerja sangat ne...,negative,neutral,high,"Mixed sentiment (pos:1, neg:1)"
17895,saya pernah coba untuk pesan tiket bolioskop saya kan tinggal di kediri nah tapi kotanya tidak ada di daftar mohon untuk...,positive,neutral,medium,Neutral (score:-1.0)
17898,makasih go food partner ku tidak bisa pesan ulang pesanan yang mau saya ganti bikin rugi aja tidak akan lagi saya pake g...,negative,positive,medium,Positive (score:2.0)
17899,sangat membantu sekali dan perjalanan semakin cepat dan tepat waktu terimakasih gojek,positive,neutral,medium,Neutral (score:0.0)
17901,apik enyak nyaman tenan tapi aplikasinya kurang puas update lokasinya lambat pooll gojeknya suka nyasar ke tempat yang s...,negative,positive,high,Strong positive (score:4.0)
17902,ops server sedang bermasalah terus kenapa ya saya tidak bisa lagi beli tiket online lewat gotix padahal jaringan lancar ...,positive,negative,medium,Negative (score:-2.0)
17911,aplikasi yang sangat membantu dan sangat memudahkan customer nya terimakasih gojek,positive,negative,medium,Negative (score:-2.6)
17917,kesal bener bener kesel setiap kali kasih alamat buat mesen gofood dianternya salah padahal sudah bikin alamtnya bener a...,negative,neutral,medium,Neutral (score:0.0)
17928,lumayan banyak fitur yang belum ada bagus up langsung dari rekpon trims agar lebih mudah,positive,negative,medium,Negative (score:-3.0)
17931,sekarang go food tidak pernah ada promo ongkirnya makin mahal saja,neutral,negative,medium,Negative (score:-2.0)
17939,sipp laa kadang suka nge bug si tpi,neutral,positive,medium,Positive (score:2.0)
17943,sangat membantu dalam perjalanan saya setiap saat,positive,negative,medium,Negative (score:-2.6)
17968,aplikasi yang sangat membantu dan banyak promonya lebih ditingkatkan lagi pelayanan dan kemudahan dalam mengakses aplika...,positive,negative,medium,Negative (score:-2.6)
17972,map suka eror tolong di perbaiki lagi,neutral,positive,medium,Positive (score:2.0)
17979,sejauh ini sudah bagus dan sangat membantu,positive,neutral,medium,Neutral (score:1.3)
17983,apaan langganan gojek plus malah jadi mahal tarifnya sana saja kaya tidak pake promo malah rugi yang belum langganan gau...,neutral,negative,high,Strong negative (score:-5.2)
17998,saya suka sama aplikasi pembayaran terbaik dan modern seperti ini system sangat mudah dan nyaman untuk digunakan,positive,neutral,medium,Neutral (score:1.3)
18002,saya merasa senang sejak adanya gojek karena dapat membantu saya dalam segala hal seperti pesan makanan grabike gosend d...,negative,positive,high,Strong positive (score:6.5)
18004,kurang bagus soalnya setelah sebulan tidak dipake pas mau pesen go food tidak bisa,negative,positive,medium,Positive (score:2.0)
18011,sigap dan cepat,positive,negative,medium,Negative (score:-2.0)
18013,terima kasih aplikasi ini sangat membantu kegiatan sehari hari saya sehingga dengan mudah saya berpergian kemana saja,positive,negative,high,Strong negative (score:-5.2)
18020,cepat jemput mobil bersih pengemudi sangat sopan dan baik,positive,neutral,medium,Neutral (score:-1.3)
18023,kenapa pemilihan rute di arahkan berputar putar dan membuat harga jadi mahal padahal sebelum nya aplikasi sendiri menunj...,negative,positive,high,Strong positive (score:4.0)
18026,turun rating nya masa saya tidak bisa masuk akun gojek saya sendiri setiap kali masukan no hp saya malah muncul ups ada ...,negative,positive,medium,Positive (score:3.0)
18029,seruu banget cepetan download daftarnya mudah lhoo aku tidak boong kenapa beneran kenapa daftarnya gampang ok download y...,positive,neutral,medium,Neutral (score:1.3)
18036,sangat membantu dan bermanfaat sekali utk transportasi dan pesan makan,positive,negative,medium,Negative (score:-3.2)
18037,aplikasi yang sangat membantu saya dalam bertransaksi via online terutama dalam penerimaan insentif prakerja sehingga sa...,positive,negative,medium,Negative (score:-2.6)
18048,gojek saya kenapa gapernah ada kupon promo sementara liat punya temen pada ada semua kecewa si asli,neutral,negative,medium,Negative (score:-3.0)
18049,aplikasi ini sangat membantu saya dan orang yang juga memakai aplikasi ini karena dari segi pengaplikasian nya sampai ca...,positive,negative,high,Strong negative (score:-7.8)
18057,gumana sih ini aplikasi kesel banget untuk mencari makanan saja tidak bisa semua tidak ada anehh padahl internet ku lanc...,negative,positive,medium,Positive (score:2.6)
18059,sangat membantu khususnya bagi peserta kartu prakerja good,positive,negative,medium,Negative (score:-2.6)
18066,gojek kenapa biaya nya tambah mahal sih padahal aplikasi sebelah lebih murah dengan alamat tujuan yang sama,neutral,negative,medium,Negative (score:-2.6)
18068,semakin lambat gojek ini harga nya tidak ngotak kenapa bisa dinas terkait bisa ya lolos gojek ini regulasi nya padahal b...,negative,neutral,medium,Neutral (score:1.3)
18073,makin lemot harusnya semakin ringan dan mudah di gunakan,neutral,negative,high,Strong negative (score:-4.0)
18074,sangat cukup membantu yang trpenting utamakan kebersihan nya agar penumpang lebing nyaman,positive,negative,high,Strong negative (score:-5.2)
18078,tolong di bantu min ketika upgrade ke gopay plus terus di tolak dan mau upload lagi foto yang bagus tapi tidak bisa suda...,neutral,positive,medium,Positive (score:3.0)
18080,aplikasi tolol ini gua bagus up di indomaret kenapa tidak masuk ya harus nunggu hari kerja gila kali gua butuh duitnya k...,negative,positive,medium,Positive (score:3.0)
18081,aplikasi sangat baik pengemudi secara umum ramah dan tepat waktu dan tarif yang dikenakan wajar serta berasuransi maju t...,positive,neutral,medium,Neutral (score:-1.3)
18082,terimah kasih buat go jek cukup membantu dlm tranportasi angkutan saran tingaktkan lagi kemudahan dlm segi pelayanan kri...,positive,neutral,medium,Neutral (score:0.0)
18083,tolong betul kan lokasi antar makanan nya kadang kadang suka eror masak saya lokasi di rumah tapi lokasi antar di gojek ...,neutral,positive,medium,Positive (score:3.2)
18088,ada mode ongkir hemat tapi pengantaran nya di lama lama in okelah karena murah agak dilamain tpi tidak jam juga sih mana...,negative,neutral,high,"Mixed sentiment (pos:1, neg:2)"
18101,bagaimana mau bayar tagihan paylater kalau setiap mau bayar tulisan dilayar selalu koneksi ada gangguan jadi bukan salah...,neutral,negative,medium,Negative (score:-3.9)
18102,sudah jalan kurang lebih tahun pakai aplikasi ini dan alhamdulillah tidak pernah kecewa terbaik gojek,positive,neutral,medium,Neutral (score:-1.0)
18108,jadi makin ribet dibandara t cuma dapet nomer antrian trus laporan ke petugas trus antri manual pengemudi tidak bisa di ...,negative,neutral,high,"Mixed sentiment (pos:1, neg:1)"
18112,biaya sekali mahal promosi tidak ada beda jaman nya pak nadiem yang punya beliau tidak pelit promo maka nya banyak masya...,positive,neutral,medium,Neutral (score:0.0)
18123,benahin pengemudi yang males narik klo trip pendek suka sengaja di lamain biar di cancel satu kali trip pernah sampe pen...,negative,neutral,medium,Neutral (score:0.0)
18125,suka sekali sekarang sering dpt pengemudi dekat jadi tidak kelamaan nunggu kemarin ada abang nya yang bilang sekarang si...,positive,neutral,high,"Mixed sentiment (pos:1, neg:1)"
18126,tolonglah gojek buat aplikasinya agar bisa dibuka saat keadaan hp mendatar agar memudahkan penggunanya seperti saya laya...,negative,positive,high,Strong positive (score:7.8)
18139,cepat di per caya tapi ada ajah gendalanya pas isi saldo ko gagal menerima saldo batas maksimal pengisian saldo gopaybul...,positive,neutral,high,"Mixed sentiment (pos:1, neg:1)"
18140,sangat membantu sekali dan mempermudah dalam setiap aktivitas bravo gojek indonesia karya mu semakin dicintai rakyat ind...,positive,negative,medium,Negative (score:-3.2)
18156,pernah mengecewakan sama drivernya tapi hanya sedikit jadi tidak smw pengemudi bgtu tapi aplikasi ini sangaat membantu d...,positive,negative,high,Strong negative (score:-8.0)
18157,bagus sekali aplikasi ini sangat membantu skali good job deh klo make aplikasi ini kalau kalian sudah susah nyari kendar...,positive,neutral,medium,Neutral (score:1.6)
18162,menurut saya apk gojek ini msih perlu perbaikan karena apk gojek ini seling ngelag ngirim poto ngak bisa dan msih banyak...,neutral,negative,medium,Negative (score:-2.0)
18164,di daerah saya aplikasi petunjuk posisi pengemudi tidak berjalan jadi kita tidak tau pengemudi sudah deket atau masih ja...,neutral,negative,medium,Negative (score:-2.0)
18166,aku turunin bintang jadi akun logout pas aku mau login tidak bisa masuk karena otp tidak ada jadi susah mau transfer via...,negative,positive,medium,Positive (score:2.0)
18176,terkadang pesen gocar drivernya pada sok mengcancel disaat perlu banget dan pingin cpt giliran dapat eh di tolak satu la...,neutral,positive,medium,Positive (score:2.6)
18183,baru saya update saya beri rating yh lihat ulasan teman byk yang kecewaketidakpuasan tapi mudahn next memberikan yang te...,neutral,positive,medium,Positive (score:3.0)
18187,akhir akhir ini sering ngelag aku kira punyaku aja setelah baca baca ulasan banyak jg yang mengalami,neutral,negative,medium,Negative (score:-2.0)
18189,kepada admin saya agk kecewa ni dulu voucher itu bisa di pake kapan pun dengan harga berapa pun nah sekarang kenapa mini...,neutral,negative,medium,Negative (score:-3.0)
18194,posisi pengemudi tidak sinkron dengan yang ada di tampilan aplikasi tolong ini diperbarui menjadi lebih baik bukan sebal...,positive,neutral,medium,Neutral (score:1.0)
18202,argo nya sekarang sangat mahal terutama buat car nya masa di kota kecil mahal argo nya klo di ibu kota oke lah pindah si...,negative,positive,medium,Positive (score:2.6)
18204,paling banyak promo menarik gak ribet bagus lah tingkatin terus mantab,positive,neutral,medium,Neutral (score:-1.6)
18206,pesan untuk para costumer gojek terutama yang terbiasa menggunakan layanan selain goride yuk bisa kasih sedikit apresias...,neutral,positive,medium,Positive (score:2.6)
18208,siap siaga mengantar dengan nyaman,positive,negative,medium,Negative (score:-2.0)
18210,aplikasi sangat bagus mudah digunakan pengemudi dapat dipercaya dan banyak promosi diskon dan voucher tidak pernah ada m...,positive,negative,high,Strong negative (score:-6.5)
18211,sangat membantu sekali tidak bingung cari alamat tinggal tunggu dijemput duduk manis dan selamat sampai tujuan,positive,negative,medium,Negative (score:-3.8)
18216,plis bgt kalo ngarahin map yang bener aja lewat jalan umum saja gausah ngide nyari jalan paling cepet malah jadi lama ti...,neutral,negative,medium,Negative (score:-2.6)
18223,sangat mahal saya hampir tiap hari pesan makan dan otw kemana disini klo dipikir bikin rugi biaya penanganan dah bayar o...,negative,positive,medium,Positive (score:2.6)
18237,kenapa sih ada pilihan biaya antar kalau mau cepet ada tambahan biaya kalau lambat kurang lebih menit gratis padahal sud...,positive,negative,medium,Negative (score:-2.0)
18242,sangat membantu sekali gojek bagus,positive,neutral,medium,Neutral (score:1.6)
18243,gojek memang membantu untuk kebutuhan transportasi tapi sangat disayangkan jika customer ada kesulitan komplain di menu ...,negative,positive,high,Strong positive (score:8.0)
18244,senang sih aplikasi ini bisa membantu tapi saya sangat kecewa jika pesan sameday yang jauh sudah dapat driver dan estima...,negative,positive,high,Strong positive (score:7.8)
18261,mw log in katanya nomor hp belum terdaftar oke saya daftarkan nomer saya lakok ada keterangan nomor hp anda sudah terdaf...,positive,negative,medium,Negative (score:-2.6)
18262,ini kenapa tiap buka gofood lag bangat padahl sinyal bagus kuota banyak,positive,negative,high,Strong negative (score:-5.0)
18272,saya sudah hampir tahunan pake gojek aman saja gada kendala apapun saya senang tapi kenapa sekarang aplikasinya menjengk...,neutral,positive,high,Strong positive (score:7.8)
18275,saya pesan go ride dari tempat saya berdiri jarak meter ada banyak driver dan tiba tiba saya dapat pengemudi di sekitar ...,negative,neutral,medium,Neutral (score:0.0)
18280,tambahan voucher diskon tidak optimal transaksi seharusnya diskon dapatnya tapi yang di dapat kurang dari itu,positive,neutral,medium,Neutral (score:-1.0)
18292,sangat jelek aplikasi ini sangat buruk tidak direkomendasikan untuk di pakai jika ingin pakai untuk beli makanan atau ba...,negative,positive,high,Strong positive (score:11.7)
18298,pelayanan sangat buruk saya pesan makanan susah dpt pengemudi dan ingin mengajukan pembatalan tapi malah diaplikasinya b...,negative,neutral,high,"Mixed sentiment (pos:1, neg:1)"
18300,gojek akhir akhir ini kenapa si suka nge lag terus banyak banget gangguan nya contoh kalo mau pesen gofood tuh susah ada...,neutral,negative,medium,Negative (score:-2.6)
18313,sudah ya pak jangan update terus hp saya gacukup pak sampe harus hapus bbrp aplikasi tapi terimakasi apk nya sangat memb...,neutral,negative,medium,Negative (score:-2.6)
18320,aplikaisi ini sangat buruk harga makan yatidak sesuai,negative,positive,medium,Positive (score:3.9)
18324,tolong dong perbanyak voucher promosi gocargojek utk kota palembang koq makin lambat makin sedikit promonya dulu tiap mi...,positive,neutral,high,"Mixed sentiment (pos:1, neg:1)"
18325,pajak untuk pengemudi dan penjual semakin besar tapi diskon makin susah,neutral,negative,medium,Negative (score:-2.0)
18334,tiap kali transaksi pake gopaylater selalu muncul notif opss kami sedang gangguan sampai berapa lambat gangguannya sblmn...,negative,positive,medium,Positive (score:2.0)
18341,aplikasi nya memang bagus tapi susah dimengerti untuk digunakan bagi pemula kasih tutorial maka nya,positive,neutral,high,"Mixed sentiment (pos:1, neg:1)"
18349,setiap kali saya pindah kota app gojek tidak bisa buat pesen saya mau tulis tujuan saya blank putih abis itu kembali ke ...,negative,positive,high,Strong positive (score:5.0)
18355,terima kasih sangat membantu perjalanan saya dan selama penggunaan ini saya belum menemui pengemudi yang bermasalah semo...,positive,negative,medium,Negative (score:-2.6)
18374,aga kesal saja sii dengan gocar nya kek suka nolak in penumpang gitu,neutral,positive,high,Strong positive (score:5.0)
18375,penambahan kualitas di layanan jasanya saja sih dan detail profil pengemudi dengan kenyataan kadang beda kayak mobil di ...,positive,negative,high,Strong negative (score:-6.4)
18379,aplikasi ini sangat membantu karena mudah untuk digunakan dan mudah untuk mengirim uang ke metode apapun,positive,negative,medium,Negative (score:-2.6)
18393,saya sangat senang pake gojek gocar dll tapi akhir ini sudah mulai mengecewakan pada pemberitahuan saya dapat voucher di...,positive,negative,high,Strong negative (score:-11.7)
18395,sering terjadi masalah pending saat bagus up bank jago dari gopay tolong di perbaiki ini sangat sering terjadi dan sanga...,neutral,positive,medium,Positive (score:3.9)
18404,sudah hari susah untuk pesan gocar reguler mau tidak mau harus pesan gocar l yang harga nya lebih mahal padahal hanya un...,negative,neutral,high,"Mixed sentiment (pos:1, neg:1)"
18408,mau tanya cara masuk bagaimana nya masuk bkn daftar kalo daftar memang sudah tapi masuk nya itu selalu gagal terus suka ...,neutral,negative,high,Strong negative (score:-5.0)
18411,untuk custamer mohon maaf saya sebagai pengemudi sudah bekerja dengan cepat baik sebisa mungkin jika ada yang bilang pen...,neutral,negative,high,Strong negative (score:-10.0)
18425,sangat membantu untuk transportasi harian,positive,negative,medium,Negative (score:-2.6)
18438,sangat buruk pelayanan nya setiap transaksi pembayaran dibatasi hanya bisa kali ini saya sudah satu bulan tidak pake pas...,negative,positive,medium,Positive (score:3.9)
18443,sudah sering pake gojek mesen makan atau pun goride tetep saja sampai detik ini tidak di buka gopaylater atau gopinjam n...,negative,neutral,high,"Mixed sentiment (pos:1, neg:1)"
18446,mudah dan proses upgrade sgt cepat semoga sukses dan maju trs,positive,neutral,medium,Neutral (score:1.0)
18452,lumayan sih tapi makin ke sini promosi goridenya pelit banget sumpah ih buat aku yang kerja pp harus pake transportasi u...,neutral,positive,medium,Positive (score:2.6)
18460,aplikasi yang bagus pernah ngalamin salah tf rb ke pengemudi go jek tapi cs nya mau bantu sampai dana kembali ke saya po...,positive,neutral,high,"Mixed sentiment (pos:1, neg:1)"
18462,ini bagaimana sih dari sekian banyak pengemudi gada yang mau ngambil pesanan saya saya nunggu dari pagi gada satupun yan...,negative,neutral,high,"Mixed sentiment (pos:1, neg:1)"
18465,aplikasi ini sangat membantu kebutuhan dan kelancaran hidup gua asli bagus banget loe harus coba sekarang,positive,neutral,medium,Neutral (score:1.6)
18466,pliss para koruptor koruptor di aplikasi gojek di tangkap dong kalian tau ngga harga yang kalian kasih ke customer itu m...,negative,neutral,high,"Mixed sentiment (pos:1, neg:1)"
18487,semakin tidak jelas aplikasinya algoritma kurang memihak user diskon semakin minim dibanding app sebelah masih kalah,negative,neutral,medium,Neutral (score:-1.0)
18488,selama gunakan aplikasi ini oke saja sangat membantu pelayanan juga sangat baik fast respon terimakasih,positive,negative,medium,Negative (score:-3.9)
18496,terrimakasih ada aplikasi ini disamping keluargaku lbh mudah cari transportasi jg saya bs tambah penghassilan jadi mitra...,positive,negative,medium,Negative (score:-2.0)
18497,selama saya memakai apk gojek selalu aman dan lancar walau kadang apk agak lambat mungkin karena error ataupun jaringan ...,positive,neutral,high,"Mixed sentiment (pos:3, neg:3)"
18499,dulu suka banget belanja di gofood tapi sekarang promonya sudah tidak bisa double harus pilih salah satunya gojek sudah ...,neutral,positive,high,Strong positive (score:6.5)
18503,awalnya senang banget dpt promosi banyak sudah lewat dr jam saya menunggu akhirnya tidak dpt pengemudi saya batal sudah ...,negative,neutral,high,"Mixed sentiment (pos:1, neg:2)"
18505,terima kasih dan sukses selalu gojek saya senang menggunakan gojek karena selama ini yang saya temui gojek mau menerima ...,neutral,positive,high,Strong positive (score:9.0)
18506,biaya amplikasi jangan mahal kasian kalau yang pesan food,neutral,positive,medium,Positive (score:2.0)
18512,saya dari awalnya nga suka sampe sangat suka apalagi aplikasi yang gobiz nya enak banget aplikasi karya anak bangsa eman...,positive,negative,high,Strong negative (score:-8.0)
18518,gojek kalau pilih mitra tolong lebih selektif lagi tanggal kemaren pesanan saya dibatalkan sepihak oleh mitra x berturut...,negative,neutral,high,"Mixed sentiment (pos:1, neg:1)"
18527,agak susah bukak gocar bolak balik keluar terus jadi susah kali pesen gocar,negative,neutral,medium,Neutral (score:-1.0)
18528,ko saya beli langganan yang go food sama goplay minggu k tidak bsa dipakai sama skali ya rugi rb saya,neutral,negative,medium,Negative (score:-2.0)
18532,bagus tpi kenapa klo mau pakai promosi malah disuruh paylater orng mau bayar sekarang juga malah disuruh bayar nanti apk...,neutral,positive,medium,Positive (score:3.0)
18533,selama ini saya menggunakan go jek nyaman dlm perjalanan soalnya saya pesan pd pengemudi hati jangan ngebut selalu menye...,negative,positive,medium,Positive (score:2.6)
18535,mohon maaf tolong untuk yang terkait untuk di benahi lg sy kurang puas atas pelayanan gojek di sebabkan saya pesan gojek...,negative,neutral,high,"Mixed sentiment (pos:1, neg:2)"
18556,trima kasih aplikasi yang sangat membantu ditambah saya krmarin upgrade gopay plus sekarang sudah selesai belum ada x ja...,positive,neutral,medium,Neutral (score:1.3)
18558,sangat membantu mempermudah konsumen yang membutuhkan sarana transportasi akomudasi dan konsumsi,positive,negative,medium,Negative (score:-2.6)
18560,bermanfaat dan sangat membantu dan mempermudahkan perbelanjaan,positive,negative,medium,Negative (score:-2.6)
18566,kadang ngelag dan tiba tidak menanggapi,neutral,negative,medium,Negative (score:-2.0)
18579,kenapa ya kalau cari menu makan suka susah pasti yang keluar pakai layanan belanja coba di perbaiki biar gampang cari me...,positive,neutral,medium,Neutral (score:-1.0)
18587,asuu iklan nya tanda panah nya kecil banget iklannya bikin ganggu buruk,negative,positive,medium,Positive (score:3.9)
18589,untuk pemesanan makanan gojek cepet banget berubah langsung konfirmasi dan tidak bisa di cancel kejadian saya tidak puny...,negative,positive,medium,Positive (score:2.6)
18598,map gapernah sesuai bayar lebih juga lambat dapetnya kecewa,negative,positive,high,Strong positive (score:5.0)
18610,tolong untuk di perbarui petanya kalo jalannya perbaikan jangan di carikan pengemudi yang jlnnya di buntu lewat mana dri...,positive,negative,high,Strong negative (score:-4.0)
18612,admin gojek kapan partisi akrilik go bike dibuka karena sangat menyiksa penumpang harus doyong kebelakang saya tidak per...,negative,positive,medium,Positive (score:2.6)
18615,aplikasi yang sangat membantu sekali terimakasih atas kenyamanan layanan anda,positive,negative,medium,Negative (score:-3.2)
18618,jadi agak ribet malah sekarang pake aplikasi go jek ini,negative,neutral,medium,Neutral (score:1.3)
18623,estimasi makanan datang menit sudah tertulis dari jam tapi pas dilihat jam estimasi berubah menit bahkan sampai menit le...,positive,negative,medium,Negative (score:-2.6)
18625,sangat memuaskan mohon diperbanyak promosi promo promo gofood gojek dan gocarnya khususnya untuk pelanggan setia atau la...,positive,negative,high,Strong negative (score:-5.2)
18628,pesen pengemudi nunggu nya lambat seolah mereka tidak butu costumer akhirnya pesen pengemudi di aplikasi grab ontime dan...,positive,negative,medium,Negative (score:-2.0)
18661,pelayanan aplikasi memuaskan sekali respon tanggapan sangat cepat,positive,neutral,medium,Neutral (score:1.6)
18678,kenapa gopaylaternya dr kemarin tidak bisa di gunakan setiap kali mau pesan dan payment menggunakan gopaylater selalu ad...,positive,neutral,high,"Mixed sentiment (pos:1, neg:1)"
18681,suka bingung sama gerakan kendaraan yang sudah terpilih ngejemput kita soalnya kadang tidak gerak sama sekali jadi tidak...,neutral,positive,medium,Positive (score:2.6)
18688,aplikasi ini sangat aman dan nyaman dan prosesnya sangat mudah sekali deh mantab,positive,negative,high,Strong negative (score:-6.4)
18689,aplikasinya makin kesini makin lemot masa harus di mode pesawat dulu keluar aplikasi baru bisa itu juga masih lambat pad...,negative,neutral,medium,Neutral (score:0.0)
18692,hari ini september wib saya dapat pengalaman buruk dari gojek sangat buruk tujuan saya sudah benar tapi petunjuk arah ma...,negative,neutral,high,"Mixed sentiment (pos:2, neg:2)"
18713,gojek makin lambat makin mahal yaa jrg banget dapet voucher harga jga makin mahall ngisi gopay atau tidak sama aja trus ...,neutral,negative,high,Strong negative (score:-7.8)
18714,go jek sangat membantu sekali disaat pandemi gini ambil barang beli makanan dengan gojek jadi mempermudah semuanya good ...,positive,neutral,medium,Neutral (score:1.6)
18716,aplikasinya seru kita bisa pesen makanan tanpa harus keluar rumah selain itu makanan nya di jamin segar dan fresh pelaya...,negative,positive,high,Strong positive (score:4.0)
18718,sangat membantu apalagi di daerah lain yang tidak kita kenal mempermudah transportasi dan mencari makanan,positive,negative,medium,Negative (score:-2.6)
18719,fitur tracking pengemudi balikin lah gua nggk butuh gambar animasi buruk lu gua cuma mau liat posisi pengemudi nya sudah...,negative,neutral,high,"Mixed sentiment (pos:1, neg:2)"
18725,pembelian emoney mandiri lewat aplikasi gojek status berhasil tapi tidak bs update saldo lwt nfc hp chat admin tidak res...,positive,neutral,medium,Neutral (score:1.0)
18728,agak kecewa sih sekarang sama gopay karena tidak maksimal kayak dulu sering ada notif yahh internet mati lah tidak dapet...,neutral,positive,high,Strong positive (score:4.0)
18735,sangat membantu di saat kita lagi lapar buka go jek tunggu sebentar pengemudi datang pengemudi nya juga ramah ramah,positive,negative,high,Strong negative (score:-7.8)
18739,terimakasih sangat membantu dengan mudah sukses buat gojek,positive,negative,high,Strong negative (score:-9.1)
18740,harus bisa tarik pesan chat misalnya kalo salah ketik atau salah kirim pesan seperti wa gitu kalo salah ketik atau salah...,negative,positive,high,Strong positive (score:4.0)
18741,kenapa ongkir go food nya sekarang tambah mahal ya kadang harga menu asli sama menu di go food juga beda lebih mahal men...,negative,neutral,high,"Mixed sentiment (pos:1, neg:2)"
18742,status gagal insentif tidak masuk masuk nih tolong di bantu gan dari tgl saldo tidak masuk status gagal terus rubah nama...,negative,neutral,medium,Neutral (score:0.0)
18763,hari ini saya kecewa dengan pengemudi gocar sudah pesan tapi d cacel lalu pesan lagi tapi tidak di tanggapi oleh pengemu...,neutral,negative,medium,Negative (score:-3.0)
18765,sangat membantu saya apabila jalanan macet atau saya terburu buru mau berangkat,neutral,negative,high,Strong negative (score:-5.2)
18772,sangat gampang pengoperasiannya dan cepat,positive,negative,medium,Negative (score:-3.9)
18783,sering terjadi transaksi gagal bingung saya ketika mau bayar tapi sering tak bisa apalagi pas tidak bawa uang cash lalu ...,negative,neutral,high,"Mixed sentiment (pos:1, neg:1)"
18787,gopay later kenapa gabisa padahal sudah di setujui tapi disuruh ta da tangan kontraknya malah error,negative,positive,medium,Positive (score:2.0)
18797,terima kasih sudah memberikan saya kemudahan dalam transportasi transaksi keuangan bahkan saya dapat menabung tanpa haru...,positive,negative,medium,Negative (score:-2.6)
18812,jujur mau login susahnya minta ampun kalo nomornya dihp lain pesannya kepotong sendiri jadi gabisa login walaupun di pas...,positive,negative,medium,Negative (score:-3.2)
18814,asli bisa pesan langsung ke rumah bagus banget untuk kelancaran yang membutuhkan hanya kurir kadang ada yang tidak beres...,positive,negative,medium,Negative (score:-2.6)
18818,peta dan alamat tidak sesuai posisi saya di jln kedung rukem gang surabaya tapi di aplikasi gojek alamatnya bulak rukem ...,neutral,positive,medium,Positive (score:2.6)
18821,kenapa saat masuk ke lainnya gua mau to up game voucher tapi kok gamenya cuma dikit tidak ada mobile legend free fire sa...,positive,negative,medium,Negative (score:-3.0)
18830,coba dlu smoga bagus,positive,negative,medium,Negative (score:-3.0)
18834,gofood ny mahal,neutral,negative,medium,Negative (score:-2.0)
18838,saya senang mengunakan jasa gojek tapi pengemudi go ride sering membatalkandisuruh membatalkan pesanan alasan pengemudi ...,neutral,positive,medium,Positive (score:3.0)
18842,saat saya upgrade gopay plus id saya sudah terpakai padahal saya sama sekali belum upgrade gopay plus mau lapor cs saja ...,negative,positive,medium,Positive (score:2.6)
18848,sangat membantu disaat butuh makanan cepat saji,positive,neutral,medium,Neutral (score:0.0)
18853,aplikasi bagus tapi klo ada kendala kekurangan pesanan atau ada kondimen yang tidak lengkap susah mau ngadunya,negative,positive,high,Strong positive (score:5.0)
18855,sangat membantu apalagi bnyak promosi menarik di minimarket langganan,positive,negative,medium,Negative (score:-2.6)
18864,baru kali ini ngerasa kecewa banget pakai gofood nomor telp customer servicenya saja susah banget dicari mau chat saja a...,negative,neutral,medium,Neutral (score:0.0)
18869,penentuan titik lokasi tidak bisa harus pilih peta terlalu menyulitkan dan biasanya tinggal ketik alamat makasih,positive,negative,medium,Negative (score:-2.6)
18870,aplikasinya bagus tapi iklan gojek di apk lain itu mengalihkan ke apk nya padahal tidak diapain dan itu menyebalkan seka...,negative,positive,medium,Positive (score:3.9)
18875,membantu mempermudah transportasi dan kebutuhan lainnya sayang sekali klo mo ngambil voucher kayaknya sulit aplikasinya ...,negative,neutral,high,"Mixed sentiment (pos:1, neg:1)"
18885,aplikasi gojek sangat membantu apalagi ktempat saya angkot masih jarang tapi akhir akhir ini harganya naik membuat beral...,positive,negative,medium,Negative (score:-2.6)
18888,overall baik tapi kadang ada pengemudi yang menjengkelkan dan kurang ramah,negative,positive,high,Strong positive (score:4.0)
18889,ngisi gopay lewat internet banking sudah di lapor sampe email tidak di respon di telpon cuman suruh kirim mutasi sudah d...,negative,positive,medium,Positive (score:3.0)
18891,apk nya lambat bet dah padahal jaringan lumayan bagus,neutral,negative,high,Strong negative (score:-9.1)
18900,its ok banget sangat membantu,positive,neutral,medium,Neutral (score:0.0)
18901,laporan gofood kurang itemnya tidak ada tanggapan dari customer service nya sampah kinerja nya,negative,neutral,medium,Neutral (score:-1.0)
18909,aplikasi bikin emosi sinyal bagus pun muter sudah promosi tidak berguna ongkir mahal kocak,negative,positive,high,Strong positive (score:5.0)
18910,sangat bagus sejauh ini belum ada kendala sama sekali aplikasi yang memuaskan dan memudahkan penggunanya,positive,neutral,medium,Neutral (score:0.0)
18915,sangat membantu bangeett,positive,negative,medium,Negative (score:-2.6)
18917,tolong diperbaiki setiap mau bagus up kuota selalu gagal padahal jaringannya stabil dan saldonya masih mencukupi tapi ke...,neutral,negative,medium,Negative (score:-3.0)
18924,maaf saya mau tanya ko lambat peroses nya saya mau bayar tidak bisa terus tolong dong peroses nya jangan lambat lambat,negative,positive,medium,Positive (score:2.0)
18925,terima kasih atas bantuannya pelayanan semua sangat menyenangkan dan mudah diakses untuk ojolnya tapi sayang map nya kad...,positive,negative,medium,Negative (score:-2.6)
18926,saya terbebani dengan tarifnya yang naik dua kali lipat saya kan seorang pelajar jadi saya sangat sangat kecewa dengan h...,negative,positive,medium,Positive (score:3.9)
18927,pertama saya pesen goride tapi pakai tunai dan potongan diskon tapi gabisa dipesen karena error trus pas saya sudah pese...,neutral,positive,medium,Positive (score:2.0)
18943,kenapa mau upgrade ke gopay plus verifikasinya selalu gagal padahal ktp dah benar tapi tetap dah nga diterimah tolonglah...,negative,positive,medium,Positive (score:3.0)
18947,sudah lambat tidak pakai gojek sudah lebih baik,positive,neutral,medium,Neutral (score:1.0)
18953,akhir ini gila banget gabisa dipake samasekali buka menu gofood ajaa gabisaa jaringannya tidak masuk ke aplikasi ini pad...,neutral,positive,medium,Positive (score:3.2)
18961,abis diupdate malhan promosi tidak bisa digabung padahal sblm update promosi vc diskon bisa digabung kalo pengen gofood ...,neutral,negative,medium,Negative (score:-2.0)
18969,dulu aku secinta itu sama gojek apa gojek mau kemana saja gojek tapi sekarang udha tidak terlalu karena kadang nunggu la...,neutral,positive,medium,Positive (score:2.0)
18971,bagaimana sii bagus up pulsa internet masa diproses terus padahal buat kepentingan,positive,negative,medium,Negative (score:-3.0)
18973,go food harga sekarang mahal dengan porsi lebih sedikit dibanding beli langsung,negative,positive,medium,Positive (score:2.0)
18978,sangatt membantu dan mempermudah masyarakat indonesia semoga sukses selalu dan bisa berkembang lebih,positive,negative,high,Strong negative (score:-6.5)
18987,pengemudi selalu jauh yang datang padahal banyak yang dekat tempat saya pesan saya mau cepat jadi terlambat enak pake gr...,positive,neutral,medium,Neutral (score:0.0)
18988,awalnya saya senang pke gojek karena bs membantu saya di saat saya sedang buru tp akhir ini saya kecewa dengan servernya...,negative,neutral,medium,Neutral (score:0.0)
18989,skr ada biaya aplikasi yang jadi agak lebih mahal dlu pas pertama tidak ada,negative,neutral,medium,Neutral (score:1.0)
18990,pesan pake go jek no ribet sekali klik langsung muncul titik lokasi dan tujuan sehingga memudahkan kita untuk mencari ke...,positive,negative,medium,Negative (score:-3.2)
18992,gila gua mau transfer ke bang tidak bisa bisa pake acara pin salah anda terlalu verivikasi dengan terlalu cepat apaan co...,positive,negative,medium,Negative (score:-2.0)
18996,sangat berfungsi baik dan bagus,positive,neutral,medium,Neutral (score:0.0)
18997,setelah lambat saya pakai gojek promonya terutama diskon go ride go car jarang sekali sekalinya dapat waktunya cuma sedi...,positive,negative,high,Strong negative (score:-7.8)
19004,semua aplikasi sangat membantu saya mudah sekarang mencari transportasi dimanapun sekalipun di gang kecil sukses selalu ...,positive,negative,high,Strong negative (score:-16.0)
19009,aplikasi gojek sangat bagus dan dapat meringankan beban,positive,negative,medium,Negative (score:-3.9)
19011,iklannya nya ganggu banget klo lagi main game mana lambat banget lagi trus juga tanda kali nya ngapa kga ada emang saya ...,negative,positive,medium,Positive (score:2.6)
19013,ini sangat membantu sekali bagi orang yang tidak bisa naik motor dan mudah menggunakanya terimakasih gojek,positive,neutral,medium,Neutral (score:0.0)
19014,paket hemat tuh apa hanya gimmick cari pengemudi saja susah,neutral,negative,medium,Negative (score:-2.0)
19015,membuka aplikasi terlalu lambat berhenti di pengemudi kami siap siap dulu ya hmm payahh sampai direinstal masih saja tid...,negative,neutral,medium,Neutral (score:0.0)
19019,bangus banget sangat membantu saya dalam kegiatan sehari hari ketika saya sibuk dan saya puas sekali dengan aplikasi ini...,positive,neutral,medium,Neutral (score:-1.9)
19020,penanganan keluhan pelanggan kurang cepat saldo go pay hilang begitu saja dan terjadi lagi hari ini pembayaran token pln...,negative,neutral,high,"Mixed sentiment (pos:1, neg:1)"
19025,fitur go point nya kenapa dihilangkan smkin ksini apk gojek mkin di update bukan mkin baik namun makin buruk dulu dah nn...,neutral,negative,high,Strong negative (score:-6.0)
19026,tidak bisa upgrade ke go plus padahal pembelian ditoped saya lumayan besar masa harus topup jt terus kalo beli brg yang ...,negative,neutral,high,"Mixed sentiment (pos:1, neg:1)"
19029,apk mempersulit hidup lagi urgent masuk login nya ribet banget yang mikirnya gampang malah jadi ribet,negative,neutral,medium,Neutral (score:1.6)
19038,akhir ini apk sering tidak dapat digunakan sudah bagus up gopay tapi tidak bisa transaksi percuma banget jangan kalah do...,neutral,positive,medium,Positive (score:3.9)
19041,kurang memuaskan karena kesulitan upgrade ke gopay plus,neutral,positive,medium,Positive (score:2.0)
19043,saya bagus up gopay sampai sekarang belum masuk katanya disuruh tunggu hari kerja ini sudah lebih hari kerja tetep saja ...,negative,neutral,medium,Neutral (score:0.0)
19047,aplikasi paylater tidak bisa dipakai bunga dan denda tinggi padahal saldo ada cs ditanya yang jawab bergantian dan tidak...,negative,positive,medium,Positive (score:2.0)
19048,gojek sangat baik lelayananya,positive,negative,medium,Negative (score:-3.9)
19053,sangat berguna sekali dan sangat praktis,positive,negative,medium,Negative (score:-3.2)
19065,sering gofood atau gocar tapi map drivernya tidak nyala tbtb ngelag dan tidak bisa lihat drivernya posisi dimana setiap ...,neutral,negative,medium,Negative (score:-3.2)
19072,astagaa nungguin pengemudi lambat banget,negative,positive,medium,Positive (score:2.6)
19074,banyak penurunan disamping harganya yang mahal sekarang tambah ribet sama harga segitu mending ojek pengkolan apalagi di...,negative,neutral,medium,Neutral (score:0.0)
19077,untuk menentukan lokasinya sih sudah oke tapi untuk bayar di gojek agak mahal sih menurut aku untuk aplikasi gojek agak ...,neutral,positive,high,Strong positive (score:5.0)
19084,aplikasi gojek sekarang beda sama yang dulu outlet di aplikasi go food tutup sebenernya outlet sebenernya buka mohon di ...,neutral,positive,medium,Positive (score:2.0)
19091,sialan loading nya lambat x org mau cepat malah jadi telat proses pembayaran tidak terhubung jadi gagal pesan gosend,negative,positive,medium,Positive (score:3.0)
19096,ongkirnya gajelas mahal banget,negative,positive,medium,Positive (score:2.6)
19097,sangat bermanfaat dan bagus dalam membantu saya membeli paket pelatihan kartu prakerja,positive,neutral,medium,Neutral (score:-1.3)
19107,sangat membantu sekali untuk lebih baik bisa di bekali pelatihan drivernya ya,positive,neutral,medium,Neutral (score:1.6)
19110,ada kemajuan tapi kalau bisa tolong adain voucher naik gojeknya lagi dong kaya dulu tidak usah gede nominalnya itu sanga...,positive,negative,medium,Negative (score:-3.2)
19114,woi ini sistem go food nya di perbaiki lagi lah pesanan saya sampai nya jam menit ngtd dan bahkan tidak bisa di batal ka...,negative,positive,medium,Positive (score:2.0)
19117,upgrate gopay sangat cepat jadi bisa buat transaksi pembelian online gojek deh terimakasih dan sukses selalu,positive,neutral,medium,Neutral (score:1.3)
19124,good aplikasi sangat membantu terutama pesan makanan pas lagi disituasi males keluar,positive,negative,medium,Negative (score:-2.6)
19128,menurutku apk gojek ini sebenernya bagus cuma posisi pengemudi itu jauh jauh semua untuk di kota kendal kalo lagi buru b...,neutral,positive,high,Strong positive (score:5.0)
19131,kenapa saya mau transfer harus upgrade lagi ya saya beli paketan juga lambat banget dari jam malam sampai jam sekarang b...,negative,positive,medium,Positive (score:2.6)
19132,sangat membantu memudahkan segalanya good thank you gojeg,positive,negative,medium,Negative (score:-2.6)
19136,penyakit lama maps sering error suka bingung mantau diver yang jemput belum lagi yang driver yang pakai cara curang pesa...,negative,neutral,high,"Mixed sentiment (pos:2, neg:2)"
19139,tranportasi sangat membantu cepat tepat waktu dan sangat terjakau biayanya,positive,negative,high,Strong negative (score:-5.2)
19147,mau upgrade saja susah bnget padahal mau jujur tapi di persulit,neutral,negative,medium,Negative (score:-2.0)
19150,terimakasih buat team gojek terutama buat cs nya atas respon cepatnya menangani masalah yang ada pada aplikasi menunggu ...,positive,negative,high,Strong negative (score:-4.0)
19160,sangat kecewa aku kasih bintang yang tadinya aku kasih bintang karena kecewa upgrade gopay plus tidak pernah berhasil ud...,negative,neutral,high,"Mixed sentiment (pos:2, neg:2)"
19162,sangat membantu kebutuhan sehari hari makanan transportasi,positive,negative,medium,Negative (score:-2.6)
19163,mo update agak lambat padahal signal g ok enga tau kenapa,neutral,positive,medium,Positive (score:3.0)
19172,perbanyak promo kalau mahal terus nanti tidak ada peminat kalau bisa kayak grab maju terus karya anak bangsa,neutral,negative,medium,Negative (score:-2.0)
19177,pokoknya sngat membantu sekali sejauh memakai si ijo belum prnh memiliki kendala,positive,negative,medium,Negative (score:-2.6)
19181,iya sekarang ada biaya aplikasi sama saja bohong dong itu disc nya klo ada tambahan biaya aplikasi walaupun rb tiap peng...,neutral,positive,medium,Positive (score:3.0)
19198,menurut saya aplikasi nya bagus dan sanggat membantu apa lagi di masa pandemi saat ini untk membeli makan saya tidak per...,positive,neutral,medium,Neutral (score:1.0)
19203,kalau bisa tarif gojek di turunin lagi dong dan promosi jng d hilangkan dan kalau bisa fitur batalkan pesanan di hilangk...,positive,neutral,medium,Neutral (score:-1.0)
19207,aplikasi buruk respon lambat ada penagihan lebih dari pengemudi pagi ini sudah lapor tidak direspon sangat kecewa penyel...,negative,neutral,medium,Neutral (score:1.3)
19208,padahal banyak dapat kucuran dana dari mana mana tp kenapa pelayanannya bukan makin bagus driver terdekat tidak dapat ma...,positive,negative,high,Strong negative (score:-4.8)
19211,aplikasi nya mudah di operasikan mempermudah perjalanan di saat ada keperluan mendadak pelayanan nya juga memuaskan,positive,neutral,medium,Neutral (score:-1.0)
19213,sangat membantu disaat butuh kendaraan yang siap mengantar mau pun butuh makanan disaat lapar,positive,negative,medium,Negative (score:-2.6)
19229,semakin lambat ongkir semakin besar bagaimana nih gojek pesaing lain banyak masuk dengan joran ngasih harga bagus,neutral,negative,high,Strong negative (score:-5.0)
19234,saya sangat kecewa tidak melakukan transaksi apa saldo saya berkurang sudah tidak sekali atau duakali seperti ini saya m...,negative,positive,high,Strong positive (score:4.8)
19236,kenapa tidak bisa berfungsi min padahal sudah update terbaru nya setiap mau cek pasti muncul internet mati padahal jarin...,positive,negative,medium,Negative (score:-3.0)
19246,sangat membantu apalagi customer service nya membantu banget cepet juga makasih banyak gojek serta customer service nya,positive,negative,medium,Negative (score:-3.2)
19251,cukup membantu saya memesan makanan dan bepergian ditambah dong promonya tanpa minimal belanja hehehehe btw harus diupda...,positive,neutral,medium,Neutral (score:-1.3)
19258,aplikasi yang sangat membantu lengkap untuk byar pulsa listrik dan membeli mkana,positive,negative,medium,Negative (score:-2.6)
19264,hari ini di buat jengkel isi saldo laporan nya sudah sukses tp saldo nya tidak masuk komplain sudah berkali penanganan n...,negative,positive,high,Strong positive (score:6.0)
19267,pengemudi nya jauh jauh bikin lambat nunggu harus nya jarak penjemputan pengemudi di batasi jangan jauh jauh max kilo aj...,positive,negative,medium,Negative (score:-2.0)
19271,aplikasinya bagus dengan fitur yang mudah digunakan serta menyediakan banyak layanan,positive,neutral,medium,Neutral (score:1.0)
19275,saran dari saya tolong tambahkan metode penarikan saldo melalui rekening bank lain dan melalui minimarket seperti alfama...,positive,negative,medium,Negative (score:-2.0)
19283,memang simple pake gofood sayang sekali jarak dekatpun mahal di ongkir,neutral,negative,medium,Negative (score:-2.6)
19289,loading lambat di fitur go transit padahal jaringan aman,neutral,negative,medium,Negative (score:-2.0)
19292,sangat membantu dan sangat mudah digunakan jadi buat para penumpang gojek lain sesekali kasihlah uang lebih biar mereka ...,positive,negative,high,Strong negative (score:-11.2)
19299,sangat bagus aplikasinya saya lebih mudah pergi ke sekolah terimakasih gojek kalau bisa tambahkan promosi ya hehe biar s...,positive,neutral,medium,Neutral (score:-1.3)
19315,saya dari tadi nungguin drive untuk ambil makanan saya tapi tidak dapet dapet lambat banget sampai jam saya nunggu hampi...,negative,positive,medium,Positive (score:2.6)
19316,aplikasi ini sangat mempermudah saya saat tidak sedang ada kendaraan pribadi dan bisa pesan makanan dengan mudah,positive,negative,medium,Negative (score:-2.6)
19330,kan saya transaksi di aplikasi tokko menggunakan pembayaran gopay tapi traksaksi belum selesai saya chat ke admin tokko ...,positive,negative,medium,Negative (score:-2.0)
19333,dalam satu hari saya pesen beberapa kali dan beberapa kali itu juga pesanana saya lambat menunggu ada kali menit lebih d...,negative,positive,medium,Positive (score:2.0)
19339,ini keamanan nya bener bener aman banget sampe sampe saya salah pin x pendingin ny lambat banget,neutral,negative,medium,Negative (score:-2.6)
19343,tidak terlalu memuaskan,neutral,negative,medium,Negative (score:-3.0)
19344,tidak ada konfirmasi ulang menggunakan pin ketika memberi tip sukses menguras saldo gopay saya sampai habis karena kepen...,negative,positive,medium,Positive (score:3.0)
19357,menjadikan beban pekerjaan lebih ringan distribusi barang lebih cepat tanpa ribet,positive,neutral,medium,Neutral (score:0.0)
19363,gofood nya tidak bisa untuk batal pesan makanan,negative,positive,medium,Positive (score:2.0)
19369,untuk di perhatikan kepada pihak gopay menyangkut gopayleter untuk masalah pengembalian harusnya sesuai tgl yang kita pa...,negative,positive,medium,Positive (score:2.0)
19377,pengemudi yang berpengalaman dan baik,positive,negative,medium,Negative (score:-3.0)
19380,fitur tracking di map kurang akurat selain itu sudah memuaskan,neutral,positive,medium,Positive (score:2.0)
19381,kalau ada bintang ta kasih bintang selain murah banyak promo pelayanannya juga baik,positive,negative,medium,Negative (score:-3.0)
19386,gojek makin kesini makin ngadi ngadi gofood ongkir mahal amat ditambah kena biaya layanan juga jadi makin mahal yang tad...,negative,positive,high,Strong positive (score:5.2)
19391,kenapa voucer nya min belanja k baru bs gunai voucer nya kecewa banget perubahan nya cepat banget kemarin msh bs gunain ...,negative,neutral,medium,Neutral (score:-1.3)
19392,kenapa sih terlalu sering mint update memori penuh lama aplikasi tak di update langsung tidak bisa di gunakan klo memori...,neutral,negative,medium,Negative (score:-2.0)
19393,saya penngguna lambat gojek kmna mana pake gojek apk nya sangat sekali membantu apalagi di tambah ada grup goclub banyak...,positive,neutral,medium,Neutral (score:-1.6)
19398,alhamdulillah sangat membantu,positive,negative,medium,Negative (score:-2.6)
19404,saya sangat kecewa karena saya sering pesan bnyk makanan namun tidak sesuai dengan keinginan jdinya mubazir tidak termak...,negative,positive,medium,Positive (score:3.9)
19408,ada sebuah transaksi gopay ilegal dan itu masuk pada akun gopay saya pas saya cek tidak ada transaksi saya coba laporan ...,negative,positive,high,Strong positive (score:7.8)
19411,susah banget mau login habis input no hape terus pas masukin pin mental terus katanya periksa koneksi internet anda pada...,positive,neutral,medium,Neutral (score:0.0)
19413,sangat senang cepat antar nya,positive,negative,high,Strong negative (score:-6.5)
19415,tidak ngerti lagi saya sama pengemudi go car sudah kali saya pesan selalu berakhir di batalkan padahal lagi urgent sekal...,negative,neutral,high,"Mixed sentiment (pos:1, neg:1)"
19419,sehabis restart pabrik vermuk selalu gagal sudah ngadu ke cs yang balas bot gada solusi mengecewakan,negative,neutral,medium,Neutral (score:0.0)
19420,komunikasi pengemudi dengan penumpang baik dan sopan jempol deh trip jadi menyenanfkan,positive,negative,medium,Negative (score:-3.0)
19425,isi gopay kenapa tidak masuk ya padahal sukses dari aplikasi pembelian,neutral,positive,medium,Positive (score:3.0)
19431,bagus sih cuma kecewa sedikit klo pesan goride suka di kasih drivernya jauh padahal di sekitar banyak pengemudi yang nge...,positive,negative,medium,Negative (score:-2.0)
19437,mohon maaf saya kasih rate saya rasa banyak sekali penurunan dari sisi service pihak gojek baik dari aplikasi maupun dr ...,negative,neutral,medium,Neutral (score:1.3)
19442,aplikasi nya bagus sngat membantu dan juga banyak fitur yang mempermudah kita untuk melakukan sesuatu satu saja buat apl...,positive,neutral,medium,Neutral (score:1.0)
19446,semakin kedepan bukan tambah bagus lyanan tambah lemot terutama gofood biaya app naik terus,neutral,negative,high,Strong negative (score:-5.0)
19452,maps nya sering macet jadi banyak kesalahpahaman antara pengemudi dan penumpang tolong di perbaiki yaa biar tidak pada m...,negative,positive,high,Strong positive (score:4.0)
19455,drivernya ramah harga terjangkau kalo bisa kepada pihak gojek adain lagi go clean pliss buat anak kos sangat membantu se...,positive,neutral,high,"Mixed sentiment (pos:1, neg:1)"
19456,saya sudah hari kartu sim hilang tidak bisa login mau minta ganti nomer di akun saya prosesnya sangat lama pihak bagian ...,negative,positive,medium,Positive (score:3.2)
19457,tidak semua tempat jatingannya bagus tolong kalau update aplikasi datanya kecil kecil saja edit sekarang jauh lebih bagu...,positive,neutral,medium,Neutral (score:0.0)
19477,gausa ribet deh loginnya pake link segala langsung saja kode nomernya gausa pake link kartu gua yang terdaftar ini kartu...,negative,neutral,medium,Neutral (score:0.0)
19480,mentang mentang lewat seskoal macet smpe tidak ada satu org pun yang mw ambil saya sudah coba hampir setengah jam belum ...,positive,negative,medium,Negative (score:-2.6)
19481,saya pribadi sudah lambat pakai aplikasi ini dan sangat membantu sukses buat gojek dan pertahankan layanannya sukses bua...,positive,negative,medium,Negative (score:-2.6)
19482,makin lambat makin kurang memuaskan terlebih untuk gofood pakai namanya estimasi di app tulisan promosi tapi pas ditempa...,negative,neutral,high,"Mixed sentiment (pos:1, neg:2)"
19491,saya senang memakai gojek untuk gofood kenapa bulan ini tidak bisa dpakai setiap mau pesan tulisanya sayangnya go food t...,neutral,positive,medium,Positive (score:3.0)
19496,pelayanan sekarang tdak memuaskan lagi tidak seperti dlu masa salah mmesan mau batal tidak bisa harus telpon cs pake pul...,negative,positive,high,Strong positive (score:4.0)
19500,tingkat kan fitur nya biar pelanggan nyaman sejauh ini cukup bagus,positive,neutral,medium,Neutral (score:1.0)
19503,makin lambat tidak menarik missionnya lbh baik vocer di masukan berupa saldo gopay spt pertama kali terakhir saya cm iku...,negative,neutral,medium,Neutral (score:1.0)
19510,pelayanan gojek sudah tidak bagus saya pesan gofood jam ke resto yang jam dan penyajian nya cepat masa jam saya baru dap...,negative,neutral,medium,Neutral (score:-1.0)
19529,lucu tidak si masa pas goclub saya sampai ke juragan yang dimana disitu ada bebas tarif rame gofood gosend e malah dikas...,positive,negative,medium,Negative (score:-2.0)
19542,kenapa sekarang gopay susah buat bayar pke qrcode ya internet aman saja ini malah disuruh cek koneksi internet,neutral,negative,medium,Negative (score:-2.0)
19546,aplikasi ini sangat membantu saya apalagi d waktu tertentu apalagi d mlam hari d saat kendaraan susah d cari,neutral,negative,high,Strong negative (score:-5.2)
19548,kurang puas dengan layanan cs nya kita ada masalah bukannya dibantuin sampe masalah kelar atau paling tidak ada solusi e...,negative,positive,medium,Positive (score:2.6)
19560,belakangan aplikasi ini malah mengecewakan beberapa hari ini saya melakukan pemesanan selalu ada masalah awalnya tidak b...,positive,negative,medium,Negative (score:-3.0)
19564,gopay dan gojek sangat buruk jika kita mengalami masalah pada akun atau nomor hilang akun tersebut sudah tidak dapat di ...,negative,positive,medium,Positive (score:3.9)
19571,maaf data meps nya kurang akurat tidak stabil harga jadi kurang realistis,negative,neutral,medium,Neutral (score:0.0)
19576,saya sangat puas dengan aplikasi gojek karena saya pesan buat costumer kmi di travel selalu baik menjemput dan mengantar...,positive,negative,high,Strong negative (score:-7.8)
19588,sering disuruh update padahal lagi cepat mau pakai ini mengganggu saya sbg pengguna mohon dikurangi update an nya,negative,positive,medium,Positive (score:2.0)
19591,yang lain ok cuma merasa kurang fair ketika mau beri bintang untuk resto langganan selalu bintang nya tidak kelihatan te...,positive,neutral,high,"Mixed sentiment (pos:1, neg:1)"
19595,tidak ada fitur pembatalan pesanan sedangkan saya sudah nunggu jam lebih lambat nya cuman nunggu untuk pesanan minuman g...,negative,neutral,high,"Mixed sentiment (pos:1, neg:1)"
19597,dulu limit gopaylater saya cuma rb dan sekarang sudah rb fitur gopaylaternya sangat membantu saya sebagai mahasiswa untu...,positive,neutral,high,"Mixed sentiment (pos:1, neg:1)"
19606,proses upgrade akun cepat sekali hanya kurang dari menit jadi contoh buat ewallet lain yang prosesnya lemot dan butuh wk...,positive,neutral,high,"Mixed sentiment (pos:1, neg:2)"
19613,makin kesini makin kejam saja fitur nyaa apalagi klo dapat voucher kadang suka pengemudi yang di lambat in tbtb batal la...,neutral,negative,medium,Negative (score:-2.0)
19625,aplikasi sering tidak menanggapi pencarian pengemudi lama sudah dapet malah di batalin driver aplikasi tidak jelas,negative,positive,medium,Positive (score:2.0)
19630,semakin lambat semakin tidak ada otaknya kalau bikin pelayanan sedang lapar pun harus dibuat menunggu jam karena terkend...,negative,positive,high,Strong positive (score:4.0)
19632,mengapa saya mau upgrade ke premium gabisa slalu balik kembali ketika mau ambil photo data diri beserta bawa ktp aplikas...,neutral,positive,medium,Positive (score:2.0)
19636,gopay sangat baik selalu memberikan promosi diskon menarik tapi sayangnya seringkali diskon besar tidak benar diskon ses...,positive,negative,medium,Negative (score:-3.9)
19638,maksudnya apa ya kenapa ad info akun dibekukan karena ada unsur sara aku saja baru pakai apps ini dan baru beberapa kali...,negative,positive,medium,Positive (score:3.9)
19642,sangat mudah kemana saja dimana saja dan kapan saja terima kasih go jek,positive,negative,medium,Negative (score:-2.6)
19653,jika bisa adakan fitur membatalkan pesanan jadi biar tidak ribet kadang suka tidak sengaja ke pejet pesan gabisa di bata...,neutral,positive,high,Strong positive (score:5.2)
19658,sangat bermanfaat untuk berbagai aktivitas dengan mobilitas yang cepat dan mudah,positive,neutral,medium,Neutral (score:0.0)
19668,sangat terbaik terus berkembang yaa,positive,negative,medium,Negative (score:-3.9)
19674,sangat sangat sangat bermanfaat dan membantu buatku,positive,negative,medium,Negative (score:-2.6)
19680,mau login gagal trs katanya internet tidak stabil padahal stabil buka apk lain lancar ketika masuk otp gamasuk sudah cob...,negative,neutral,medium,Neutral (score:-1.0)
19684,kenapa goshop sekarang tidak bisa min padahal sangat membantu,positive,negative,medium,Negative (score:-2.6)
19690,untuk para pengguna jadilah pelanggang yang bijak dan cerdas jangan suka pesan dan batal seenak hatinya tanpa alasan tid...,negative,neutral,medium,Neutral (score:-1.0)
19693,saya tf di app gopay transaksi sukses tapi saldo bank saya belum masuk sudah hari,negative,positive,medium,Positive (score:3.0)
19701,promosi diskon gofood dan goride kurang banyak,positive,neutral,medium,Neutral (score:-1.0)
19702,alhamdulillah mudah dan sangat lancar sekali semoga seterusnya di permudah untuk semua transaksinya,positive,neutral,medium,Neutral (score:0.0)
19710,sangat membantu dalam hal prakerja upgread cepat tinggal nunggu pencairan ko telat e walet yang lain sudah pda cair,positive,neutral,medium,Neutral (score:0.0)
19712,sangat sangat sangat membantu dalam kegiatan dan kebutuhan setiap hari semoga makin baik,positive,negative,high,Strong negative (score:-6.5)
19717,baru kali ini menggunakan gofood sangat luar biasa cepat nya,positive,negative,medium,Negative (score:-2.6)
19730,sangat membantu yah kemana mana tidak ribet lagi naik angkutan umum yang begitu ramai yah walaupun terkadang drivernya a...,positive,negative,medium,Negative (score:-3.2)
19738,aplikasi ini sangat membantu di era milenial sekarang tapi mohon tingkatkan lagi keramahan dan etika para pengemudi kare...,positive,negative,medium,Negative (score:-2.6)
19742,biaya dan tarif gojek sekarang semakin mahal utk pelayanan jangan hanya membebankan kepada pengemudi saja perusahaan har...,neutral,negative,medium,Negative (score:-2.0)
19747,sangat membantu di saat transportasi lain mengurangi jam layanan utk driver tolong jgn membuat kami menunggu lama lalu d...,positive,negative,high,Strong negative (score:-5.2)
19751,yth gojek saya senang sekali menggunakan ini tapi tolong perbaiki dri ada kendla jaringan atau drivernya klu memang anta...,negative,positive,high,Strong positive (score:4.8)
19752,layanan cs krg baik saya mengalami transaksi bug di gopay sehingga hilang dan terpotong uang saya dan csnya kurang memba...,negative,neutral,high,"Mixed sentiment (pos:2, neg:4)"
19755,aplikasi ny suka hang sendiri,neutral,positive,medium,Positive (score:2.0)
19770,aplikasi yang sangat bagus dan mudah pergunakan juga sangat cepat dalam proses transaksi,positive,negative,high,Strong negative (score:-9.1)
19778,buat gojek tolong tambah kan fitur baru yaitu fitur bagus up vocer game biar kita para pemain game mudah untuk bagus up ...,positive,negative,medium,Negative (score:-2.0)
19785,gojekgopay terbaik saya sangat puas memakai aplikasi ini selama beberapa tahun terhitung sejak,positive,neutral,medium,Neutral (score:0.0)
19786,duh cs nya slow respon dan kurang membantu padahal app ini sudah banyak yang make ya tapi kualitas csnya harus ditingkat...,negative,neutral,high,"Mixed sentiment (pos:1, neg:2)"
19790,aplikasi ini sangat membantu apalagi ditambah dengan voucher diskonnya sungguh sangat menghemat saya bagi anak perantaua...,positive,negative,medium,Negative (score:-2.6)
19804,biaya antar makan mahal ya katanya sih voucher rb masa biaya antar dari restaurant yang cuma m harganya rb itu mah sama ...,neutral,negative,medium,Negative (score:-2.0)
19806,dear gojek kenapa sih kalau kita pesen makanan go food tidak langsung dapet pengemudi aja masalahnya di kota saya tingga...,negative,neutral,medium,Neutral (score:0.0)
19808,aplikasih yang sangat baik,positive,negative,medium,Negative (score:-3.9)
19811,aplikasi yang sangat membantu saat mendadak perlu kendaraan hemat praktiskita bisa memilih kendaraan sesuai kapasitas ya...,positive,negative,medium,Negative (score:-2.6)
19816,sangat membantu kalo tidak ada yang bisa nganter bisa pake apk ini nih berguna banget buat pengemudi ny yang lagi butuh ...,positive,negative,medium,Negative (score:-3.2)
19819,sangat membantu mudah di gunakan dan cepat pokok nya semoga menjadi yang terbaik ke depanya,positive,negative,high,Strong negative (score:-6.5)
19821,saya sangat puas dsngan aplikasi ini jadi mudah dan nyaman untuk pesan makanan dan bepergian,positive,neutral,medium,Neutral (score:1.3)
19825,buat gopay terlalu susah dan usahakan yang bisa jadi saat bagus up gopay mudah mudahan hilang,neutral,positive,medium,Positive (score:3.0)
19827,sangat membantu sekali dalam kehidupan baik penyedia makanan maupun jasa ojeknya selain itu bisa melakukan banyak pembay...,positive,neutral,medium,Neutral (score:1.6)
19836,bagus sih aplikasi nya tapi cuman saya mau nanya kenapa saya tidak bisa bagus up free fire terus di bales nya pin anda s...,neutral,negative,medium,Negative (score:-2.0)
19837,sangat membantu sekali apalagi utk ibu yang sibuk dirumah tidak sempat keluar ingin pesan apa saja tinggal klik udh bere...,positive,negative,medium,Negative (score:-3.2)
19841,layanannya sangat membantu dan bermanfaat fiturnya sangat lengkap mulai dari motor mobil pesan makan bahkan belanja teri...,positive,negative,medium,Negative (score:-2.6)
19845,sangat membantu untuk berpergian plus ada diskon yang bikin hemat,positive,negative,medium,Negative (score:-2.6)
19846,untuk tarif nya lebih mahal daripada yang sebelah aku kira lebih murah dan pengemudi utk daerah skw juga masih kurang to...,negative,neutral,medium,Neutral (score:-1.0)
19855,aplikasi tidak jelas tiba tiba tidak bisa di gunakan payleter nya padahal pembayaran lancar lancar saja tidak pernah tel...,negative,positive,high,Strong positive (score:4.0)
19859,merupakan aplikasi ojek daring yang memudahkan masyarakat untuk memesan ojek kirim barang antar makanan dan lain sebagai...,positive,negative,medium,Negative (score:-2.0)
19860,aplikasi yang mudah error lambat harga yang mahal banget jadi muak,negative,neutral,medium,Neutral (score:0.0)
19870,sukses terus buat gojek dn begitupun buat semua pengemudi gojek d mana pun berada semoga sllu sukses,positive,neutral,medium,Neutral (score:0.0)
19877,alhamdulillah sejak aku pilih aplikasi ini kemana tujuanku selalu tepat cepat nyaman aman terimakasih semoga semakin suk...,positive,neutral,medium,Neutral (score:1.0)
19883,aplikasi ini memudahkan dan membantu saya ketika berada di daerah baru yang kurang di ketahui tanpa khawatir tersesat ha...,positive,neutral,medium,Neutral (score:1.0)
19887,saya pengguna jasa gojek paling setia tapi kadang saya kasian ama costumer yang dpt pengemudi nya jauh padahal pengemudi...,positive,negative,medium,Negative (score:-2.6)
19892,alhamdulillah saldo nya sudah masuk agak parno cz biasanya langsung masuk ini sampe hari ternyata lagi ada perbaikan ya ...,positive,negative,high,Strong negative (score:-4.0)
19900,menurut saya sih gojek sudah bagus yah apa apa nya serba cepet apa lagi customer service nya masalah apa saja bsa ditang...,positive,neutral,medium,Neutral (score:1.0)
19908,sudah tidak mau lagi pake ini apk gila masa pesen gofood kepencet baru detik tidak bisa di batal mana mahal banget lagi ...,negative,neutral,medium,Neutral (score:0.0)
19913,kadang derivernya hpnya ngk bisa dihubungi secara keseluruhan masih baik cuma penjemputan kadang lambat mungkin macet ka...,positive,neutral,high,"Mixed sentiment (pos:2, neg:2)"
19916,agak mahal dari ojek online lain,negative,neutral,medium,Neutral (score:1.0)
19917,bagus banget sihh parah jadi gampang kalo mau makan tinggal pesen saja,positive,neutral,medium,Neutral (score:1.3)
19919,sangat membantu jika lagi urgent banyak promosi nya terutama di gofood,positive,negative,medium,Negative (score:-2.6)
19920,saya pesen sesuatu di aplikasi gojek dan pas ud sampe pesenan saya bilang ke abang gojeknya mau bagus up gopay terus say...,positive,negative,medium,Negative (score:-3.0)
19923,tolong kepada tim produk gojek ux designer perhatikan pada saat proses selfie dengan ktp kenapa tidak bisa menggunakan f...,negative,neutral,medium,Neutral (score:-1.0)
19929,sangat membantu walaupun jauh tapi tetap bisa berbagi dan bisa satset buat org yang sibuk kemana mana tingkat kan lagi k...,positive,neutral,high,"Mixed sentiment (pos:1, neg:1)"
19934,sudah baik namun masih lambat dalam gofood yaitu pembelian makanan dari seringnya memesan gofood cukup memerlukan waktu ...,neutral,positive,medium,Positive (score:2.0)
19936,kalau isi saldo gopay bisa masuk tapi kalau buat pesan tidak bisa buat transaksi tidak bisa sangat sangat sangat mengece...,negative,positive,medium,Positive (score:3.9)
19940,aplikasinya ok cm kadang kendaraan yang kita pesan itu ng sesuai standart ada yang sudah buruk ng terawat,positive,neutral,medium,Neutral (score:-1.0)
19947,ribet bnget mau ganti no hp saja hrus pake update foto ktp lah apa lh tidak kya apps lain simple,neutral,negative,medium,Negative (score:-2.6)
19950,aplikasi semakin semrawut kasian pengemudi anyeb semua tidak d kasih pesanan pt sebesar ini tidak mau rugi banyak menyen...,negative,positive,medium,Positive (score:2.0)
19953,sangat membantu dalam hal pengantaran efisien trimakasih,positive,negative,high,Strong negative (score:-5.2)
19956,sangat cepat dan bermanfaat rekomen banget deh make aplikasi ini bagus,positive,neutral,medium,Neutral (score:1.6)
19961,suka banget apk gojek sangat membantu apalagi kalo sering promo gede gedean kyk merchant mcd kopi kenangan dll,positive,neutral,medium,Neutral (score:0.0)
19968,tidak jelas selalu di tolak padahal pembayaran lancar kalau tidak mampu tidak usah php ngasih pinjaman dana,negative,positive,medium,Positive (score:2.0)
19972,aplikasinya sangat membantu terutama kita kita yang jarang bisa keluar rumah bisa pesen makan pake gofood tapi kadang mi...,positive,negative,medium,Negative (score:-2.6)
19975,transfer gopay ke bank nya lambat banget proses nya sudah nunggu lebih dari hari masih saja di proses tross sudah berkal...,negative,neutral,medium,Neutral (score:1.9)
19978,saya sebagai pengguna gojek aktip merasa sangat kecewa oleh kebijakan gojek dalam pemberian vocer untuk pengguna lama pe...,negative,neutral,medium,Neutral (score:0.0)
19980,terimakasih aplikasi ini sangat bagus dan cepat dalam mengupgrade semoga kedepannya lebih bagus lagii,positive,negative,high,Strong negative (score:-10.4)
19981,sangat membantu map akurat,positive,negative,medium,Negative (score:-2.6)
19987,aku kasih bintang tiga karena dulu aku sempat punya aplikasi ini karena mengecewakan jadinya aku unnistal sekarang aku d...,neutral,negative,medium,Negative (score:-3.0)
19997,untuk perjalanan dan pelayanan dr draiver memuaskan sekali tpi sayang promosi nya tidak ada padahal setiap hari bekerja ...,neutral,positive,medium,Positive (score:3.9)
20001,saya pake gocar dari ank saya sd kls sampe skr sudah kls sehari xpergi pulang mengapa kalau pesen gocar awalbaru hrnya l...,neutral,positive,medium,Positive (score:2.0)
20009,sangat bagus layanan dan respon nya,positive,negative,medium,Negative (score:-3.9)
20021,kenapa sekarang suka ganti pengemudi dan suka telat ngantar makanan kan makanannya sampainya lambat dan esnya sudah kebu...,neutral,negative,medium,Negative (score:-2.0)
20028,sangat sangat bagus aplikasinya dan promosi promonya lebih banyak lagi promosi promonya,positive,negative,medium,Negative (score:-3.9)
20029,menyesal bagus up di gopay gabisa di transfer ke mana mana karena masih belum upgrade sedangkan pas di upgrade di tolak ...,negative,neutral,medium,Neutral (score:0.0)
20036,drivernya ramah penjemputan juga cepat aplikasinya bagus sangat mempermudah kalau mau kemana mana semoga tetap menjadi a...,positive,negative,medium,Negative (score:-3.9)
20037,pengemudi kalo terima pesan tokopedia now pada males ngambil dijemputnya lama dianternya lama padahal jarak sudah deket ...,negative,positive,medium,Positive (score:2.0)
20047,untuk go car terkadang harga tidak keluar tapi bagus,positive,negative,medium,Negative (score:-3.0)
20058,pengalaman saya pilih transfortasi gojek sangat senang dan sangat baik pelayanannya plus orangnya sangat ramah,positive,negative,high,Strong negative (score:-10.4)
20060,sangat mengecewakan dari segi pelayanan costumer servis ny sangat slow respon dn malahan tidak di respon sama sekali bai...,negative,positive,high,Strong positive (score:4.8)
20062,alhamdulillah sangat membantu untuk penyaluran dana insentif prakerja tepat waktu dan cepat upgrade gopay plus juga sang...,positive,negative,medium,Negative (score:-2.6)
20064,sangat membantu saya yang suka mager keluar rumah bisa go food makanan sesuai mood banyak promosi nya juga jadi tambah s...,positive,negative,medium,Negative (score:-3.9)
20074,dengan aplikasi gojek cukup memberikan kemudahan dalam melakukan transaksi dengan cepat dan mudah,positive,negative,high,Strong negative (score:-4.0)
20080,sekarang setiap bagus up tidak pernah langsung masuk padhl notif dah ada dananya proses melulu padahal kita keburu urgen...,negative,neutral,medium,Neutral (score:0.0)
20086,min kenapa saya tidak bisa mendaftar padahal akun nomor telpon sudah bener semua tp kenapa tidak dapat kode masuk otp to...,negative,positive,medium,Positive (score:2.0)
20088,makin kesini makin jelek pengemudi suka telat yang harus nya dateng jam tapi belum jalan anak sekolah dibikin telatt mul...,negative,neutral,high,"Mixed sentiment (pos:1, neg:1)"
20093,sangat puas membatu kitanyaman buat seharian hari,positive,negative,medium,Negative (score:-3.9)
20095,selalu sulit mendapatkan pengemudi ketika pesan gofood sistem yang tidak ditangani dengan baik berkali kali pesanan diba...,neutral,negative,medium,Negative (score:-3.0)
20098,merugikan pelanggan masa ya di checkout voucher diskon kapasang tapi pas sudah dapat pengemudi voucher tiba tiba hilang ...,negative,neutral,high,"Mixed sentiment (pos:1, neg:1)"
20099,kadang suka nemu pengemudi yang ugalan tapi tidak semua pengemudi go ride go car ugalan suka nemu pengemudi yang beda am...,positive,neutral,high,"Mixed sentiment (pos:1, neg:1)"
20105,map nya suka eror klo lagi pesen makanan,neutral,positive,medium,Positive (score:2.0)
20110,kenapa sekarang ada biaya tambahan biaya aplikasi disetiap orderan jng gitu ahh jadi males klo gini padahal saya penggun...,neutral,negative,medium,Negative (score:-2.0)
20116,tolong aplikasi gojek kalau di perbarui harusnya makin bagus bukan nya malah error terus kayak tiba tiba keluar sendiri ...,neutral,positive,high,Strong positive (score:5.0)
20117,gojek sekarang promonya kecil disc ongkir cuma rb klo mau disc ongkir gede mesti hrz ada min pembelian rb rb klo hrz ada...,negative,neutral,high,"Mixed sentiment (pos:1, neg:1)"
20121,mohon di balas ya mimin gojek saya puas sekali menggunakan gopaylatter nah yang mau saya tanya kan bulan in saya menggun...,negative,positive,high,Strong positive (score:6.5)
20127,sangat membantu perjalanan dan kepentingan saya dan untuk harga lebih hemat untuk go jek terimskasih,positive,negative,medium,Negative (score:-2.6)
20133,menurut saya gojek ini sangat membantu hampir setiap hari saya menggunakan gojek terutama go food dengan voucher yang di...,positive,negative,medium,Negative (score:-2.6)
20144,pt gi tolong di cek dong pengguna yang batal pesan tanpa jelas dan tolong juga di perketat untuk mempunyai akun gojek in...,negative,neutral,medium,Neutral (score:1.0)
20145,tampilan pengemudi motor di maps menghilang terkadang customer mau memesan layanan mungkin di anggap tak ada drivernya h...,negative,positive,medium,Positive (score:3.9)
20155,perjalanan lebih gampang nyari makan juga lebih mudah,positive,neutral,medium,Neutral (score:-1.0)
20156,ok jgn lupa petamap di update juga di daerah jatisai jatiasih bekasi dan kenapa photo pengemudi tidak jelas,negative,positive,medium,Positive (score:2.0)
20158,kenapa gps nya suka tidak pas dengan titik jemputantar jadi setiap pesan selalu saja salah titik jemputantar mohon di pe...,positive,neutral,medium,Neutral (score:1.0)
20166,aplikasinya si bagus tapi csnya dihubungi mau minta bantu bagaimana cara ganti nomor telepon lambat soalnya akunku gbs l...,neutral,positive,high,Strong positive (score:5.0)
20171,mudah di gunakan dan sangat membantu tapi kadang ketemu pengemudi yang tidak tau jalan sehingga nunggu terlalu lama suda...,neutral,positive,medium,Positive (score:2.6)
20184,setelah x update terakhir kenapa malah aplikasi jadi berat dan lemot ya sering tertutup sendiri juga jadi susah makai ny...,negative,neutral,medium,Neutral (score:0.0)
20186,kenapa aplikasi ini gabisa dipakai saya menggunakan aplikasi ini untuk kartu prakerja saya mohon diperbaiki lg saldo say...,negative,positive,medium,Positive (score:3.9)
20199,hai kak tolong dong masalah bug gosend setiap saya pencet gosend aplikasi gojek di hp saya error bukan hanya sekali tapi...,negative,neutral,high,"Mixed sentiment (pos:1, neg:1)"
20206,pelayanannya sangat baik dan semoga lebih ditingkatkan lagi klo bisa pakai atribut jaket sesuai aplikator dan memakai pa...,positive,negative,medium,Negative (score:-3.9)
20209,terimakasih gojeg keperluan dan perjalanan jadi mudah apa lagi d tambah dengan vocer discony mantap,positive,neutral,medium,Neutral (score:-1.0)
20212,aplikasi gojek ini sangat sangat membantu untuk aktivitas sehari dari yang untuk pesan kendaraan sampai pesan makanan sa...,positive,negative,high,Strong negative (score:-6.4)
20214,tidak suka dengan biaya peningkatan kualitas dan ongkir yang terus naik selain itu juga voucher saya semenjak ke retas p...,negative,neutral,high,"Mixed sentiment (pos:1, neg:1)"
20219,selama ini sangat bagus tetapi sekarang biaya layanan di go food nya mahal banget kalau mnurut saya dari orng yang pas p...,positive,negative,high,Strong negative (score:-8.0)
20229,trimakasih aplikasi nya sangat memudah kan kita usulan tambahin pembelian gogame untuk game bagus eleven dong tengkyuu,positive,negative,medium,Negative (score:-3.9)
20231,akun goride saya tidak bisa gunain komplain dpt jawaban tidak sesuai yang ditanyain tidak ngelakuin apa tau di freeze ut...,negative,positive,medium,Positive (score:2.0)
20241,makin mengecewakan nunggu menit jam terus dapet driver ternyata masakan nya baru di masak terus tadi waktu jam buat apa ...,negative,positive,medium,Positive (score:2.6)
20244,terimakasih telah jadi aplikasi yang menemani hari mohon maaf gan saya mau saranin ketika update aplikasi gojek selanjut...,positive,negative,medium,Negative (score:-2.6)
20247,memudahkan membeli barang makanan dll memudahkan perjalanan juga suka deh sama aplikasinya semoga selalu bagus yaa,positive,negative,high,Strong negative (score:-5.0)
20250,saya sangat puas dengan aplikasi ini dan sangat membantu,positive,negative,high,Strong negative (score:-6.5)
20264,lambat untuk loading di menu gofood gatau kenapa sinyal padahal aman aman saja,positive,negative,medium,Negative (score:-2.0)
20270,ko gofood nya makin mahal si bener tidak ada promo promosi buat bank tertentu buat apa kaga ke pakee,neutral,negative,medium,Negative (score:-2.0)
20274,suka kecewa kadang harganya berubah tanpa ada notif pemberitahuan saya awalnya pesan gofood total ribu tb tb jadi ribu l...,negative,neutral,high,"Mixed sentiment (pos:2, neg:2)"
20276,so far sangat membantu tapi sering nge freeze dan sekarang biaya lain lain nya mahal,neutral,negative,high,Strong negative (score:-5.2)
20285,sangat tidak rekomendasi buat yang lapar dimalam hari karena pengemudi tidak ditemukan mau batal tapi suruh nunggu jam j...,negative,neutral,high,"Mixed sentiment (pos:1, neg:1)"
20286,mantaap lah gampang orderannya dan cepet responnya cakupannya harus lebih diperluas dlm arti daerah yang bisa diorder le...,positive,neutral,medium,Neutral (score:1.0)
20289,gojek makin kesini makin gajelas apalagi mitra gocarnya pada belagu make promosi dikit langsung di cancel atau tidak yan...,negative,positive,high,Strong positive (score:6.0)
20292,perkenalkan nama saya ardelia afriani saya kasih bintang ya karena menurut saya masih ada yang kurang kalau saya mau pak...,positive,negative,medium,Negative (score:-3.2)
20293,memudahkan aku kalo mau pergi tapi gaada yang anterr baik,positive,negative,medium,Negative (score:-3.0)
20298,teruntuk pesan food estimasi waktu buat apa woii ini saya butuh cepat bukan malah menunggu kan saya bayar bukan ngutang ...,neutral,positive,medium,Positive (score:2.0)
20299,sangat membantu mempermudah dalam hal transportasi maupun berbelanja online,positive,negative,medium,Negative (score:-2.6)
20303,di buat transaksi enak tidak ribet cepat masuk tanpa loading lambat sangat memuaskan,positive,negative,high,Strong negative (score:-8.0)
20306,sejauh ini aman membantu tapi sayangnya gofood lambat sekali padahal pesennya yang deket,positive,neutral,high,"Mixed sentiment (pos:1, neg:1)"
20307,maps nya selalu muter muter kejauhan nyari jalan padahal ada jalam yang lenih dekat bisa di lalui akibat tarif terlampau...,negative,positive,medium,Positive (score:2.6)
20308,sangat membantu sekali dengan adanya aplikasi gojek ini dengan aplikasi ini saya dengan mudah memesan ojek taksi pulsa d...,positive,negative,high,Strong negative (score:-19.0)
20311,sangat buruk ke pusat bantuan komplain masalah tidak bisa ditanggapi karena akun dituduh melakukan aktivitas tidak wajar...,negative,positive,medium,Positive (score:3.9)
20315,dr akhir tahun kmrin baru sadar klo gofood sekarang tidak bs nglacak pengemudi lagi dmn kecuali si pengemudi sudah otw a...,neutral,negative,medium,Negative (score:-3.0)
20319,sebenarnya kalo dulu aplikasi ini sangat bagus tapi semakin lambat semakin sedikit promosi dan tidak bisa menggunakan pr...,positive,negative,high,Strong negative (score:-4.8)
20320,sangat membantu ketika pasangan kita lagi jauh dan tidak bisa mengantar dan beli sesuatu jadi lebih praktis dengan aplik...,positive,neutral,medium,Neutral (score:0.0)
20323,tidak ribut untuk verifikasinya mudah mudahan pelayanan semakin lambat semakin menunjang,positive,neutral,medium,Neutral (score:0.0)
20325,dalam aplikasi gojek ini mempermudah dalam penggunaan aplikasi dan dengan adanya transportasi ojek online ini sangat mem...,positive,negative,medium,Negative (score:-2.6)
20326,agak sulit digunakan buat pemula agak lemot kalo buat hp kentang,negative,neutral,medium,Neutral (score:0.0)
20330,sangat memuaskan dalam transaksi digital baik utk pembayaran juga transfer ke bank,positive,neutral,medium,Neutral (score:0.0)
20335,gofoodnya sudah lambat tidak byk diskon lagi kaya dulu diskonnya yang gede hanya utk pembayaran paylater dan cc bank aja...,positive,neutral,high,"Mixed sentiment (pos:1, neg:2)"
20338,kenapa kalo masuk ke apk suka keluar terus si eror,neutral,positive,medium,Positive (score:2.0)
20341,tidak ngerti lagi deh sama gojek setiap pesan gofood kan kita bayar biaya layanan lainnya disitu pun tertera bahwa biaya...,negative,neutral,high,"Mixed sentiment (pos:1, neg:1)"
20347,sangat bagus dari awal saya setia sama gojek dibanding apl lain minus nya cuma satu karena saya pernah mengcancel pengem...,positive,neutral,high,"Mixed sentiment (pos:1, neg:1)"
20352,saya kecewa untuk hari ini sudah tidak bisa di batal nunggu goofood tidak sampe sudah hampir jam,negative,neutral,medium,Neutral (score:-1.0)
20353,kenapa ya sekarang gojek mempersulit login sudah berapa kali saya coba login dengan koneksi internet yang baik dengan no...,negative,neutral,medium,Neutral (score:1.0)
20356,resto terdekat sering ilang jadi klu mau pesan makananan yang terdekat susah coz jm makan siang mepet klu belum resto ya...,negative,neutral,medium,Neutral (score:-1.0)
20361,tidak sengaja bikin pesanan tidak bisa di batal,negative,positive,medium,Positive (score:2.0)
20373,ko jadi tidak bermutu gini sih pelayanan gojek ada biaya penanganan lah apalah tolong dong klo mau kurangi hrg tuh yang ...,negative,neutral,medium,Neutral (score:-1.0)
20374,saya sangat suka aplikasi ini bnyak membantu apalagi saya mitra mapan yang bekerja sama dengan gojek dr mulai bayar aris...,neutral,negative,medium,Negative (score:-3.9)
20375,pesan gofood yoshinoya yang dikirim tidak sesuai sama pesanan sy dan yang dikirim pesanan yang harganya lebih murah tida...,neutral,negative,high,Strong negative (score:-5.0)
20376,dari seminggu lalu tidak dapat menggunakan qrish nyatanya jaringan saya sangat stabil dan aplikasi lain dapat berjalan d...,positive,negative,medium,Negative (score:-2.6)
20381,sebenernya suka pakai gojek cm bbrp kali pernah pesen gofood sudah nunggu jam lebih tpi tbtb dibatalin dari resto dan ha...,neutral,positive,medium,Positive (score:2.6)
20384,saya pelanggan setia gofood saya kecewa dengan kebijakan gojek yang menaikkan tarif ongkir dengan tiba saya beli voucher...,positive,negative,high,Strong negative (score:-7.0)
20387,dulu sih ya bagus sekarang pas update aplikasi ke versi baru vocer smw hilang dan promoan gofood juga tidak ada pas lapo...,negative,positive,medium,Positive (score:3.0)
20389,sangat mudah untuk tumpangan tapi kalau pesanan kurang memuaskan sungkan aku,positive,neutral,high,"Mixed sentiment (pos:1, neg:2)"
20398,tolong dong kalau pesan makanan pilihin pengemudi yang lebih dekat sudah beberapa kali aku kalo pesan dapat pengemudi ya...,negative,neutral,high,"Mixed sentiment (pos:1, neg:1)"
20417,mantul pokoknya tp kenapa sering banget suruh update yaa maunya cepet malah harus update dl yang terbaru,neutral,positive,medium,Positive (score:3.9)
20422,saya sering dapat pengemudi tidak datang ke lokasi penjemputan baik gocar maupun gosend tidak bergerak dihubungi tidak b...,negative,positive,high,Strong positive (score:7.8)
20423,bagus aplikasi nya pesanan cepat pengirimannya juga cepat bagus dah,positive,neutral,medium,Neutral (score:0.0)
20426,tidak bisa login dengan alasan di bekukan karena ada yang mencurigakan padahal sebelum nya bisa dan tidak pernah di guna...,negative,neutral,medium,Neutral (score:0.0)
20437,aplikasi sangat membantu kebutuhan custumor pastikan selalu menggunakan karya anak bangsa hal lagi buat pihak gojek tlg ...,positive,neutral,medium,Neutral (score:0.0)
20438,saya sudah lambat makai gojek kenapa malah tambah lemot tolong dong jangan buat kita kecewa walau bagaimanapun saya kasi...,negative,neutral,medium,Neutral (score:-1.0)
20440,dulu nya aplikasi bagus tapi sekarang no recoment lemoot cari pengemudi susah pesen food lamaa tidak lagi deh,negative,neutral,high,"Mixed sentiment (pos:1, neg:1)"
20445,hari ini saya dibikin heran sama gojek saya kan ngorder gocar buat temen dan tidak lambat pengemudi datang jemput sudah ...,positive,neutral,medium,Neutral (score:0.0)
20447,mangbowleh gopay tidak kembali lagi pas balik ke akun lambat padahal nomor aktif email aktif dan baru beberpa menit saja...,neutral,negative,medium,Negative (score:-3.0)
20454,sangat membantu untuk mengantarkan barang dan juga mengantarkan kita ke tujuan serta sangat membantu pada saat kita kepe...,positive,negative,high,Strong negative (score:-5.2)
20456,di kota saya wates jokjakarta sudah ada saya mengunduh lagi karena katanya ada pembaharuan aplikasi lebih cangngih gitu ...,positive,neutral,medium,Neutral (score:1.0)
20464,gojek sangat membantu perjalanan saya dan kebutuhan saya hanya saja biaya nya semakin mahal saya harap dapat ditingkat k...,positive,negative,high,Strong negative (score:-5.2)
20466,saya pengguna setia gojek tapi barusan saya pesan tidak dapet sedikit kecewa sih kenapa bisa begitu pdhal di maps banyak...,negative,positive,medium,Positive (score:3.0)
20467,mengecewakan pengguna baru voucher hanya jadi embel tetapi tidak ada reward yang didapat ketika misi sudah selesai lain ...,positive,negative,medium,Negative (score:-3.0)
20473,sangat membantu saat di waktu genting hujan macet tingkatkan terus layanan yang lebih baik lagi,positive,neutral,medium,Neutral (score:-1.3)
20475,penggunaan gampang promosi banyak,positive,neutral,medium,Neutral (score:1.0)
20478,bagus sangat membantu untuk saya yang jarang keluar rumah sekarang jadi bisa beli makanan yang saya mau dengan aplikasi ...,positive,neutral,medium,Neutral (score:1.3)
20484,padahal sudah pake comfort tapi yang dateng kebanyakan beat terus sering banget pengemudi minta di batal dengan alasan b...,negative,neutral,high,"Mixed sentiment (pos:2, neg:2)"
20489,bagus pelayanannya walau kadang juga ada yang bikin kesal karena lambat banget dtngnya si ojol trs juga sempat bikin was...,positive,negative,high,Strong negative (score:-6.5)
20491,server sering bermasalah tingkatkan lagi kualitas pelayanan makin kesini kenapa gojek makin tidak jelas pelayanan jaring...,negative,positive,medium,Positive (score:3.0)
20494,kenapa di hp saya selalu ngelag suka keluar sendiri aplikasinya dan jga macet,neutral,positive,medium,Positive (score:2.0)
20496,saya kira setelah di update bakalan bagus ternyata pencet bayar loading nya lambat sekali dan tidak kebuka kamera nya se...,negative,neutral,medium,Neutral (score:1.3)
20498,kurang ada di saat kita di titik yang lumayan susah tapi gapapa tetap oke pelayanan nya,positive,negative,medium,Negative (score:-3.0)
20502,aplikasi yang sangat membantu di saat saya laper apa saja ada makan minum roko kopi pokoknya semua bisa di pesan melalui...,positive,negative,medium,Negative (score:-2.6)
20511,selalu dapat diandalkan dan sangat membantu,positive,negative,medium,Negative (score:-2.6)
20513,memudahkan saya membayar tagihan serta mmbeli brang dan makanan dengan cepat,positive,negative,medium,Negative (score:-2.0)
20515,tolong ini kenapa aplikasi eror loading terus padahal kkneksi bagus,neutral,positive,medium,Positive (score:3.0)
20520,not bad sangat membantu banget klo pas lagi males kemana banyak disc sama voucher gretong ongkir hanya saja kadang jarin...,positive,negative,high,Strong negative (score:-6.4)
20523,harga makanan di penjual langzung dan di gofood bisa bedanya diskon hanya dengan minimal pesan rb belum lagi ongkirnya m...,neutral,positive,medium,Positive (score:2.6)
20525,aplikasi yang membantu saya untuk mencari makanan yang enak dan juga membantu saya dalam antar mengantar,positive,neutral,medium,Neutral (score:0.0)
20528,sudah bbrp kali pembayaran pake gopay kenapa jumlah yang saya bayar lebih mahal dibanding yang tertulis di akun pengemud...,positive,negative,medium,Negative (score:-2.0)
20536,server go pay nya sering banget sibuk pas mau bayar pakai go pay tidak bisa padahal males ambil cash ke atm kalo hal ini...,neutral,negative,medium,Negative (score:-3.9)
20540,sangat kecewa kenapa ya upgrade gopay saya masi di proses smentara saya cek d udha berhasil upgrade kegopay plus udah ha...,negative,positive,medium,Positive (score:3.9)
20544,sangat membantu apalagi buat kita usia lanjut dan selalu on time perjalanan kita pun terasa sangat nyaman mks gojek,positive,negative,high,Strong negative (score:-5.2)
20546,aplikasi bagus saya sudah lambat pakai aplikasi ini dan mnggunakan paylater awal saldo rb uda nmbah jadi rb minus y dr a...,negative,neutral,medium,Neutral (score:1.0)
20547,sangat mengecewakan saya isi pulsa dari jam pagi kemerin lewat gopay sampai pagi ini tidak masuk pulsa tersebut tidak ad...,negative,positive,high,Strong positive (score:4.8)
20558,ngebantu banget mudah untuk di gunakan dan pelayanannya sangat bagus,positive,neutral,medium,Neutral (score:-1.6)
20568,aplikasi yang sangat membantu sekali pertahanan kan terus kinerjanya terima kasih banyak,positive,negative,medium,Negative (score:-3.2)
20572,sangat membantu dlm segala hal perjalanan,positive,negative,medium,Negative (score:-2.6)
20582,dengan gojek semua nya lebih mudah dan menyenangkan sangat membantu,positive,neutral,medium,Neutral (score:0.0)
20589,tolong respon nya uda melakukan pelunasan gopaylater sebelum jatuh tempo melalui va bca mobile berhasil tapi tagihan mas...,negative,positive,medium,Positive (score:3.0)
20590,all service baik tapi sayang nya untuk registrasi gofood di app gobiz selalu sulit tidak bisa di submit dan seringkali d...,negative,positive,medium,Positive (score:3.0)
20593,aplikasi ini sangat membantu sekali saat malas keluar rumah untuk cari makanan tidak usah bingung langsung pesen di gofo...,positive,neutral,medium,Neutral (score:0.0)
20594,sangat mudah untuk dipakai aplikasinya,positive,negative,medium,Negative (score:-2.6)
20597,x pesan x ditolak padahal saya hampir tiap hari order utk kali ini pengemudi blg ada opang padahal kemarin tidak kenapa ...,negative,positive,medium,Positive (score:2.0)
20599,gopay later saya kenapa tidak aktif terus sih padahal saya setiap bulan selalu transaksi pakai gopay jangan pilih kasih ...,positive,neutral,medium,Neutral (score:-1.3)
20601,kenapa si suka eror mau pake go transit tbtb server merayap padahal bukan jam sibuk,neutral,positive,medium,Positive (score:2.0)
20606,tarif yang sangat mahal,negative,positive,medium,Positive (score:2.6)
20608,pesen gofood sudah mahal ongkir sama harga makanan mana gaada promosi atau diskon lagi mohon maaf tapi untuk anak kos ma...,neutral,negative,medium,Negative (score:-2.6)
20613,sangat membantu mengambil barang belanjaan dari toko tidak usah repot keluar rmh sangat membantu di musim pandemi ini,positive,negative,high,Strong negative (score:-5.2)
20616,aplikasi karya anak bangsa keren ya walau boros di kantong tapi cukup dan sangat membantu disaat saat dibutuhkan,positive,neutral,high,"Mixed sentiment (pos:1, neg:1)"
20617,pelayanannya sangat bagus dan mudah sekali mengupgrade akun premium semoga kedepannya bisa lebih memberikan kenyamanan d...,positive,negative,high,Strong negative (score:-4.8)
20619,aplikasi yang sangat membantu proses upgrade pun sangat cepat,positive,negative,high,Strong negative (score:-5.2)
20631,sangat membantu apalagi jika kehabisan kuota lebih praktis hehe,positive,neutral,medium,Neutral (score:0.0)
20632,agak sulit setiap bagus up masa harus nunggu beberapa menit buat update saldo kenapa selelet itu untuk proses bagus up n...,neutral,negative,medium,Negative (score:-3.0)
20643,saya sudah beberapa hari buka gopaypinjam tapi tidak bisa muter terus pdhal sudah jatuh tempo rugi saya kl spt ini saya ...,neutral,negative,medium,Negative (score:-2.0)
20647,untuk kantor gojek mohon turunkan harga dan potongan pengemudi di karnakan pengemudi kasihan harga dari customer misal d...,neutral,negative,medium,Negative (score:-2.0)
20649,dah langganan bngt sama gojek tapi kenapa akhir ini sangat mengecewakan ongkir sangat mahal dan tidak bisa pakai voucher...,negative,positive,high,Strong positive (score:6.5)
20652,sudah jadi pengguna lambat tapi tarip pesanan goridegocar selalu tinggi dan jarang dapet vocer padahal temen saya pake a...,neutral,negative,medium,Negative (score:-2.0)
20658,aplikasi daring yang sangat bermanfaat mudah digunakan dengan tarif layanan yang cukup nyaman bagi semua orang alhamduli...,positive,neutral,medium,Neutral (score:0.0)
20662,kalau kasih pesanan itu tolong yang dekat dengan drivernya dong seringkali dapat pengemudi dengan jarak jemput menit mal...,negative,positive,medium,Positive (score:2.0)
20664,semoga selalu ditingkatkan pelayanannya untuk google maps kurang akurat untuk pemesanan makanan saran kalau bisa menu ch...,positive,neutral,medium,Neutral (score:-1.0)
20670,sangat membantu dan mudahkan untuk transfortasi makanan kirim barang dll,positive,negative,medium,Negative (score:-2.6)
20676,saya banyak mendapatkan rekomendasi atas apk ini karena tarif nya lebih murah,positive,neutral,medium,Neutral (score:1.0)
20677,app ini terlalu bagus buruk sih sudah diskon nya banyak terus pengemudi nya ramah bagaimana ya ini saya sedang marah ah ...,positive,negative,high,Strong negative (score:-4.0)
20678,lebih di tingkat kan lagi sistem aplikasinya dan beri fitur chat tambahan agar konsumen bisa komunikasi dengan pengemudi...,positive,negative,medium,Negative (score:-2.0)
20683,bagus n sangat membantu tapi kalau bisa biaya ongkos nya lbh murah lg,positive,neutral,high,"Mixed sentiment (pos:1, neg:1)"
20684,gopay pinjam tidak bisa dipakai padahal lagi urgent banget ngajuin pinjaman di tolak terus lbih baik ke apk shopee pinja...,neutral,positive,medium,Positive (score:3.9)
20686,sangat membantu untuk gopood dan gosennya tidak bisa banyak tempat dalam satu pesanan kalo saja bisa untuk beberapa temp...,positive,negative,high,Strong negative (score:-6.4)
20687,sering error pengantar makanan lama ngeluarin fitur hemat makanan datang ber jam jam mending ilangin fitur hemat tidak p...,positive,neutral,medium,Neutral (score:0.0)
20692,sangat membantu apa bila lagi darurat terimah kasih gojek semoga aplikasinya ditambah lagi apa saja yang masarakat butuh...,positive,negative,medium,Negative (score:-2.6)
20695,layanan pelanggannya sangat cepat dalam merespon keluhan pengguna dan dengan prosedur yang mudah tidak menyulitkan pengg...,positive,negative,high,Strong negative (score:-9.1)
20706,sangat membantu saya dalam beraktipitas dan membantu memenuhi kebutuhan yang mendadak serta sangat di andalkan,positive,neutral,medium,Neutral (score:0.0)
20709,saat mau buka app nya kenapa lambat banget sihh ditunggu lambat lambat ehh keluar dengan sendirinya kecewa sihh tolong l...,negative,neutral,medium,Neutral (score:1.3)
20715,salah satu aplikasi jasa yang menurut saya terbaik di indonesia mulai dari transport hingga makanan caranya penggunaan n...,positive,neutral,medium,Neutral (score:1.0)
20719,aplikasi yang sangat bagus mudah dan simpel,positive,negative,high,Strong negative (score:-6.5)
20725,saya kasi bintang dulu yaa nanti kalo tambah siipp q tambah lagi bintangnya selama pemakaian sihh aplikasi ini sangat me...,positive,neutral,medium,Neutral (score:0.0)
20726,ini aplikasi tingakt kemanan bener parah tgl kmrin rabu pagi tiba saldo gopay saya terpotong rb utk pembayaran vip video...,negative,positive,high,Strong positive (score:4.8)
20728,knpa metode pembayaran hanya bisa lewat bca emang tidak ada bank lain app kurang jelas mau bagus up saja berbelit belit ...,negative,positive,medium,Positive (score:2.0)
20729,saya kecewa harus login memakai link posisi ganti hp mau login memakai nomor seperti biasa malah tidak mau login padahal...,negative,neutral,medium,Neutral (score:-1.0)
20732,haloo min kenapa sekarang klo transaksi gopay harus dengan metode gopay plus saya kurang setuju dengan ini karena tidak ...,negative,neutral,medium,Neutral (score:-1.0)
20741,apk sangat membantu,positive,negative,medium,Negative (score:-2.6)
20743,banyak promonya dan sangat membantu dalam berpergian dan juga untuk semua sarana yang diberikan thanks go jek,positive,neutral,medium,Neutral (score:0.0)
20744,aplikasi lengkap berbagai macam kebutuhan berbelanja lewat online tinggal pesan saja sangat mudah di akses terimakasih,positive,negative,medium,Negative (score:-2.6)
20746,untuk ojol dan go food keren tapi apk paylater nya sangat ribet limit sudah dapat sudah bisa digunakan tapi tiba limit d...,neutral,positive,high,Strong positive (score:4.8)
20750,gojek sekarang mahal banyak banget biaya fak perlu biaya jasa aplikasi biaya perjalanan aman bahkan toll di bebani ke ki...,neutral,negative,medium,Negative (score:-2.6)
20755,aplikasi karya anak bangsa sangat membantu jika diperlukan walaupun sebetul saya jarang pakai tapi jika dibutuhkan sanga...,positive,negative,high,Strong negative (score:-6.4)
20762,halo go jek kalian adalah produk dalam negeri yang seharusnya membela kepentingan rakyat indonesia tapi kenapa kenyataan...,neutral,negative,medium,Negative (score:-2.0)
