index,text,old_label,new_label,reason
29,kenapa akhir ini aplikasi gojek bikin kecewa ya sudah hampir hari berturut saya pesan go ride tidak bisa bisa pada hal aplikasi ini sangat membantu saya untuk berangkat dan pulang kerja hari hari tapi kali ini bikin kesal tiap malam tiap pesan go ride loading terus mau nunggu sampe menit pencarian drivernya tidak kelar kelar pada hal paket saya masih ada ini sudah berapa hari berturut seperti ini tolong dong pihak aplikasi ini di perbaiki lagi sistem nya,negative,neutral,Mixed sentiment detected
41,ini terkait pesanan di online store yang belum di pick up driver padahal saya pake gosend isntant katanya jam sampai tapi ini sudah sehari belum ada yang pick up paket saya kecewa dah tidak pake gosend kalo belanja online lagi kapok kalau bisa perbaiki mekanisme gosend instan nya bagaimana caranya biar barang gosend instant bisa cepet di pick up driver bintang naek kalau sudah diperbaiki masa lima pengemudi out pick semua wth,negative,neutral,Mixed sentiment detected
165,setelah diperbarui kenapa jadi lambat ya aplikasinya terus sering keluar sendiri tolong dong perbaiki masa tampilan bagus tapi lambat sih,negative,neutral,Mixed sentiment detected
169,masa saya pesen mknan harga nya k bru ongkir k trus saya jg pake vocer yang hrg k trus jg ada tambahan nasi harusny saya byr itu k tapi ini jadi k saya sangat kecewa skli kya di begoin padahal saya sering pesan mknan lewan gojek dan hasil nya mempuas kan tapi kali ini saya sangat kecewa,negative,neutral,Mixed sentiment detected
171,terima kasih atas perbaikan bug yang dilakukan sebelumnya,negative,positive,Thank you message without complaint
197,bagus aplikasinya tapi sayangnya terlalu lambat cari pengemudi mungkin bisa diperbaiki,positive,neutral,Mixed sentiment detected
210,sukses ya tapi jangan naik tarifnya nanti tidak suka orang pesan go jek karena berubah ubah tarif terimakasih selamat dan tuhan memberkati,negative,neutral,Mixed sentiment detected
217,sekarang puas lagi limit paylater dinaikin padahal sempet kecewa karena diturunin padahal tidak pernah telat byr jg tapi sudah naik lagi dan baru tau ternyata bisa buat byr blibli jg walaupun belum coba beneran karena belum mau pakai hehe tapi mudahan pas dipake nanti blibli bisa pake method paylater payment gopay tq,negative,neutral,Mixed sentiment detected
290,semenjak naik versi aplikasi goshop chatnya sering kali lemot tulisan disambungkan tp mohon para it yang mumpuni solusinya karena saya salah satu pengguna goshop aktif dan sangat membantu komunikasi chat dengan driver trima kasih,neutral,positive,"Clear positive pattern, not mixed"
345,tolonglah buat para customer gojek bijaklah dalam memberi rating jangan kesalahan dari resto tapi kasih bintang buruk ke driver tugas pengemudi hanya mengantar pesanan bukan memasak atau menyiapkan pesanan driver hanya memastikan pesanan sudah sesuai dan lengkap kalo memang ada yang kurang baiknya hubungi pengemudi kembali supaya di selesaikan masalahnya jangan asal langsung kasih bintang buruk ke driver karna sebelum mengantar pengemudi pasti sudah pastikan kalo pesanannya sudah lengkap,positive,neutral,Mixed sentiment detected
347,kenapa ada rute yang tdak sesuai di area jayapura pertama karena perbaikan jalan sedangkan perbaikan jalan sudah selesai tapi rute tetap rute yang jauh dan harga jauh lebih mahal,negative,neutral,Mixed sentiment detected
379,saya kecewa dengan gojek saat ini karena saya mau masuk ke akun saya dan disuruh memasukan nomer telepon untuk mendapat link verifikasi tapi kenapa sudah dicoba berulang kali input nomer sms masih belum ada,negative,neutral,Mixed sentiment detected
383,sangat membantu tp kalau sudah musim hujan susah dan bahkan ndk pernah ad yang ambil orderan,neutral,positive,"Clear positive pattern, not mixed"
466,telat bayar pylater menit denda ny k tidak ngotak padahal transaksi cuma k denda ny k tidak ngotak banget bukan ny membantu malah bikin jadi susah padahal di oren tidak segede itu denda keterlambatannya gojek bagus banget dah pokonya mantapp,negative,neutral,Mixed sentiment detected
467,makin lambat bukannya makin memperbaiki aplikasi biar tambah bagus tapi ko malah sering error kecewa banget sama aplikasinya klw gini trs mohon dibuat masukan buat kantornya,negative,neutral,Mixed sentiment detected
517,aplikasinya bagus tapi drivernya kebanyakan nakal mentang mentang tarifnya murah malah dilamain sama drivernya,positive,neutral,Mixed sentiment detected
538,aplikasinya sangat membantu saya sangat suka tapi yang sangat bikin saya kesal saya sering pesan disuatu tempat dan lokasinya selalu full rame driver menolak untuk mebelikannya alasannya males nunggu lambat dan pengemudi tidak mau cancel saya diminta batal melalui ponsel saya tolong driver seperti itu di kasih pencerahan biar tau kerjanya tidak cuma enak aja bahwa semua pekerjaan ada enaknya ada enggaknya,negative,neutral,Mixed sentiment detected
565,saya tidak bisa login ke akun saya setelah ganti hp padahal sebelum nya bisa bagaimana ini,neutral,negative,"Clear negative pattern, not mixed"
577,saya ada bagus up rbu hari yang lalu dan sampai sekarang saldo nya tidak masuk saya chat cs nya d suruh minta bukti foto bagus up sama akun gojek saya terus saya kirim eehh sampai saat ini blum juga ada balasan kecewa rasa nya pakai apk ini bukan nya bikin senang tapi malah bikin uang hilang,negative,neutral,Mixed sentiment detected
584,tidak suka banget terlalu nama nunggu padahal sudah pakai pengiriman makanan yang cepet sudah itu nunggu pengemudi lambat tidak dapet eh malah di batalin harusnya bisa di batalin lebih cepet bukan malah harus nunggu jam buang waktu,negative,positive,Clear positive pattern detected
620,perbaikin sistem gofood nya kalo resto yang sudah lambat tidak aktif mending diapus otomatis trus opsi bantuan juga kalo bisa jgn pke robot biar berguna soalnya kl ada masalah sama resto pengemudi kdg gamau ngebatalin dr dianya kita pembeli yang dicecer pengemudi nya perkara mereka mngkn takut kena suspend kl mereka yang ngebatalin sdgkan kita saja gabisa ngebatalin kl pesanan sudah diproses di aplikasi padahal sudah berusaha complain ke opsi bantuan tapi tidak guna sama sekali,negative,neutral,Mixed sentiment detected
627,kenapa sekarang susah sekali mencari drivernya pesan goride sampai ulang ulang tidak ketemu juga pesan gofood dicancel terus karena tidak ada drivernya ini kalau satu atau dua kali oke deh saya maklumi tapi kenapa terus terusan kaya gitu yaa bukannya makin dibagusin pelayanannya kenapa malah makin hancur sih anehh,negative,neutral,Mixed sentiment detected
647,nih saya kasih bintang dua karena sering bug seperti kluar sndiri padahal ram sudah cukup tidak ad masalah apa pun jaringan lumayan lambat biasa nya tidak ngebug tapi kenapa jadi ngebug lambat lambat jadi tolong di perbaikin klo tidak jadi susah buat ngejb untuk anak ngejb ngetransfer nya,negative,neutral,Mixed sentiment detected
661,buruk gojek sudah upgrade gopay tapi dompet masih terkunci dan tidak bisa digunakan sudah kirim email ke gojek katanya akun sudah tidak bisa di gunakan silahkan buat akun lain dompet terkunci gabisa di balikin sudah upgrade gopay ke premium tapi gabisa di gunakan pas sudah buat akun lain saya mau upgrade gopay ditolak karena data sudah terdaftar di akun lain ini bagaimana terusan tolong lebih diperbaiki lagi gojek masa saya upgrade gopay pakai data orang lain kan penyalahgunaan,negative,neutral,Mixed sentiment detected
668,minta tolong kalau ada yang daftar jadi pengemudi gojek dites dulu atitude nya sumpah kurang ajar betol marah marah tidak jelas karena tidak nemu lokasi saya udah dikasih tau lokasi yang bener males banget nyari sudah pesen lambat nganterin pun pakek marah dasar tidak punya etika kami jg bayar ya ongkir nya buat apa kalau disuruh ambil tidak sesuai lokasi kalau bisa jgn cuma apk nya saja di perbaiki tapi pekerja nya jg cari atitude yang baik,negative,neutral,Mixed sentiment detected
670,selamat pagi akun gojek customer saya setelah di update tidak bisa dibuka di hp ini tapi di hp lain bisa sudah email tapi belum ada tanggapan lagi mohon segera perbaiki versi tidak cocok di hp saya,positive,neutral,Mixed sentiment detected
678,bagus dan sangat membantu semoga gojek trus berkembang tapi hanya sedikit saran untuk app nya biar bisa tetap dipakai walaupun blum upgrade ke versi baru kasihan yang blum update versi baru pas mau pake harus update dlu sedangkan upgrade ya kadang suka susah kalau memory hp sudah full atau sinyalnya putus trimakasih,positive,neutral,Mixed sentiment detected
694,sekarang performa gojek makin memburuk untuk klik pesanan saja lamanya bukan main padahal jaringan nya sudah saya pastikan cepet dan sinyal bagus tapi saat mau buka aplikasi dan melakukan pemesanan susah banget minta di perbaiki lagi dong sistemnya biar cepet dan mudah kek dulu terimakasih,positive,neutral,Mixed sentiment detected
725,tolong hapus data saya di go pinjam terimakasih,negative,positive,Thank you message without complaint
754,ribett sekarang klo gofood kalo kepencetsalah alamat gabisa di batal harus telpon call center giliran dah di telpon ditanggapi nya tunggu sebentar lagi di proses tapi lambat banget di proses nya belum lagi dapet pengemudi yang marah ngotot mau ambil pesanan gajelas sudah beberapa kali nelpon call center gitu terus tanggapannya tolong yaa diperbaiki klo males nanggepin ubah fitur nya jangan dipersulit,negative,neutral,Mixed sentiment detected
756,sedikit kecewa sih padahal pada bulan maret ini saya belum melakuakn transaksi apapun dengan pay later tapi gatau kenapa saya di kenai biaya langganan mohon untuk gojek segera diperbaiki karena meski hanya rp itu sedikit merugikan dan mengurangi kepercayaan,negative,neutral,Mixed sentiment detected
758,suka sih awalnya saja tapi makin lambat pesan gofood jadi mahal sekali ongkir dan harga makanannya promosi nya ada sedikit ya paling banyak potongan rb diskon nya hanya rb paling banyak beda waktu pertama coba diskonnya paling banyak rb tolong dong banyakin diskon nya tanpa min belanja juga dan tidak harus pake gopay bagaimana jika yang tidak ada akun bank atau yang lainnya untuk isi gopay seperti saya dan hanya ada uang tunai tolong di maksimal kan lagi ya,positive,neutral,Mixed sentiment detected
765,gojek tarif sudah mahal tetapi tidak diimbangi dengan jarak gojek terdekat konsumen disuruh menunggu sd menit sd menit dengan jarak yang jauh padahal ada urusan mendesak sama sampai sekarang akun saya disuspend kali ya sd sekarang saya tidak bs login tolong cek ada gopay saya tolong gojek diperbaiki klo chat gag bisa bagaimana kita berkomunikasi dengan pengemudi giliran ditelpon pada tidak nyambung semua aplikasi tidak jelas,negative,neutral,Mixed sentiment detected
827,bagus banyak promo banyak vocher juga tapi semakin sering pake semakin mahal itupun jaraknya sama tidak berubah,positive,neutral,Mixed sentiment detected
836,sering banget update nya jadi repot mau pesan gojek buru malah sruh update tidak di update tidak bisa pesan gojek kalo syaa hanya pengguna pergi kerja dan pulang kerja maunya buru tidak mau repot,neutral,negative,"Clear negative pattern, not mixed"
933,kasihan pengemudi sekarang dapat cerita dari pengemudi yang tadi antar saya dari jakarta ke bogor katanya sekarang menu setting tujuan hanya bisa dipakai setelah jam malam akhirnya saya minta diantar kembali dari bogor ke jakarta jam sore tapi tidak pakai aplikasi katanya takut tidak dapat arah pulang karena sudah kemalaman saya rasa driver suka bertindak semaunya karena memang keadaan semakin sulit,negative,neutral,Mixed sentiment detected
1005,sangat puas pelayanannya gojek tapi sayang banyak sopir go bak yang sering batalkan pesanan kalo emang tidak mo ambil pesanan jangan diambil biar konsumen tidak kecewa,positive,neutral,Mixed sentiment detected
1008,sangat membantu pada waktu itu sekarang sering di batal dan di ganti driver dan itu menunggu bisa sampai jam menit dan ajaib aplikasi ada minta di kasih tip,neutral,positive,"Clear positive pattern, not mixed"
1012,ok banget sangat membantu tp untuk maps nya masih kacau banget kasihan untuk yang belum paham tolong diperbaiki makasih,negative,positive,Clear positive pattern detected
1040,mesen gofood jadi lambat yaa soalnya pengemudi nganter pesanan orang lain terus suka tidak mood lagi laper tapi harus nunggu lambat,negative,neutral,Mixed sentiment detected
1139,buruk sekali jarak cuma km rutenya di puter puterin jadi km tarif pun jadi mahal yang seharusnya rb jadi mahal rb lebih bagus grab menurut saya utk saat ini grab konsisten,negative,neutral,Mixed sentiment detected
1143,bagus di pake muda di mengerti dan sangat membantu tapi kenapa klu di upgrade lambat sekali prosenya mohon perhat,positive,neutral,Mixed sentiment detected
1223,maaf sebelumnya saya bisa login aplikasi sudah satu bulan ini saya tidak bisa login tanpa tau sebabnya kenapa mohon untuk ditindaklanjuti saya edit terimakasih sudah membantu untuk login kembali,positive,negative,Clear negative pattern detected
1271,pesanan gofood kalo kita nunggu terlalu lambat tidak bisa di batal sama sekali tidak mikir kepentingan pelanggan kalo live chat cuma mesin yang menjawab sama sekali tidak memberi solusi sampai dengan pihak gojek sendiri yang membatalkan dan yang lebih buruk kita nunggu hingga berjam baru pihak gojek yang batalin mohon di perbaiki ketika outlet tutup tak ada pemberitahuan ke gojek ato tak kunjung mendapat pengemudi hingga berjam soalnya kepentingan pelanggan tidak hanya nunggu gojek dtng,negative,neutral,Mixed sentiment detected
1399,sekarang pengemudi gocar suka banget main cancel klo konfirmasi sih gpp ya kalo sudah nunggu trus main batal bikin jengkel nyari pengemudi bisa menit sendiri makanya tarifnya disesuaikan donk gojeg biar pengemudi senang dan tidak suka main batal penumpang,negative,positive,Clear positive pattern detected
1404,tidak bisa pesan manual di go food,neutral,negative,"Clear negative pattern, not mixed"
1409,ongkosnya sih terjangkau dibandingkan sama yang lain tapi kurang nyaman sama beberapa drivernya sering minta cancel ngerasa kesal sih pas diwaktu waktu yang sangat dibutuhkan malah minta cancel alasannya jaraknya kejauhan kayak tidak profesional gitu kalau pake aplikasi lain nya belum pernah pengemudi minta cancel maaf ini hanya kritik berdasarkan pengalaman saya bukan bermaksud menjelekkan aplikasi ini ya agar kedepannya lebih baik lagi pelayanannya dan drivernya profesional,negative,neutral,Mixed sentiment detected
1421,selama ini bagus dan lancar tapi sayang saya tidak bisa up grade play later dengan alasan sudah pernah dipakai padahal hp dan no saya baru agak kecewa jg sih,positive,neutral,Mixed sentiment detected
1504,gojek makin kesini makin ngaco susah dapat driver lambat banget dapet drivernya sekalinya dapat jarak jemputnya jauh banget padahal ada pengemudi yang dekat tapi tidak nyantol bukannya tambah lebih baik malah makin menurun performanya,negative,neutral,Mixed sentiment detected
1543,alamat sama titik lokasinya tidak pas banget suka salah terus kadang males pake tapi kadang butuh kalo pengen apa apa tolong dong min perbaiki,positive,neutral,Mixed sentiment detected
1553,paling sering pake gojek dari yang lain tapi tolong diperbaiki sistemoption di customer service nya ada bnyak toko yang sebenarnya tutup tapi di apk masih buka mau batalin pesanan susah kasihan drivernya ngabisin waktu tapi respon dari pusat lambat dan susah ayolah yu can du beter dan dis,negative,neutral,Mixed sentiment detected
1578,saya sudah lambat pakai gojek tapi knpa sekarang setiap mau pesen gojek sllu di suruh login padahal akun sudah ada sudah masukan no telp verifikasi nya lambat padahal saya lagi buru sangatt buruk sekali,negative,neutral,Mixed sentiment detected
1591,setelah baca semua ulasan baik dari customer maupun pengemudi sekarang saya sadar aplikasi yang buruk yang membuat pengemudi kena bintang satu komen buruk dan kena suspend atau seringnya customer kehilangan saldo ketika bagus up sudah berhasil saldo ttp nol sebenernya bukan salah pengemudi ataupun customer tapi justru aplikasi nya yang error tapi seringnya malah apliktor menghukum pengemudi dengan sanksi suspend padahal aplikasinya sering error dan bermasalah malah seperti ungkapan maling teriak maling,negative,neutral,Mixed sentiment detected
1607,walaupun kadang terasa mahal dan tidak semua pengemudi memberi layanan yang baik tapi ini aplikasi dari yang awalnya iseng iseng saja tapi sekarang malah suka,positive,neutral,Mixed sentiment detected
1622,untuk yang lain bagus cuman gomart nya jadi tidak lengkap kaya dulu enakan versi lambat bisa pilih toko belanjaanya juga lebih lengkap,negative,neutral,Mixed sentiment detected
1639,aplikasi ini sangat membantu sekali baru proses kerjax cepat sekali pokokx puas sudah lambat pakai aplikasi ini dr tahun smpai skrg tapi kalau bisa fitur vermukx dihilangkan ajah kode otp sudah lumayan,positive,neutral,Mixed sentiment detected
1654,gojek belanja sangat membuat saya marah karena apa ya karena pelayanan nya sangat buruk saya sudah pesan tapi dari kemaren tidak dateng kyk paket dan pembahasan nya pun kurang baik saya sudah pesan tapi tidak di angkat trus dia kasar banget sama saya tolong jangan begitu dengan pelanggan pelanggan adalah raja,negative,neutral,Mixed sentiment detected
1679,halo saya mengalami masalah tidak bisa login hanya berputar spt loading sudah email ke cs sudah ke twitter dan ig jg belum ada respon device samsung m g bantu dong,neutral,negative,"Clear negative pattern, not mixed"
1692,aku suka sekali tapi alangkah baiknya klu di tambah fasilitasnya yaitu pembelian tiket online kereta api lokal dhoho n penataran pasti bgus sekali karena jujur belum ada yang memberukan fasilitas itu n kita klu beli tiket harus datang yang lebih mengecewakan lagi dah jauh datang n lambat banget ngantri seharian ehh tiket habis itu sangat menyita waktu n metugikan rakyat kecil karena hrus di potong gaji hari demi mendapatkan tiket kreta tolong gojek sediakan ya n kerjasama dengan jasa kereta api lokal jatim agar kita rakyat kecil bisa lebih ringan n terbantukan n bs beli lewat online tanpa harus izin n potong gaji seharian makasih gojek,positive,neutral,Mixed sentiment detected
1704,kecewa berat sih belanja tengah malam pake gomart karena ada voucher gratis ongkir pas sampe di lokasi ada beberapa barang yang tidak ada padahal di aplikasi masih ada stock nya kaya di sengaja gitu tidak diadain lalu secara tidak langsung biar voucher gratis ongkit dengan minimal belanja itu tidak kepake alhasil bayar ongkir bengkak wkwkwk sumpah licik tidak lagi lagi saya pake nih aplikasi titik paling kecewa banget ama aplikasi ini malem kalo tidak niat ngasih voucher gausah ngasih,positive,negative,Clear negative pattern detected
1758,semua nya bagus untuk aplikasi nya yang kurang hanya di ojek nya saja yang kadang jemput kelamaan di hubunggi tidak bisa dan sms cuma di baca kesel,positive,neutral,Mixed sentiment detected
1791,pengalaman buruk mesen gocar sampai x di batal pesan pada tidak mau ngambil padahal sudah saya non aktifin promosi vocher dan di ditect ada yang deket mnt cuma kaga mau ngambil tidak sudi download nih apk lebih baik grab lebih menghargai waktu pelanggannya mau harga murah apa tidak juga,negative,neutral,Mixed sentiment detected
1794,buat pt gojek mohon untuk di perbaiki lagi semua ongkir nya karena sangat mahal sekali semenjak mahal saya tidak pernah pake gojek lagi padahal dulu saya suka pake gojek atau gofood tapi sekarang sudah tidak pernah karena mahal ongkir nya dan tidak ada diskon nya mohon untuk di perbaiki ongkos nya karena tidak semua pengguna gojek kalangan ke atas tapi banyak juga yang kalangan menengah ke bawah mohon agar di perbaiki lagi ongkos nya agar banyak yang suka pake gojek klo murah,positive,neutral,Mixed sentiment detected
1808,bagus banget sih soalnya pengemudinya dateng tidak begitu lambat jadi tidak bisa telat dan drivernya juga kalo dateng di dekat daerah penjemput jadi tidak begitu lambat bagus banget,negative,positive,Clear positive pattern detected
1875,aplikasi tidak simpel dan aga membingungkan bagi pengguna baru dan pajaknya mahal banget buat bagus ml saja harga rb jadi rb haduh padahal sudah tertulis cuman rb eh malah jadi segitu yaa tidak wajar saja sii tolong di perbaiki lagi buat pembayaran,negative,neutral,Mixed sentiment detected
1900,weyy kenapa waktu saya mau upgrade ke gopay plus gagal terus padahal semua sudah lengkap tidak blur dan sudah pas fotonya taman jawab dongg,neutral,negative,"Clear negative pattern, not mixed"
1915,servernya buruk mau transfer ke bank ini itu gagal trus tidak recommend untuk kerja freelance bisnis online kaya saya yang sering transfer bank kadang kesal juga jatuhnya kaya uang saya ke tahan solusi di kasih artikel tapi menurut saya itu bukan solusi hanya pengalihan again saya masih pertanyakan kenapa server transfer antar bank nya selalu gagal moga kedepannya makin baik lagi good luck gojek indonesia,negative,neutral,Mixed sentiment detected
2012,buat manajemen gojek kalo laganan voucher emang diskon nya itu yang fair aza diskon rb tp dpt nya cuma rb kalo di hitng kami cuma dpt diskon rb loh pliz kita nih beli voucher juga bayar lo bukan gratis lagi pula hrga makanan juga uda di tambah jadi makasi sblm nya kalo di perbaiki karena jujur kecewa banget apalagi kami ini pekerja sapa sih tidak mau hemat dan tolong kalo tidak brani jgn buat promosi ya sorry kalo ada kata yang salah,positive,neutral,Mixed sentiment detected
2056,saya pesan makanan malam malam karena lapar sudah nunggu lambat hampir jam status pengemudi meluncur ke restoran dikonfirmasi pengemudi ternyata restonya tutup sudah nunggu lambat tapi dapetnya kayak gitu tolong diperbaiki lagi sistemnya kalau emang resto tutup haruanya saya gabisa pesan makanan tapi itu makanan bisa dipesan tapi restonya tutup asu,negative,neutral,Mixed sentiment detected
2126,maaf saya kasih bintang soalnya kalo sudah malam kenapa susah ya dpt pengemudi untuk goodfood perasaan bisa bisa saja kenapa sekarang jadi susah ya sampai malas jdinya pesan di gojek lagi masuk pesanan ke resto tapi stlah itu ada bacaan telat karena tidak dapat pengemudi padahal tidak ada problem mslah pengemudi goodfood sblmnya kenapa sekarang jadi susah ya tolong di perbaiki lagi soalnya saya jadi sulit kalo pesan goodfood di gojek kendalanya gtu trus terima kasih di daerah kalimantan selatan,negative,neutral,Mixed sentiment detected
2155,admin tolong di bantu saya mau buka apk tapi no saya sudah ganti mau signup lagi email nya nyangkut ke no lambat mau update no dalam proses memasukan no baru malah ada masalah terus bagaimana ini,positive,neutral,Mixed sentiment detected
2177,sangat memuaskan pelayanannya orangnya ramah walaupun terkadang lambat jemputnya karena macet,negative,positive,Clear positive pattern detected
2222,bagus tapi saat kalo go food sebagian tidak ada gambar jadi agak buruk milihnya kalo bisa semua pilihan ada gambar dipertingkatkan lagi ya gojek,positive,neutral,Mixed sentiment detected
2294,klw dulu awal mula memang y gojeck sangat baik dlm pelayanan pelanggan klw sekarang sudah jadi aplikasi sampah d mna sulit mendapatkan pengemudi ketika memesan jasa gojeck ketika jarak yang sedikit jauh dng ongkos yang jumlah ny mereka anggap uang kecil mereka akan menolak dng alasan ke jauhan kelamaan nnt menunggu ketika order sekrang sulit dan lama bisa mau pesan bisa kali bahkan lebih tidak akan dapat driver dng alasan tertera pesanan sedang penuh,negative,positive,Clear positive pattern detected
2298,aplikasi ini sudah bagus dan sangat membantu saya yang tidak bisa naik motor jadi lebih mudah untuk bepergian saya termasuk sudah lambat menggunakan jasa transportasi online tapi untuk pertama kali nya dapat perlakuan tidak menyenangkan dari pengemudi nya semoga kejadian yang saya alami pertama dan terakhir untuk pihak dari gojek mohon kedepan nya lebih menseleksi lagi calon pengemudi agar tidak terjadi perlakuan yang demikian terima kasih sukses selalu,positive,neutral,Mixed sentiment detected
2314,kenapa akun gojek saya tidak bisa login disuruh perbarui trus,neutral,negative,"Clear negative pattern, not mixed"
2353,aplikasinya tidak membantu akun saya punya limit gopaylater jt tapi sama sekali tidak bisa digunakan padahal tagihan tidak ada sama sekali percuma masuk kategori anak sultan tapi pelayanan kayak gini kecewa betul sama aplikasi ini kalo emang tidak bisa digunakan ngapain disetujui kenaikan limit sampai jt aneh setelah dibuat laporan dari email tetap saja tidak bisa terselesaikan malah disuruh ganti metode pembayaran kalo gini sih mending hapus akun saja lebih baik,negative,neutral,Mixed sentiment detected
2373,mau buka layanan gofood susahh banget di keterangan server error terus kalau mau buka goride oke go car oke mau buka go food doank ni tunggu berjam jam tidak kebuka apk nya kecewa,neutral,negative,"Clear negative pattern, not mixed"
2402,maaf ya sebelumnyaa terkait hal kalo segala pemesanan sistem cod minta tolong bngt pengemudi harus ada usaha buat ada kembalian deh yaa kalo x oke lah ya gausa pake kembalian tapi lambat lambat tekorr juga kaya misal pembelian uang nya kaya kembaliannya tolong diusahakan ya pak driver karena kita juga lambat lambat tekor kalo kaya gitu byngi kalo keterusan kaya gitu x dah berapa itu fyi aku kalo masih receh oke ini bukan mksd itung an atau bagaimana tapi kaya saling mengerti dong ya,negative,neutral,Mixed sentiment detected
2420,tolong ya harap lebih di perbaiki masa belanja lewat go jek di tokonya tertera jelas kalau diskon tapi kenapa ya d setruk malah tidak diskon bahkan terkadang jauh lebih mahal dari aslinya kenapa ya tidak seduai kalo begini kan kita semua rugi harusnya yang tertulis di gojek harus sesuai sama toko sangat kecewa,negative,neutral,Mixed sentiment detected
2432,hay gojek saya kluar dari akun dan saat ingin masuk lagi tidak bisa login pakai no saya terus pas login pake akun fb pun tidak bisa ada kah solusi untuk saya,neutral,negative,"Clear negative pattern, not mixed"
2433,sebenernya aplikasinya sudah bagus tapi pas saya coba aktifin paylater nya tiap mau bayar ko no conecting terus padahal buka laman gojek yang lain lancar aja itu kenapa ya ka bisa kena denda saya kalo gini terus paylaternya tolong ka perbaiki,positive,neutral,Mixed sentiment detected
2439,perasaan sekarang makin mahal kalo mau beli makanan padahal pake langganan tapi masih mahal aja dulu kalo deket sudah pake gojek plus paling ongkir rb tapi sekarang hampir ribuan padahal deket loh terus yang jualananya juga pake gojek plus tapi masih mahal aja aku kadang tipe yang beli makanan suka kasih tip ke abang goiekna karana sering tidak enak banget walupun tidak banyak juga tapi semenjak pada mahal jarang beli makanan d online lagi,negative,neutral,Mixed sentiment detected
2440,bagus boii bisa bagus up gratis diamond epep ini bisa ya gess pokoknya mantull dehhtapi kenapa pas mau menginstal malah di bilang harus ada salah satu yang di hapus padahal aku sudah hapus semua terus lambat juga nginstal nya tapi gapapa yang penting garugi,positive,neutral,Mixed sentiment detected
2463,lumyan senang pake gojek cuma kadang tarifnya mahal,negative,neutral,Mixed sentiment detected
2486,update terbaru bugnya gila bngt ya saya ni jadi tidak bisa pesan dari universitas borobudur ke stasiun cawang padahal sebelum update lancar bngt,positive,negative,Clear negative pattern detected
2503,suka dengan aplikasi inii sudah pakai selama tahun lebih kira selama saya jualan pesen gojek orang dalam waktu bersamaan juga bisa dah pokoknya tapi tolong dong fitur semua riwayat dikasih lagi dong kaya dulu biar bisa liat riwayat gosend goshop gofood jadi satu hehe sekarang cuma bisa lihat riwayat bagus up gopay buat isi pulsa paket data bayar tagihan saja trimakasih selebihnya saya dan terbantu dengan pelayanan gojek,positive,neutral,Mixed sentiment detected
2510,tolonglah diperbaiki apl nya masak saya pesan kenapa lambat dapat driver pdhl banyak pengemudi d sekitar saya mereka bilang anyep tapi kenapa saya pesan susah,negative,neutral,Mixed sentiment detected
2597,tidak bisa pesan dari jarak jauh,neutral,negative,"Clear negative pattern, not mixed"
2620,terimakasih kalau pesan sll cepat dtg jadi kasih bintang dech tapi barusan saya pake gojek kasih bintang setelah kirim kenapa tampil cmn bintang satu ya apakah ada kesalahan sistem kasihan drivernya kl begitu penilaian baik malah muncul penilaian buruk,positive,neutral,Mixed sentiment detected
2627,sudah menahun pake gojek tapi jujur tidak suka sama apdetan terakhir tampilan utama akun gojeknya bisa dikembaliin kayak dulu lagi tidak min ribet banget soalnya yang sekarang lebih suka yang lama dan pleasee masa go play nya pakai pajak selama ini terakhir bulan lalu saya beli item games mana ada pajak pajakan yang dibeli tidak seberapa tapi pajaknya loh gede banget wooi tolonglah min jaman susah gini jangan ditambah lagi dong susahnya,negative,neutral,Mixed sentiment detected
2640,gila ongkirnya naik jadi k padahal cuman deket ngak ada km sekarang tambah ada biaya pesanan kecil mantap makin haru makin mahal di ongkir,negative,neutral,Mixed sentiment detected
2646,bagus sih apknya membantu tapi ko saya upgrade akun go pay selalu gagal dan lambat sekali tidak ada jawaban atau konfirmasi ya pihak internal mohon dibantu,positive,neutral,Mixed sentiment detected
2670,baguss banget cepet dapet drivernya tapi agak susah tadi buat daftarnya gabisa terus bagaimana y cara daftarnya tapi buat mesen cepat,positive,neutral,Mixed sentiment detected
2709,pesanan suka ke batal sndri kata abang gojeknya gua yang cancelin tapi gua tidak pernah tuh nge batal pesanannya tidak tau deh ya antara aplikasinya yang error atau pelayanan abang gojeknya yang buruk tidak mau terima pesanan trs batal sepihak,negative,neutral,Mixed sentiment detected
2741,nmr hp gojek hangus jadi tidak bisa login,neutral,negative,"Clear negative pattern, not mixed"
2767,sangat bagus dan memuaskan sayang upgrade nya terlalu lambat dan butuh waktu,neutral,positive,"Clear positive pattern, not mixed"
2921,tidak tau heran saja kenapa makin kesini kinerja gojek menurun mau itu drivernya yang telat langgar lalu lintas dan yang paling kesal adalah di keterangannya suka langsung di keep kalau kita sudah di perjalanan sedangkan drivernya sendiri belum berangkat ke tempat konsumen mohon diperhatikan lagi kalau perlu ada fitur pembatalan driver jujur saya agak gedek sudah nunggu lambat padahal lagi buru buru mau di cansel tapi tidak bisa terima kasih mohon diperbaiki ya min,negative,neutral,Mixed sentiment detected
2922,saya suka sekali pesan go food karena jadi tidak repot repot pergi keluar tapi kalau bisa ongkirnya jangan terlalu mahal,positive,neutral,Mixed sentiment detected
2942,glitch sistem alamat go food awalnya sudah buat sesuai alamat yang benar namun pas makanan selesai dan mau diantar malah ke alamat lain yang pernah ditujui sebelumnya tolong segera diperbaiki,negative,neutral,Mixed sentiment detected
2949,saya tidak bisa pesan layanan apapun pemberitahuanya kami mendeteksi kegiatan tidak biasa untuk sekarang kamu tidak bisa pakai gojek ini bagaimana solusinya kemarin normal ajasaya sering pesan mohon tanggapanya,neutral,negative,"Clear negative pattern, not mixed"
2974,overall sangat membantu saya saat membutuhkan transportasi everywhere everytime tapi saya sedikit kecewa dengan gojek kenapa fitur chat nya suka ceklis satu dan lambat sekali terkirim ke pengemudi dan yang paling buruk maps pengemudinya tidak sesuai dengan aplikasi sehingga yang terlihat dekat twenyata masih jauh tolong diperbaiki thx,negative,neutral,Mixed sentiment detected
2976,saya kecewa sama paylater gojek denda keterlambatannya besar banget makin lambat makin banyak padahal yang kita pinjam cuman rb kita bayar lancar tepat waktu pun percuma limit masi tetap rb tlg perbaiki donk cara penagihan nya jgn pake cara keras dan ngancem customer biar custemer nyaman mengunakan jasa gojek dan paylater gojek dan tlg tlg berikan keringanan untuk denda keterlambatan byr paylater nya atau berikan kemudahan misalnya dengan cara mencicil trimakasih salam satu aspal,negative,neutral,Mixed sentiment detected
3013,apk rusak size saja yang besar tapi fiturnya kurang loadingnya lama katika transaksi juga lama di update bukannya tambah bagus malah tambah rusak dahlah,negative,neutral,Mixed sentiment detected
3037,sukaa apk ini cocok buat saya yang suka makan tapi males keluar rumah cuman ongkir nya mahal its okay pokoknya tetep the terbaik,positive,neutral,Mixed sentiment detected
3061,beli pulsa listrik tokennya keluar tapi saat digunakan kwhnya tidak ada buruk sudah kali seperti itu saldo hilang percuma,negative,neutral,Mixed sentiment detected
3065,layanan dari pak gojeknya baguss tapi ada beberapa yang bingung sama map dan tidak tau alamatnya semangat buat bapak dan ibu yang sudah mengantarkan kamimakanan kami semua sampai ketujuan,positive,neutral,Mixed sentiment detected
3070,aplikasi ini sudah bagus dan lengkap saya pakai sudah lambat dan tidak ada kendala tapi minggu terakhir ini maps rutenya buruk sekali saya mau pesan goride untuk jemput anak saya dari sekolah ke rumah yang biasanya jaraknya cm km tiba diputar rutenya hingga km otomatis harganya ikut berubah biasanya rb jadi rb otomatis saya jadi pesan di aplikasi lain tolong diperbaiki mapsnya karena ini merugikan pelanggan gojek,negative,neutral,Mixed sentiment detected
3148,mlaam ini malam yang saya alamin gojek menonjolkan kebegoann dan ketidak profesionalan baik pengemudi maupun cs nya gara kelamaan nunggu konfirm pengemudi smpe diganti otomatis sama sistemnya di chat call tidak bisa cs dtlpon malah bikin tambah emosi ditambah lagi mau buka pesanan lain tokoo dah pada tutup bangsat percuma aplikasi gojek bagus petugasnya cacat pas liat di rate appstore lol bintang saja,negative,neutral,Mixed sentiment detected
3163,kalau sekarang gojek pake sistem pesanan gofood yang tidak bisa di cancel mungkin tujuannya agar pengemudi dan resto tidak dirugikan its oke tapi kalo kasusnya kaya saya dan banyak cust lainnya yang tidak sengaja klik pesan padahal cuma lagi cek harga dan ternyata pesanan tidak bisa batal setelah bolak balik telepon call center pastinya cust kecewa dong inget masih ada aplikasi sebelah jangan memaksakan kehendak ke customer,negative,neutral,Mixed sentiment detected
3198,sulit mencari pengemudi pada saat hujan tengah malam dan menjelang shalat jumat utk aplikasi ini sangat membantu,neutral,positive,"Clear positive pattern, not mixed"
3248,tolong admin adakan fitur tambahan agar upgrade gopay plus lebih gampang saya hampir kali gagal terus,neutral,negative,"Clear negative pattern, not mixed"
3310,kesal banget saya mau pulang sudah di atur ke alamat rumah tapi arah peta di aplikasinya muter jauh sudah di atur berkali masih bgtu aja di petanya selalu ngarahin ke arah yang jauh muter baru sampe rumah tolong dong di perbaiki biasanya harganya cuman karena muter jauh ampe bener kesel mana lagi urgent uang bawanya tidak banyak ampe bgtu perbaikan dong perbaikin,negative,neutral,Mixed sentiment detected
3317,kirain cuma saya yang ngerasain ternyata di lihat dari ulasannya jg banyak yang terjadi kendala pada sistem aplikasi mulai dari blank tidak ada sinyal sulit dibuka dll padahal tiap transaksi ada pembayaran aplikasi tapi tetap saja bukan main baik malah makin buruk,negative,neutral,Mixed sentiment detected
3318,selama ini gunakan itu jasa pesan antar pesanan diantar tiba baik karena dukungan maps bagus cuma ada pengemudi kurang paham baca maps jadi ada agak lambat,negative,neutral,Mixed sentiment detected
3334,gomart pake voucher diskon ongkir dengan min pembelian eh produknya ada yang kosong memang sih jumlah bayarnya dkurang produk yang gdaa tapi jadi tidak dpt diskon ongkirnya kan lumayan mahal lebih baik bnr free pake alfagift dpt point yang bisa dtukar jga ini dah ongkirnya lebih dr hrg produk flash sale jadi mls pesen gomart produk yang kosong di store ya mnaa tau yang mnaa ntr dkurang hrgnya jadi tidak dpt diskon ongkir lagi,positive,neutral,Mixed sentiment detected
3338,respon penanganan untuk pengaduan pelanggan lambat transaksi beli token menggunakan saldo gopay yang sudah terpotong tapi no tokenstrom tidak muncul statusnya menunggu padahal dah nunggu jm lebih tapi belum juga masuk payah gojek,negative,neutral,Mixed sentiment detected
3354,tolong dong agak di tingkatkan lagi saya setiap pesan gojek kalau malam apa lagi pakai gopay kenapa susah banget gojek untuk terima padahal saya naikin ongkos gojeknya tapi kadang sering nolak aplikasi ini kurang bagus lebih bgus indriver sam maxim masih mau nerima coustmer kalau kita sering kenak malam saya kecewa kalau pakai aplikasi gojek kurang bguss,negative,neutral,Mixed sentiment detected
3392,saat pesen gofood selalu saja foto makanan nya tidak tampil jadi ingin memesan pun susah padahal sering di update app nya tapi tetap foto tidak tampil terus meskipun dalam keadaan bagus jaringannya,positive,neutral,Mixed sentiment detected
3393,semua nya sudah bagus harga sesuai tapi yang ingin saya tambahkan coba saja ada go food pakai sepeda jadi untuk para remaja yang lagi susah saat pandemi seperti ini bisa mencari uang untuk kebutuhan belajar online ny mohon d tanggapi ya,positive,neutral,Mixed sentiment detected
3408,benci sama aplikasi ini promonya menipu sudah kali pengalaman seperti ini yang harga awalnya rb sama termasuk promonya eh tiba tiba berubah jadi rb trs hariini pun kejadian lagi yang harga awalnya rb sekarang jadi naik rb apa apaan tidak amanah awalnya saya senang tapi akibat kejadian ini saya jadi tidak suka semoga dengan kritik saya ini bisa membuat aplikasi gojek bisa lebih baik lagi kedepanny,negative,neutral,Mixed sentiment detected
3413,kecewa banget sama go shop nya cari pengemudi lama dan selalu alesan uang tidak cukup trs pengemudi minta di cancel tidak satu kali dua kali tapi berkali kali alesan uang tidak cukup tolong dong di perbaiki pengemudi nya juga rata rata tidak sopan tolong dong yang bener kalo kerja kalo tidak sanggup gausa bikin aplikasi kecewa banget sorry saya uninstal kecewa banget bye gojek sampah,negative,neutral,Mixed sentiment detected
3430,tidak jelas rating sendiri bagus dan aman aman saja tidak pernah aneh aneh atau ngapain tapi kalau nyari pengemudi lambat banget apalagi kalau telat bisa sampe menitan,negative,neutral,Mixed sentiment detected
3455,selalu gabisa ngeklik chat padahal sudah di pencet or klik berulang kali tapi susah banget masuk room chat jadi sering miscom sama driver tolong diperbaiki fiturnya,negative,neutral,Mixed sentiment detected
3469,saran saya apabila system it gojek bisa mohon riwayat pesanan goride gocar itu tersimpan dan bisa dipesan kembali di rute yang sama krn kendalanya pada saat saya keluar kota dan keluarga minta pesankan gojek goride gocar lewat aplikasi gojek di hp sy saya kesulitan cari alamat jemput atau tujuan harus lewat peta dan ini sangat susah men detek geser peta karena harus detail dan jarak jauh seperti kita pesan di aplikasi pesawat rute yang sama bisa dipesan lagi dengan cepat,positive,negative,Clear negative pattern detected
3510,kenapa akhir ini sudah banget sih mau order lambat nyari drivernya promonya sih menarik tapi percuma kalau tidak bisa dpt driver tlg dong diperbaiki sistemnya,negative,neutral,Mixed sentiment detected
3529,masa ya titik pesanan berubah sebelumnya cek masih di titik tapi giliran sudah di tlp kata pengemudi sudah sampe di titik pas di liat diluar rmh tidak ada pas cek titik lokasi di app sudah berubah ditambah lagi harganya lebih naik au ah gelap ku turunin ratingnya perbaiki dulu klo sudah baru dinaikin buruk dah,negative,neutral,Mixed sentiment detected
3601,oke banget untuk keseluruhan cuma satu saran aja untuk pelayanan go food klo bisa rate untuk toko nya di tampilkan juga di halaman utama kasian mereka nyari bintang susah,positive,neutral,Mixed sentiment detected
3655,dari dulu suka sekali dengan aplikasi ini karena sangat membantu untuk kegiatan sehari hari apalagi untuk domisili yang susah banget cari angkot ini sangat membantu cuma sekitar tahun terakhir ini masih belum terbiasa dengan tampilan barunya mungkin next update bisa ditingkatin lagi dari segi ux nya terima kasih,positive,neutral,Mixed sentiment detected
3671,cukup bagus tapi boleh minta tolong misalnya kalo sudah pesan gojek atau gocar tapi tidak datang datang kelamaan langsung maksimal menit langsung ganti driver ok,positive,neutral,Mixed sentiment detected
3687,mau tanya kalau kita nabung atau nyimmpen uang di gopay dan dsimpan dalam waktu lambat bisa tidak atau misalkan bagus up hari ini rb lalu baru digunain saldo gopay nya ribu tpi sudah bagus up lagi rb sehingga saldo terus ditambah tapi kbanyakan nya d simpen sampe jutaan bisa tidak,positive,neutral,Mixed sentiment detected
3747,saya senang pake aplikasi gojek sangat membantu saya saat mau pergi tapi kadang abang gojek a suka lambat banget,positive,neutral,Mixed sentiment detected
3806,kenapa saya tidak bisa pesan food padahal jarak antara rumah sama resto masih satu kota,neutral,negative,"Clear negative pattern, not mixed"
3883,tarif nya suka berubah kadang murah kadang mahal banget x lipat daru tarif yang biasanya padahal sudah sering naik ke lokasi tujuan yang sama dan di jam yang sama tapi aku tetap kasih bintang semoga bisa diperbaiki sistem tarif nya,positive,neutral,Mixed sentiment detected
3886,mau nanya nih niat tidak si kasi voucher mau dipake ko malah tidak bisa pesan goride mau tidak mau pesan pake aplikasi hejo satu lagi dan mereka punya program hemat yang irit biaya lho,positive,negative,Clear negative pattern detected
3985,aplikasinya sebenarnya bagus tapi ada yang bikin saya tidak nyaman dan kecewa pada metode pembayaran scan awalnya pembayaran scan bisa dipake tapi pas saya mau pake lagi tidak bisa malah keluar peringatan wah aplikasi belum bisa lanjut mungkin fiturnya belum ada buat kamu atau aplikasi perlu di update dlu saya sudah update tapi masih saja tidak bisa dipake kenapa yaa kenapa bisa gtt,negative,neutral,Mixed sentiment detected
3986,kenapa tiap buka gofood sll minta lokasi padahal dah aktif lokasinya ttp minta d aktifkan lagi jadi tidak bisa pesan makanan lewat gofood,neutral,negative,"Clear negative pattern, not mixed"
3989,sekarang sudah mahal ongkirnya trus ada biaya penanganan tmbahan lain overall bagus sih cuman sekarang bnyak apk serupa yang bisa dipertimbangkan biar lebih hemat utk pengguna yang sering seperti saya,positive,neutral,Mixed sentiment detected
4038,bisa bantu di update makasih playlater nya macet,negative,positive,Thank you message without complaint
4065,bagaimana sih sudah diupdate tapi aplikasinya keluar terus padahal kapasitas penyimpanan di hp masih banyak sekarang tiap mau buka aplikasi harus nyoba lebih dari x ini bagaimana sih makin buruk sekarang aplikasinya padahal dulu aku suka banget sama gojek sekarang jadi males pake gojek kalo seperti ini terus saya sangat kecewa dengan aplikasi ini,negative,neutral,Mixed sentiment detected
4066,mohon tambahkan menu pilihan jenis seri merek motor roda dua agar pilihan perjalanan jauh semakin aman nyaman berkendara tidak sempit duduk di jok lambat akselerasi tambahkan poin bintang plus untuk motor pengemudi terbaik menu pesanan gofood tolong perbaikan saya contoh pesan dua tapi hanya ada satu neh terima kasih,positive,neutral,Mixed sentiment detected
4102,gofoodnya bener ngak bagus banget sudah lambat nunggu dpt pengemudi ujungnya di cancel mending pake shopeefood saja cepet dan lebih murah,neutral,positive,"Clear positive pattern, not mixed"
4115,tumben sudah bayar cicilan paylater saldo sudah kembali tapi tidak bisa dipakai sistem gangguan trus sudah beberapa hari heran kenapa gojek paylater sekarang buruk sekali mana denda telat sehari sudah ribu tolong di perbaiki lagi biar pengguna gojek nyaman,negative,neutral,Mixed sentiment detected
4171,tahun lbih dri jman sekolah sampe kerja pakai aplikasi ini awalnya enak ya yang sring pesan kyk aku sllu dpt voucher rb bakhan lebih dan ongkirnya lumayan miring kalau sekarang ongkir jauh ma deket sama saja mahal dan sllu dapt voucher rb ma rb tapi banyak kan syg dpt cuman dipakai kalau bisa untuk vouchernya selalu dapat banyak saja semisal rb x atau x jadi tidak mubazir sama kalau abis pesan pakai gopay dptnya koin dikit banget tapi aku ttp suka pakai gojek untuk saat ini ku nilai dlu,positive,neutral,Mixed sentiment detected
4187,sudah lambat saya setia banget sama gojek maaf saya bukan tipe orang yang suka cancel orderan baru x kali ini saya salah pesen butuh y car tapi saya salah pencet ride karena saya salah pesen jadi saya batal dong wong yang mau numpang tidak cman saya sndrian ehh pas si pengemudi ride nya dateng dia bentak depan aku saya diemin berlanjut dia malah sms saya marah ke saya dan smsnya msh ada saya screen shoot sama customer kenapa tidak ada attitude y banget nama driverny saya lupa tapi no hp nya saya ada,negative,neutral,Mixed sentiment detected
4222,saya sangat terbantu dengan adanya gojek ini tapi kenapa stelah saya upgrade jadi tidak bisa pesan goride gocar stiap mu masukin alamat tujuan aplikasi tiba ngblank balik lagi ke menu awal tapi kalo gofood aman aja mohon bisa dperbaiki bug ini terima kasih,positive,neutral,Mixed sentiment detected
4226,tolong dong gopay gausah di upgrade ke gopay plus segala yang mempersulit proses registrasi enakan kek dulu simple ini disuruh selfie berkali sudah jelas katanya buram giliran sudah jelas banget selfienya malah prosesnya lambat banget gatau bakal diterima atau ditolak kalo masih ditolak mending saya pake v saja sama dan kedua aplikasi itu sama sekali tidak pernah mempersulit proses registrasi foto buram dikit saja lgsg dikonfirmasi tidak kek gopay matanya rabun jadi nolak proses registrasi terus,positive,negative,Clear negative pattern detected
4263,gasuka banget makin sini banyak oknum pengemudi laki laki yang genit sama cust cewe,neutral,positive,"Clear positive pattern, not mixed"
4286,maaf untuk saat ini sangat mengecewakan saya pesan gocar kali tetapi selalu di batal sama pengemudi yang berbeda saya sangat heran padahal perjalanan hanya km tapi kenapa spertinya susah sekali ya kesannya pengemudi gocar itu sperti sombong masa menolak penumpang didepan orang nya langsung awalnya di batal sama pengemudi yang berbeda yang ke nya saya pesan lagi eh ditolak jg parahnya didepan saya langsung saya sudah melambaikan tangan loh masa tidak kelihatan alasannya alamat tidak sesuai,negative,neutral,Mixed sentiment detected
4296,suka bikin sebel saja klo dapet pengemudi lebih galak dari customernya gosend obat saja bikin hati dongkol klo tidak suka ribet ya mending jangan jadi pengemudi ya tolong saya ini customer membayar pelayanan anda tapi kenapa pengemudi nya nyari tempat saja ngedumel padahal sudah di kasih alamat jelas dan lengkap banget,negative,neutral,Mixed sentiment detected
4339,benar kecewa kepencet pesan gofood tidak sengaja hitungan detik lgsg dibatalin mau ubah pesanan karena double order tidak bisa sampe habis pulsa telp pengemudi dan call center gojek pengemudi pertama baik mau batalin tapi otomatis lagi cari pengemudi baru endingnya tidak bisa dibatalkan mohon diperbaiki selama ini history saya juga bisa di cek kali ini kayak benar lagi apes sistem yang tidak membantu buang pulsa buang tenaga dan buang uang ok dibalas klik bantuan tidak guna sama sekali catat,negative,neutral,Mixed sentiment detected
4340,ternyata enak ya nyebut jujur di awal kalimat pantesan temen temen aku pada suka jujur lama lama ku ikutan jujur di versi ini lum ada fitur baru masih disiapin sama anak anak kantor tapi jujur aku mau kamu tetep update ke versi ini karena walau tidak ada fitur baru aku tetep optimalin terus fungsi app lainnya biar selalu lancar pas kamu pake jadi jujur menurut aku kamu harus update hehe,positive,neutral,Mixed sentiment detected
4344,cashback tidak masuk sangat kecewa kalau sudah masuk baru di tambah bintangnya,neutral,negative,"Clear negative pattern, not mixed"
4362,tiga dulu ya kenapa kalo saya mau pesan ada tulisan lokasai ada tidak terdeteksi yapi kalo pesan grab tetdeteksi jadi saya tidak bisa pesan gojek tolong dinformasikan kenapa bisa begitu,neutral,negative,"Clear negative pattern, not mixed"
4393,masih menjadi transportasi online yang bisa saya andalkan terima kasih ya bapak ibu driver walaupun pernah juga mendapat pengemudi yang ngantuk saat mengemudi tapi alhamdulillah masih bisa sampai dengan selamat semoga ke depannya bisa dihimbau kepada pengemudi yang bertugas agar bisa istirahat dulu yang cukup sehingga tidak membahayakan baik penumpang maupun pengemudi itu sendiri sukses selalu,positive,neutral,Mixed sentiment detected
4396,bagus sih tapi kadang lambat sistemnya apalagi untuk prakja via gopay mohon di perbaik lagi kekurangan nya,positive,neutral,Mixed sentiment detected
4473,tidak terlalu baik tapi juga tidak buruk kok,positive,neutral,Mixed sentiment detected
4551,hm kalo menurut saya sudah agak baik karena hampir setiap hari pake gojek selalu ada yang ngepick up cuma kalo sudah agak malaman dan jaraknya agak jauh drivernya pada tidak mau dan lambat banget cari drivernya tolong diperbaiki ya terimakasih,negative,neutral,Mixed sentiment detected
4563,gua kenapa jadi kesal lagi ya sama sistem go jek sekarang sebelum bagus up sudah mau pesen nih dari a ke c tarif rp k dengan metode pembayaran tunai voucher berlaku untuk all payment niat hati mau lebih praktis dong dengan cara bagus up saldo tapi yang ada apa harganya naik jadi k hah ini yang bikin gua ogah lagi bagus up saldo makin boros pengeluaran buruk,positive,neutral,Mixed sentiment detected
4572,halloo admin kenapa uanh saya belum masuk juga ya sayq kemaren melakukan penarikan uang ke rek bank kali tapi belum juga masuk lamaa banget sih org butuh cepat urgent ga bagus banget nih aplikasi tidak membantu beda banget kaya grabpay nya tarik uang ke bank cepat dan tidak pake biaya lagi tolonglah bagaimana ini saya butuh uang saya,negative,neutral,Mixed sentiment detected
4624,ini bisa di download atau tidak karena saya sudah capek cuma mutar mutar saja kalau ini aplikasi sudah tutup lebih baik di hapus dari playstor di phone saya yang satu lagi juga sama di pesan tapi gojek nya tidak ada bagaimana sistem kalian bekerja pertama bagus sistem kalian kerja lambat lambat sangat buruk sekali,negative,neutral,Mixed sentiment detected
4628,aplikasi ini terbaik dibandingkan competitor paling sat set tapi tidak juga pake gojek hemat dikasih motor tua yang kurang layak pakai donk tidak masalah pakai supra pitung asal terawat dan safety terus untuk go send jeda datang e kurang sat set lebih lama padahal posisi dekat untuk go food tulisan di menu cuma ayam teriyaki datang komplit pakai nasi kirain lauk saja tanpa nasi,positive,neutral,Mixed sentiment detected
4637,makin lambat aplikasi ini ko makin tidak jelas kasih paylater sendiri limit di naikin bayar tepat waktu tau ada aktifitas tidak jelas kasih tau donk admin yg tidak jelas itu apa ya sudah delet saja aplikasi gojeknya males aku sebenernya aku sudah cocok bisa byr ini itu lewat aplikasi dan pay laternya sangat membantu tapi sekarang orang yang punya riwayat baik itu di pertahanin bukan mlh di buang dengan cari alasan mugo ketipu lebih banyak,negative,neutral,Mixed sentiment detected
4651,ntah kenapa rumah saya tidak bisa terdeteksi di gojek padahal rumah saya di ibukota provinsi dan di google maps itu jelas alamatnya tapi ketika kurir nya sudah sampe selalu nyasar dan tidak pernah yang bener bener sampe ke rumah sudah saya bantu jg pakai titik untuk menentukan rumah saya dan hasilnya malah ke gang sebelum rumah saya ini bagaimana sih gojek nya tolong di perbaiki lagi,positive,neutral,Mixed sentiment detected
4654,lambat banget sih donload nya sampai satu jamlebih terus malah tidak ke donload bagaimana sih pokok nya itu teh dah ngorbanin game jadi nya game nya harus di donload ulang aplikasi gojek nya juga aduhh nih ya aku kasih lima bintang tapi tolong di perbaiki,negative,neutral,Mixed sentiment detected
4655,sangat kecewa sama gojek padahal saya pengguna gojek dari dulu tapi akhi ini akun saya di bekukan tanpa keterangan pas pertama di bekukan dan saya melapor hari langsung kebuka dan kemarin dj bekukan lagi sudah mau hari tapi tidak di buka jg malah di suruh telpon gojek makin lambat makin tidak bagus kecewa sama pelayanan nya yang tidak bertanggung jawab,negative,neutral,Mixed sentiment detected
4665,saya mengalami kendala di aplikasi di mana beberapa alamat favorit tidak tampil namun saat saya mencoba menambahkannya kembali sistem menolak karena alamat tersebut terdeteksi sudah ada mohon bantuannya untuk meninjau dan memperbaiki masalah ini terima kasih,positive,neutral,Mixed sentiment detected
4666,saya sudah langganan gojek khususnya goride selama bertahun tahun dari smp kelas sampai smk kelas sekarang selama ini saya selalu puas dan percaya dengan sistemnya tapi hari ini saya sangat kecewa saya hanya memesan satu kali goride tetapi yang datang justru dua pengemudi dengan pesanan yang sama kejadian ini membuat saya malu di hadapan teman karena seolah saya yang membuat kesalahan padahal saya hanya melakukan satu kali pemesanan saya trauma dan akan uninstall apk ini,negative,neutral,Mixed sentiment detected
4686,saya kecewa dengan customer service gojek saya tidak bisa mengganti nomor hp yang lambat karena sudah terdaftar setelah diajurkan untuk email di menu bantuan di suruh untuk melengkapi berkas tetapi setelah itu tidak ada tindak lanjut lagi dan saldo gopay saya hangus posisi saya nomor hp yang lambat sudah eror dan tidak bisa diakses sehingga tidak bisa menerima sms tolong diperbaiki customer servicenya,negative,neutral,Mixed sentiment detected
4703,saya kecewa sama gojek saya pernah pengaduan gopay saya berkurang minta di balikin lagi eh tidak ada respon terus sekarang saldo saya tapi saya lihat kalau bayar pakai gopay jadi dari harga saya bagus up melakukan mbanking pas saya sudah bagus up gopay saya lebih dari malah jadi naik harga nya ke harga tidak pake gopay kecewa saya kecwa,negative,neutral,Mixed sentiment detected
4709,aplikasi haram mau upgrade premium saja susah tidak smua kamera depan hp bagus kali klo ktp pas selfi hrus jelas banget brarti yang bisa upgrade cuma orang yang kameranya bagus hangdeh,positive,neutral,Mixed sentiment detected
4744,alhamdulillah aplikasi gojek ini sgt bgus semua bisa digojek aplikasi ini sgt trbntu buat masyarakat yang tnggal dipedalaman karena mw byr tagihan apapun bsa digojek jadi tidak prlu jalan jauh utk membyar tagihan tetangga saya pd bayar listrik bpjs isiplsa sama saya senang bisa membatu tetangga dngn gojek thanks you gojek tidak seperti ijo yang disebelah cuma bsa pesen ojol saja kegiatan bayar membyar tidak bsa disana,positive,neutral,Mixed sentiment detected
4769,sudah bagus banget yang jadi masalah hari ini barusan saya d batal driver kasih peringatan dong jangan seenak nya saya bayar malah lebih dr nominal ongkos yang tertera malah dua kali lipat karena saya tau ini sudah jam mlm tp tolong dong team gojek kasih peringatan biar jera dan kasian pengemudi yang lain nunggu pesanan yg ini oknum pengemudi malah seenak nya gak ada konfirmasi malah sudah dkt banget d cancel apa apaan ini ada rekam jejak pesan kan tolong tegas dong k pengemudi yang seenak nya,negative,positive,Clear positive pattern detected
4773,aplikasi sangat membantu tapi tolonglah itnya perbaiki jarak jemput jangan terlalu jauh kasian pelanggan nunggu lama dan kasian pengemudi juga boros bbm tadak sesuai pendapatan dan sering kena cancel ayu donk diperbaiki jangan cuma mikirin untung doank maksimalkan semuanya agar saling menguntungkan terimakasih,negative,neutral,Mixed sentiment detected
4812,pengemudi nya bnyk yang gatau alamat tidak ngerti google maps saya prnh dpt pengemudi yang gatau alamat dan google maps sama sekali dan pas nyasar malah saya yang di salahin ga cuma di salahin saja selama perjalanan nyari jalan keluar nyasar itu dia ngomel trs pkknya tidak nyaman sama sekali gmn konsep nya penumpang dibawa pengemudi tapi pas nyasar penumpang nya yang di salahin bkn nya ojek tu harus tau alamatgoogle maps ya tolong ya perbaiki kualitas pengemudi nya jgn seenaknya kita juga naik gojek bayar trmksh,negative,neutral,Mixed sentiment detected
4826,sudah update tidak bisa login ups salah terus,neutral,negative,"Clear negative pattern, not mixed"
4840,baru saja dapet voucher langsung ilang kecewa banget padahal saya ngasih bintang saya ganti bintang saja,neutral,negative,"Clear negative pattern, not mixed"
4875,pelayanan lumayan baik tapi tolong dong kondisikan saat pemesanan pengemudi jangan terlalu banyak yang harus ngater dulu saya waktu itu lagi buru buru kerumah kerabat jadi terlambat akibat pengemudi nurunin penumpang dulu tolong kondisikan ya,positive,neutral,Mixed sentiment detected
4889,saya tadinya sangat senang memekai gopay tpsekarang sangat kecewa saya sudah lambat sekali memakai gopay dan saya mendaftar dengan ktp saya tapi setelah sekian lambat tiba tiba mau transfer tidak bisa di suruh upgrade ke gopay plus tapi setelah ktp saya foto katanya ktp saya sudah tersaftar di akun lain maksudnya apa ktp saya cuma dari dulu saya ktp saya ini,negative,neutral,Mixed sentiment detected
5029,saya punya pengalaman naik gocar yang kurang mengenakan ketika kami memakai promosi hemat yang sudah aplikasi sediakan malah kami yang di remehkan oleh oknum pengemudi gocar bahkan sampai menghina kami yang memakai promosi hemat tsb padahal customer tidak tau menau soal harga tapi customer yang malah d salahkan semoga bisa lebih d perbaiki terutama oknum pengemudi spt itu sangat menggangu dan bikin kesal selama di perjalanan,positive,neutral,Mixed sentiment detected
5064,gajelas sudah bagus up k tapi tidak bisa transfer gara gara gopay plus tidak aktif pas coba aktifin sudah foto berkali tapi gagal pas pake apl dana bisa customer gojek bener bener buruk,negative,neutral,Mixed sentiment detected
5074,aplikasi gofoodnya sekarang ada mode hemat mode instan milih mode hemat makanan nya lambat sampai mending jalan sendiri tapi masih ada shopee food yang jauh lebih baik mengelola appnya bye gojek uninstall app gojek,positive,neutral,Mixed sentiment detected
5095,tolong laa maps nya di bagusin saya masukin titik pick up barang dari alamat yang dibintangi tapi pas di tekan lari entah kemana titiknya padahal biasanya titiknya benar bagusin tuh mapsnya kesian drivernya jadi bolak balik jauh jangan mikirin diri sendiri mitra pengemudi juga jangan di susahin,negative,neutral,Mixed sentiment detected
5125,aplikasi ini bagus sangat mempermudah dalam perjalanan saya tetapi pengalaman saya pernah tertipu sama aplikasi ini terimakasih,positive,neutral,Mixed sentiment detected
5135,woi tolong saya mau upgrade gopayplus tapimalah gabisa alasanya ada saja dah terlalu terang gaboleh terlalu gelap gaboleh lah terus saya capek lah dah nunggu lambat masih belum bisa huh gausa bikin apk kalau tidak mampu bagaimana sih tolong perbaiki buruk,negative,neutral,Mixed sentiment detected
5177,kenapa sekarang go jek tidak bisa pesan,neutral,negative,"Clear negative pattern, not mixed"
5247,saya kecewa ama gopaylater gak pernah pake tapi harus bayar belinya saja di rm kelapa gading kapan saya makan enak gimana tidak ada respon sama sekali lebih baik gopay yang dulu daripada mab lebih baik saya tidak mau pakai gopay lagi mohon tindak lanjut kami,positive,neutral,Mixed sentiment detected
5267,kenapa akun saya tidak bisa order naro alamat tidak kebaca terus,neutral,negative,"Clear negative pattern, not mixed"
5405,saya kurang suka sekarang harga gojek naik tapi ke pengemudi tidak sesuai dengan yang dibayar penumpang kasihan driver terus juga pengemudi suka tidak ada kembalian jemput lambat suka kebutan,negative,neutral,Mixed sentiment detected
5422,kenapa sekarang lambat sekali muncul fitur gopaylaternya pdahal saya sudah selalu pakai gopay dan isi gopay bahkan untuk tf lebih simple pake gopay ketimbang setor tunai tolong lah munculim gopaylaternya an hafiz diani anwar,positive,negative,Clear negative pattern detected
5449,ongkir naik secara tiba tiba tanpa pemberitahuan mohon diperbaiki lagi yaa saya jadi kesal yang tadi sekian tapi nambah cuma karena ongkir naik secara tiba tiba apl buruk,negative,neutral,Mixed sentiment detected
5496,percuma kita komen di playstore gak akan ada tanggapan bagusnya kasih semua bintang saja untuk semuua orang di rubah jadi ratting dikit atau nol tarif ongkir makanan sekarang jauh mahal kale,negative,neutral,Mixed sentiment detected
5533,saya sangat kecewa pda gopay saya pengguna gopay tapi beberapa kali ini saya tidak pernah mendapartkan cash back padahal seharusnya ada cash back di gerai aeon mall setiap belanja di weekend tolong perbaiki ketidak nyamanan nya terimaksih,negative,neutral,Mixed sentiment detected
5563,gojek sedang saya uninstal ongkir nya tidak masuk akal banget masa saya mau pesan goofud yang yang harga nya rb ongkir nya jadi rb tolong dong pihak gojek jangan di naikin ongkir nya kalau kalian ingin di puji sama masyarakat tlong jgn seperti itu klo cuaca hujan oke gpp di naikin dkit tapi cuaca bersahabat ongkir mlh setinggi gunung tlong deh di ubah atw pkir deh kecewa bnget mkin menjdi jadi saya liat aneh,negative,neutral,Mixed sentiment detected
5593,performa bagus tapi agak kecewa dikit di mapgps kurang akurat kadang pengemudi nya tidak jalan jalan tapi tiba tiba sampe,positive,neutral,Mixed sentiment detected
5630,kenapa sekarang tidak ada go market padahal sangat membantu sekali go market jadi kita bisa belanja yang dekat situ di go shop agak susah mesti tulis alamat lagi,neutral,positive,"Clear positive pattern, not mixed"
5633,aplikasinya bagus cuma kalau hujan susah sekali untuk mencari pengemudi goride maupun gocar setiap dipesan pengemudi selalu cepat datang keren terima kasih,positive,neutral,Mixed sentiment detected
5634,saya beli tiket di go transit lewat gopay sudah kali beli tiket kereta dari stasiun bekasi ke stasiun rangkasbitung tidak bisa digunakan tiketnya karena alasan jaringan sedang error dan hangus begitu saja agak kecewa dengan gojek tadinya saya penggemar gopay tapi kalau begini saya jadi kecewa tolong perbaiki dan beri info kalau memang sedang ada problem,negative,neutral,Mixed sentiment detected
5640,kenapa saya tidak bisa login jam pasir nya tidak mau bergerak sudah saya update tpi ttp tak bisa di buka tolong bntuan nya,positive,negative,Clear negative pattern detected
5658,mohon diperbaiki lagi aplikasinya titik tujuan dan alamat yang asli tidak sesuai saya barusan pergi ke alamat yang saya tuju akan tetapi berbeda dengan titik tujuan yang ada di aplikasi alhasil saya merasa keberatan karena harus menambah biaya lagi untuk drivernya,negative,neutral,Mixed sentiment detected
5661,pelayanan gojek utk gomart sangat tidak bagus pesan barang apa datang apa menunggu penyelesaian hanya balikin uang yang tidak seberapa tapi bukan mslh uang kerugian saya menunggu hanya pengembalian saldo kl tidak bisa menangani mslh spt ini jagn gomart di app ini bukan sekali ini saja terulang beberapa kali jadi emosi skr sudah mahal lagi bagusan pake selain gojek sudah murah tidak pernah salah penahanan nya bagus,negative,neutral,Mixed sentiment detected
5707,paket ribu cuma untuk gratis ribu tidak dpt di pakai kalau ada gratis ongkir terus apa beda nya dengan gratis ongkir k bagus tidak usah beli paket kalau gitu kenapa promosi makin buruk tolong hapus saja gofood nya kalau promosi gitu yg bagus dari gojek cuma transaksi game dan pembayaran lain,positive,neutral,Mixed sentiment detected
5717,tidak bisa login dan tertera butuh pembaruan cepat padahal sudah di versi yang terbaru mohon penjelasannya,positive,negative,Clear negative pattern detected
5797,update terus tapi tidak ada yang bagus kenapa tambah di update tambah ancur update tidak bagus tambah jelek masih praktis grafis yang lama yang sekarang tambah ribet pakai balon ngambang segala,negative,neutral,Mixed sentiment detected
5816,aplikasi sangat buruk sebelum update ini saya gampang transfer uang ke penjual akun game tapi sekarang jadi susah sudah mah sekarang harus pakai go jek premium bug saja masih banyak malah nambahin update tidak berguna belum lagi kalau salah bagus up bukannya langsung ke no penjual kan jadi susah update paling terburuk sepanjang masa,negative,neutral,Mixed sentiment detected
5903,biaya jasa aplikasi k kualitas tidak makin baik tapi makin susah pesan gofood diatas jam sore tiap hari begini tidak kaya dulu hadeh,negative,neutral,Mixed sentiment detected
5961,paylater pinjaman besar malah susah di gunainya enakan dulu tingal klik bli pulsa sudah klo sekarang ya ampun mau gunai paylaternya susah tapi bagus sih jadi saya tidak pelu utang lagi di gojek,negative,neutral,Mixed sentiment detected
5981,sangat mengecewakan saya untuk para pengemudi ride ataupun car nya beberapa kali saya pesan d batal terus liat saja di riwayatnya beberapa batal dlokasi yang sama untuk para pengemudi nya klo memang tadi mau ambil tidak usah d ambil orderannya tidak usah jadi kita yang cancel anda tahu tidak itu sama saja memberikan harapan tapi palsu untuk management gojeknya tolong dtindak lanjuti para pengemudi yang olo atau pilih area saya pun org yang ngerti suka memberikan lebih bayaran dr yang sudah dtentukan kecewa,negative,neutral,Mixed sentiment detected
6012,kenapa saya tidak bisa login padahal ada saldo gopay disitu,neutral,negative,"Clear negative pattern, not mixed"
6025,saya tidak masalah soal tarif mau berapa aja asalkan pelayanan di perbaiki jangan buat kami para customer menunggu lama padahal pengemudi ada bolak balik tapi tidak mau ambil order padahal saya buru buru,negative,neutral,Mixed sentiment detected
6047,abis aku update kenapa tidak bisa login yaa lewat facebook tidak bisa masuk manual jg tidak bisa daftar lagi katanya sudah kedaftar piye lurr,neutral,negative,"Clear negative pattern, not mixed"
6061,ribet banget mau tf duit ke akun yang nya saja harus upgrade ke gopay plus sudah gitu akun cuman id sudah gabisa tf duit gua hangus duit gua customer service nya juga cuek parah so bad gojek perbaiki lagi biar tidak ribet gopay nya mau buat pesan goride malah cuma keluar gambar map saja tidak keluar menu alamatnya,negative,neutral,Mixed sentiment detected
6063,bagaimana sih pembayaran apapun tiap pake qris suka susah kalau emg hp nya yang eror mungkin pake qris lain juga bakal gabisa tapi ini tiap bayar qris pake gojek susahh nya bukan maen,negative,neutral,Mixed sentiment detected
6073,saya sudah th pake aplikasi gojek mulai dari onkir rb per km sekarang sudah semakin berkembang sudah naik jadi rb sdh ada paylater limit rb sangat bagus dan membantu saat kepepet td siang saya bagus up pulsa tsel rb pulsa tidak masuk tapi saldo pay later terpotong sdgkan bukti transaksi tidak ada lwt email pun tak ada selama th baru kali ini kecewa sama gojek,positive,neutral,Mixed sentiment detected
6091,aplikasinya dulu bagus tapi sekarang buruk banget belum pesan makanan kog sudah otomatis pesan dan sudah x minta bantuan cs juga percuma responya tidak bisa di batalkan fiks uninstall deh,negative,neutral,Mixed sentiment detected
6093,kecewa beratt masa ya di depan saya banyak driver qo yang dpet malah jauh saya pengguna gojek lama tlg kl bs d adakan system seperti tetangga sebelah ada fitur go ride now biar mempermudah kita sebagai pengguna layanan transportasi online dan satu lagi saya sering dapat keluhan dari para driver katanya system pembagian pesan an nya di pilih kasian mereka yang katanya jakan dari pagi cuma dpet pesanan doank miriss saya tlg d perbaiki lagi semua system,negative,neutral,Mixed sentiment detected
6102,tolong saya tidak bisa login karena ada goto pin saya klik lupa pin tidak bisa,neutral,negative,"Clear negative pattern, not mixed"
6155,apk sangat menyusahkan saya baru bagus up tadi siang trus tb tidak bisa dibuka suruh pasang pin lah padahal saya tidak mau pasang pin tapi tidak bisa alasan saya tidak mau karena itu no lambat dan jelas la tidak bisa karena tidak terkirim no verify nya sudah laporan kali sama saja alasan tidak jelas la katanya makan lah itu duit k anj,positive,neutral,Mixed sentiment detected
6184,halo gojek ini saya sudah bagus up gopay saya tapi kenapa tidak bertambah sedikitpun yaa buruk banget sistemnya,negative,neutral,Mixed sentiment detected
6195,setelah update terbaru tidak bisa pesan gojek via google maps lagi mohon kembalikan fitur itu,neutral,negative,"Clear negative pattern, not mixed"
6202,untuk layanan antar mengantar itu sudah cukup bagus banget tapi untuk go food terlalu banyak mengecewakan tolong kalo bermitra dengan kuliner itu diliat dulu kualitasnya jangan asal setujui bermitra bnyak go food dsini jual mahal tapi porsi secuil tidak ada rasa menjunjung kualitas n kesenangan pelanggan,negative,neutral,Mixed sentiment detected
6205,dulu aplikasi ini sangat membantu karena mudah sekarang update aplikasi malah susah mendingan pindah ke grab atau maxim saja lah semua keluargaku jg suruh uninstal aplikasi ini karena ribet,negative,positive,Clear positive pattern detected
6261,wah bagus nih semua serba praktis serba simple serba gampang jadi tidak perlu susah ke pangkalan ojekke resto tinggal buka app gojek langsung kelar semua permasalahan tapi di sisi lain ni aplikasi bikin orang jadi mager kalo sudah mager jatohnya gendut orang gendut biasanya penyakitan kalo penyakitan ujungnya mati dini saya tidak install deh temen saya nawarin ojek gratis kok via wa kan sama saja online wkwk tks gojek,positive,neutral,Mixed sentiment detected
6265,agak kecewa sama aplikasi ini beberapa hr terakhir selalu tertunda tiap top up saldo transaksi top up berhasil tapi saldo baru masuk hr kemudian awalnya saya pikir karena masalah koneksi internet tapi ternyata bukan mohon untuk ke depannya bisa di perbaiki lagi ini bakalan bikin masalah baru kalo top upnya via mitra e g alfmart indmart atau yang sejenisnya pengalaman saya kemarin struk top upnya tercetak artinya transaksi berhasil tapi ditunggu sampai hr saldonya belum masuk,positive,neutral,Mixed sentiment detected
6301,sangat kecewa dengan gojek jika ada promosi tidak ada yang mau mengambil percuma ada promo meskipun ada promosi suka melebihi harga biasanya jadi tidak ada bedanya meskipun promosi atau tidak saat membatalkan pesanan karena lambat menunggu harga akan naik ojol selalu membatalkan pesanan jika jauh dan tidak ada komunikasi sama sekali meskipun sudah menunggu lama,negative,neutral,Mixed sentiment detected
6312,apk nya bagus siihh tapi kadang sedikit lambat loading nya jdi nggu nya lambat banget,negative,neutral,Mixed sentiment detected
6390,mohon jika akun pemesanan sudah log in di satu hp seharusnya tidak bisa login di hp yang lainnya lagi karena kmrin akun saya si pakai pengemudi gojek yang tidak bertanggung jawab untuk membawa pesanan fiktif sehingga promosi yang saya dapatkan di akun saya habis dipakai dy tolong lebih bijak lagi,neutral,negative,"Clear negative pattern, not mixed"
6405,untuk resto yang sudah tutup tolong jangan dicantumin di gojek kasian yang ambil order dan sebagai konsumen jg males kan sudah nunggu lamaa ternyata resto nya sudah lambat tidak beroperasi tolong mungkin lebih banyak cek dan ricek kesan nya sepele tapi bisa bikin emosi baik pengemudi maupun konsumen kalau bisa resto ada laporan jelas masih buka atau ngga dan sesuai map atau ngga tolong feature report diadakan karena justru itu super penting males gt apps malah beraat bnyk iklan news dan video,negative,neutral,Mixed sentiment detected
6420,lambat banget proses upgradenya saya sudah upgrade sesuai prosedurnya tapi malah pending sampai lebih dari sebulan tolong perbaiki,negative,neutral,Mixed sentiment detected
6436,tolong dong kasih peringatan buat pengemudi yang sengaja tidak ngambil pesanan saya yang hujan nan nungguin pengemudi yang jelas pengemudi ada disekitar dan kondisi saya lagi urgent kecewa banget,neutral,negative,"Clear negative pattern, not mixed"
6528,tidak bisa login ke akun saya,neutral,negative,"Clear negative pattern, not mixed"
6539,dear gojek di app punya saya kenapa tidak bisa pesan go food pas di klik mkanan yang mau saya pesan tidak muncul opsi,neutral,negative,"Clear negative pattern, not mixed"
6546,tolong perbaiki apk nya lebih fix lagi gps saya sudah menyala dan say sudah setting ke alamat rumah posisi saya sudah di alamat rumah juga tapi kejadian kemarin titik lokasinya malah pindah ke daerah lain yang lebih jauh lebih tepatnya di mall padahal di hp tertera alamat rumah saya jadinya pak drivernya kesitu dan saya juga harus ke titik lokasi tersebut bug yang sangat merugikan kenapa bisa kyk gitu ya mohon diperbaiki lagi apk nya saya tunggu balasan nya,negative,neutral,Mixed sentiment detected
6561,knpa apk gojek sekarang sangat lemot dalam mengakses seperti di gofood sudah nunggu lambat tapi loading terus ditambah muncul tulisan internet mati padahal lagi pake wifidata waktu mau pesen juga tidak muncul harganya loading juga keburu kelaparan kalo seperti itu terus tolong diperbaiki padahal saya sudah update dan menggunakan jaringan yang stabil,negative,neutral,Mixed sentiment detected
6593,tolong diperbarui lagi aplikasinya saya sudah logout dr hape lama tapi msh saja ada pemberitahuannotifikasi di hp lama mohon bantuan utk perbaikan,negative,neutral,Mixed sentiment detected
6632,jujur sudah berthun pke gojek bagus aja tpi sekarang buat gofood tidak bisa pke voucer trs buat gocar kenapa jadi mahal bngt dibnding apk sblh kmrn pake apk sblh cuma pke gojek tolonh diperbaikin lagi kecewa bngt sih sekarang,negative,neutral,Mixed sentiment detected
6655,tidak dikasih codenya sudah masukin nomor hp nya yang bener tapi tidak bisa tidak ada codenya gojeknya gabisa jelek sms nya tidak kekirim oleh gojek sudah saya cek nomor saya tetap gabisa tolong diperbaikan gojeknya saya sudah berapa kali coba tetap gabisa harus diperbaiki secepat mungkin saya sudah emosi gabisa,negative,neutral,Mixed sentiment detected
6665,jujur aplikasi ini jauh lebih rapi nyaman dan lebih baik di banding kompetitor walaupun masih ada cacat yang masih bisa di maklumi cuman ya itu harga terlalu amat sangat mahal vs kompetitor dengan rute yang sama seakan tim gojek bilang lu tidak pilih wa tidak papa yang lain masih banyak pakai wa dan brati lu bukan klas wa terkusus untuk saya pribadi perbedaan rb dengan rute yang sama sekali jalan cukup berasa minimal x trip sehari di kompetitor dapat x trip sehari,positive,neutral,Mixed sentiment detected
6670,setelah baca komenan ternyata tidak sendirian wkwk kirain sudah ada peningkatan ternyata belum pengemudi masih ada yang sesuka hati kalo nerima pesanan di lamain padah sudah nunggu menit di chat lagi baru jalan bilangnya saya sudah di jalan tapi tidak gerak di tambah apk nya suka motong saldo org tbtb dengan noted pengeluaran gaya hidup di cek lah gaada ikut langganan apa yang terncantum di gopay tapi malah ken potongan tiap bulan hpir k gaya hidup apa woilah pake apknya saja cuma buat pesen ojl,positive,neutral,Mixed sentiment detected
6717,saya itu sering butuh banget masuk sekolah setiap pagi pukul saya selalu pesan gojek sekitar pukul tapi saya tidak pernah dapat langsung dan harus nunggu hingga setengah jam sudah begitu harganya mahal lagi saya rasa bintang satupun sudah paling bagus buat aplikasi ini,negative,neutral,Mixed sentiment detected
6759,selama ini saya baru pakai aplikasi ini namun pertama saya gunakan pelayanannya bagus jadi saya harap minimal dipertahankan dan kalo bisa ditingkatkan lagi pelayanannya,positive,neutral,Mixed sentiment detected
6781,saya beli pulsa dari apk gojek pake saldo bank jago kenapa saldo sudah ke potong tapi pulsa belum sampe dan keterangan transaksi gagal tolong dong balikin saldo duit saya buruk gojek tidak ada etikat baiknya bikin kecewa,negative,neutral,Mixed sentiment detected
6799,kak mohon maaf kalo aku ngirim alamat nya sudah lengkap trus bener kenapa map nya malah kearah lain ya padal kan namanya juga sudah sama tapi ngarahnya bukan ke alamat kita gitu jadi drivernya nyasar tolong dibantu kak makasih dari aplikasi nya sudah bagus,positive,neutral,Mixed sentiment detected
6813,cukup membantu dalam segala hal kepuasan pelanggan bukan dari segi aplikasi namun dari segi sang driver terimakasih gojek selama saya pesan tidak pernah mengecewakan,positive,neutral,Mixed sentiment detected
6832,aplikasi nya bagus tapi drivernya suka diamin pesanan orang tolong jika bisa auto cancelnya dipercepat sangat menggangu jika memesan go food drivernya kayak patung diamin lambat ujung ujungnya batal sendiri,negative,neutral,Mixed sentiment detected
7033,lagi hujan tidak bisa pesan apapun,neutral,negative,"Clear negative pattern, not mixed"
7105,pas pesan makanan di gofood lambat banget makanannya jdi drivernya juga belum dicariin buang buang waktu sampe jam pesanan belum jadi juga udah gitu drivernya blum dicariin juga lebih suka gojek yang dulu dari pada yang sekarang suka bug juga padahal internet adabagus tapi di gojek ny katanya internet kamu mati aneh banget,negative,neutral,Mixed sentiment detected
7144,pas buka gofood loadingnya lambat banget malah kadang nggk bisa dibuka padahal jaringan internet lancar,neutral,negative,"Clear negative pattern, not mixed"
7163,sejauh ini pelayanan gojek baik tapi dalam segi aplikasi menurut saya berkurang dari yang lama skrang kita tidak bisa mengetahui harga perjalanan jika menggunakan gopay atau tidak dan juga jika ada diskon tidak tertera diskonnya telah dipakai atau belum jadi kurang nyaman,negative,neutral,Mixed sentiment detected
7177,kenapa selalu minta lokasi diaktifin padahal sudah aktif jadi tidak bisa pesan go food klo pesan go car bisa,neutral,negative,"Clear negative pattern, not mixed"
7218,bagus banget pengemudi gojek yang ada di seputaran riau saya mau gosen ke tempat saja yang tolak pengemudi ap saya harus terus pakai aplikasi ini sungguh sangat mengecewakan harus nya saya bisa menghemat waktu dengan adnya aplikasi ini tapi saya hanya membuang waktu untuk pesan lagi lagi lagi dan lagi kecewa,negative,neutral,Mixed sentiment detected
7293,aplikasi cukup baik namun pada bagian layanan go shop banyak pengemudi yang membatalkan pesanan sehingga kesannya belum ada atensi lebih pada customer mungkin bisa jauh lebih ditegaskan kepada pengemudi agar jauh lebih berkomitmen pada layanan customer sehingga tidak memunculkan kesan buruk seolah olah pengemudi tidak mau mengambil pesanan karena alasan personal untuk sekarang bintang dulu semoga dievaluasi dan lebih baik,positive,neutral,Mixed sentiment detected
7317,kadang hujan suka gangguan terus tidak bisa pesan,positive,negative,Clear negative pattern detected
7357,selama ini pake gojek aman aman saja tetapi beberapa hari belakangan aplikasi sering stuck dan crash yang membuat saya harus keluar terlebih dahulu baru masuk lagi dan ini terjadi berulang setiap saya sedang berada di dalam aplikasi tolong segera di perbaiki ini benar benar ganggu,positive,neutral,Mixed sentiment detected
7382,bagus si pengemudi nya banyak jadi dimanapun itu pasti ada gojek dan juga tepat waktu tapi suka tiba tiba ke pesen driver terus pas waktu di batalin ada yang maki maki saya karena dibatalin padahal waktu aku lihat pengemudi nya tidak maju selama menit terus aku pesen lagi dan pengemudi yang ku batalin sama yang ku pesen malah datang barengan habis itu pengemudi yang ku batalin maki maki aku pake kata kata yang kurang sopan,positive,neutral,Mixed sentiment detected
7400,saya pengguna aplikasi ini sudah sejak lambat dan menurut saya aplikasi ini sangat membantu sy tapi terkadang ad beberapa pengemudi yang agak kurang sopan tapi cs nya sangat sigap dalam menyikapi laporan ketidak nyamanan konsumen semoga kedepannya bisa lebih baik lagi,positive,neutral,Mixed sentiment detected
7419,kecewa saya kebobolan saldo gopay saya tidak pesen makanan tapi pesenan jalan sendiri dan nyedot saldo gopay saya tolong diperbaiki lagi keamanan nya terima kasih,negative,neutral,Mixed sentiment detected
7443,ngirim kode otp lambat banget sih nyoba brkali ttp tidak dapet padahal nomer sudah bener dan koneksi internet stabil ini gmn,neutral,negative,"Clear negative pattern, not mixed"
7453,kenapa ini sudah di update pas selesai update kenapa pas dibuka apk gojek nya gabisa ya admin ini knpa toh jaringan saya lancar terus ntn ig dll pas buka gojek malah keluar terus masuk nya lambat cuman tulisan gojek saja daritadi ini mohon diperbaiki lah ya seharusnya kalo sudah di update lebih baik tidak ngeleg,positive,neutral,Mixed sentiment detected
7470,suka error sinyal full jaringan bagus dapet pengemudi tapi tidak pernah nyambung ditungguin sampe menit tidak sampe drivernya nyoba kali pesen gitu terus padahal pengemudi beda niatnya biar cepet malah telat banget bukan salah drivernya tapi saya ngerasa pelanggan dama pengemudi tu susah banget buat komunikasi,negative,neutral,Mixed sentiment detected
7480,terasa sangat membantu ketika saya pindah ke kota lain di tempat baru ini saya belum tahu jalan atau tempat yang akan dituju dengan adanya gojek sangat membantu mobilitas saya,negative,positive,Clear positive pattern detected
7486,dulu ketika gojek baru booming saya senang menggunakan aplikasi ini karena pelayanan nya masih bagus tapi sekarang malah bikin kesal tarif naik di waktu tidak tertentu kalo mau pesan kadang pengemudi nya dapat yang jauh padahal yang dekat banyak pesan makanan juga mahal nya minta ampun point saya sudah banyak sekali tapi tidak bisa terpakai karena rewardpromonya kebanyakan untuk daerah jabodetabek saja kalo mau pesan gojek sekarang lambat nunggu bisa sampe setengah jam alasan drivernya karena alamat rumah saya tidak sesuai gps padahal gps kan sampe pelosok juga masih terdeteksi lagipula rumah saya bukan di pelosok banget,negative,neutral,Mixed sentiment detected
7511,sumpah ya aplikasi ini leletlemotlooding lama tolong dong diperbaiki tidak efisen cuman nunggu kelolaannya buang waktu banget dengan adanya aplikasi seperti inikan utk kemudahan kita yahemat waktu ya ini tidak buang waktu nunggu kelolaannya tolong dong diperbaiki,negative,neutral,Mixed sentiment detected
7572,kenapa mau beli pulsa dll tidak bisa lah trus klo tidk bisa di gunakan kenapa di bwt app ini kenapa makin hari makin jelekk saja ini aplikasi nya trus saldo di dalam buat apa cuman jadi pajangan z tolong di perbaiki lah aplikasinya katanya sudah sedunia tapi kenapa malah makin parah,negative,neutral,Mixed sentiment detected
7598,aplikasi nya sudah bagus tapi tolong pengurusan akun gopay yang terblokir dan terkunci di percepat dong kasian costumer pengguna lama,positive,neutral,Mixed sentiment detected
7608,bukannya makin lambat aplikasi semakin bagus ini malah mundur aneh giliran mau pesan harus berkali baru bisa ke order enak orderannya cuma saja yang berhasil setelah berkali pesan ini malah semuanya setelah ke pesan tidak bisa di cancel sumpah ngerugiin konsumen banget ini aplikasi giliran tidak mau pesan malah ke pesen sendiri dan pas mau di batal tidak bisa hadeehh sanagat mengecewakan kalo ada yang lebih buruk dari bintang saya kasih,negative,neutral,Mixed sentiment detected
7630,sudah beberapa hari tidak bisa pesan gojek karena harus download aplikasi gojek yang baru yaa padahal sebelumnya lancar saja kalo mau pesan goride atau gocar sudah di coba download ulang tidak bisa juga,positive,negative,Clear negative pattern detected
7709,pesan makanan saat hujan tidak pernah dapat driver hingga tunggu jam banyak fitur tapi hal sepele seperti ini tidak bisa di perbaiki kecewa sekali,negative,neutral,Mixed sentiment detected
7793,kenapa kalau ganti nomor hp tidak bisa login lagi,neutral,negative,"Clear negative pattern, not mixed"
7803,tolong disain uinya di bener rin admin emak gueh kebingungan sampe akhirnya pake grab karena mudah gueh kecewa uinya emng bagus tapi untuk ux bagi kalang orang old kaya kebingungan,positive,neutral,Mixed sentiment detected
7812,kecewa banget sama aplikasi ini saya isi token x transaksi tapi nomor token yang keluar itu sama dengan transaksi yang pertama sudah jelas waktu transaksinya berbeda selisih menit tapi jawabannya suruh tanya ke pln bagaimana bisa nomor token saja sama otomatis tidak bisa kepakelah pulsa gopay terbuang percuma deh,negative,neutral,Mixed sentiment detected
7864,sangat mengecewakan buruk tidak ada penyelesaian dan solusi yang baik saya pemakai jasa gocar utk pengiriman kue dan makanan gara saya mau cepat dan di kejar pelangan utk pengiriman saya bbrp kali batal pengemudi karena posisi terlalu jauh dan karena hal tsb akun saya di nonaktifkan hal tsb sudah saya laporkan ke cs tapi tidak ada solusi yang baik malah di suruh buat akun baru tolong pulihkan kembali akun saya,negative,neutral,Mixed sentiment detected
7886,aplikasi yang baru kurang ajar banget bagus up saldo laporan sudah succes tapi dibakun gojek customer saldo belum masuk jelek sampah,negative,neutral,Mixed sentiment detected
7953,selama ini lancar dan baik saja tapi kenapa tiba mau go investasi sudah tidak bisa pake paylater nya ya,positive,neutral,Mixed sentiment detected
8014,sejauh bulan aku pakai gojek sangat baik aplikasinya mudah dipakai penyelamat laparku hehe tapi tidak tau akhir akhir ini promosi jarang ada mungkin kedepannya makin banyak saja promonya,positive,neutral,Mixed sentiment detected
8015,sudah tahun pake gojek puas banget tapi baru kali ini kecewa karena setelah diupdate malah lemot,negative,neutral,Mixed sentiment detected
8019,suka tapi kalo bisa gofood nya di bikin yang bisa chat ke pengemudi ya agar tidak susah komunikasi nya,positive,neutral,Mixed sentiment detected
8079,promonya banyak yang nipu voucher gratis ongkir rb tapi bayar tetep mahal beda sama grab tolong diperbaiki lagi promosi go food nya jika ingin bersaing dengan grabfood,positive,neutral,Mixed sentiment detected
8082,aplikasi nya bagus tapi kenapa semenjak status aplikasi gojek saya sudah level sultan malah semakin susah dapat driver terlebih utk gofood tapi pake aplikasi di hp suami malah mudah dpt driver anehh,positive,neutral,Mixed sentiment detected
8088,tolong perbaiki lokasi sudah aktif tapi masih disuruh aktifkan lokasi akhirnya saya non aktifkan dan aktifkan lagi setelah saya menutup notifikasi yang disuruh mengaktikan lokasi malah balik ke menu awal transfer ke bank sekarang dikenakan tarif padahal dulu gratis saya akan membuat review buruk di semua sosial media youtube ig dan tik tok saya mempunyai followers banyak klo tidak di perbaiki keluhan yang masuk akal terima kasih,negative,neutral,Mixed sentiment detected
8124,aplikasinya baik bagus dan bisa digunakan buat banyak transaksi namun disayangkan karena sering bngt minta update kl tidak diupdate semuanya jadi lambat mohon perbaikannya ya kak terimakasih gojek,positive,neutral,Mixed sentiment detected
8167,saya sangat kecewa karena gopay saya terblock dengan alasan adanya aktivitas mencurigaka padahal saya pake hanya untuk kirim terima dan make promonya aja sudah gitu masih ada sisa saldonya memang tidak hilang saldonya tapi kalau tidak bisa dipakai untuk apa saldonya terakhir pelayanannya sangat lambat csnya susah dihubungin itu semua sangat membuat saya kecewe mungkin jika ada perbaikan saya bisa pertimbangkan ok nanti saya coba kalau berhasil saya akan edit ulasannya,negative,neutral,Mixed sentiment detected
8229,diskon gratis ongkir pas di pake vocer nya bisa pas di pesen harga nya tetep harga restoran nya tidak ada diskon nya sudah kali begini untuk saya yang pencari diskonan sangat kecewa,positive,negative,Clear negative pattern detected
8264,aplikasinya bagus cuman kesusahan pas lagi login dan saya mau ngasih pin di go pay nya susah banget tolong ya diperbaik tapi pelayanan nya bagus ass wr wb,positive,neutral,Mixed sentiment detected
8267,dulu sangat membantu sekarang sangat membunuh tarif sangat mahal seperti terjajah oleh aplikasi mungkin ini aplikasi belanda atau jepang saran saya jangan di gunakan,negative,positive,Clear positive pattern detected
8294,kenapa di aplikasi gomart tidak bisa pesan rokok,neutral,negative,"Clear negative pattern, not mixed"
8298,selama naik grab bike pengemudinya slalu baik dan ramah tpsaran buat gojek kalo bisa semua armada gojek pake motor matic yang bagian tengahnya lebar karena disamping nyaman pake motor matic dan memudahkan penumpang bawa barang itu saja dari aku kalo motornya seragam bagus kan bukan cuma jaket dan helmnya aja,positive,neutral,Mixed sentiment detected
8299,saya menyesal sih berkali kali saya pesan bagus sih ada voucher gratis ongkir eh ternyata harga makanan beda dengan yang ada di aplikasi terus beda nya setara dengan harga ongkir kan sama ajah terus pengemudi tidak mau kasih nota katanya sudah di jalan dan ini sudah berkali kali kecewa masalah nya ini masalah kepercayaan saya harusnya harga makanan diupdate supaya tidak membingunkan pelanggan padahal saya selalu update aplikasi gojek tapi kenapa gini yah beda harga makanannya bisa sampai selisih ribu,positive,neutral,Mixed sentiment detected
8315,awaly sih bagus tapi lambat kelamaan kecewa berat dengan gojek gopaylater saya dapat kenaikan limit tapi percuma tidak bisa digunakan sampai lambat saya menunggu berharap gopaylater saya bisa saya gunakan kembali tapi gopaylater saya malah diblokir tanpa ada penjelasan kenapa gopaylater saya di blokir,negative,neutral,Mixed sentiment detected
8318,sangat membantu tp kadang harganya terlalu mahal meskipun jarak dekat uda itu tidak ada bedanya mau pake gopay atau bayar tunai,neutral,positive,"Clear positive pattern, not mixed"
8328,gofood sekarang lambat banget kenapa sih makanan cepat saji saja dulu menit sampe sekarang menit sampe sudah dingin padahal tidak free ongkir,neutral,negative,"Clear negative pattern, not mixed"
8333,sudah lambat memuaskan apk nya tapi kenapa baru ini saldo go pay tidak bisa digunain yah tadi nya mau beli pulsa eh malah gagal gmna si tolong diperbaiki lagi dong go pay nya sayang kan kalau tidak kepake,negative,neutral,Mixed sentiment detected
8351,aplikasi yang sangat membantu disaat bingung mau masak apa gofood solusinya saat bepergian tak tahu arah langsung deh pesan goride atau gocar terimakasih gojek,negative,positive,Clear positive pattern detected
8397,sudah lambat pake gojek pakai gojek harga juga murah ko tapi sayangnya yang harus diperbaiki kalau hujan tolong yang gocar ttp bisa terus kecantol kalau pakai goride oke banget karena lebih praktis cepet bngt gtu nyantol ke customer mana dapat pengemudi yang baik ramah semua,positive,neutral,Mixed sentiment detected
8401,saya sudah lambat pakai go jek tapi ternyata makin mngecewakan khususnya untuk fitur go shop pengemudi selalu bedalih tidak bawa cukup uang belanja banyak maupun sedikit sama saja sulitnya mencari pengemudi yang bisa melayani customer dengan baik di setiap fitur yang ada di go jek tolong di perbaiki untuk konsistensi pengemudi dalam segala fitur yang sudah di buat go jek untuk apa di buat jika tidak bisa melayani terima kasih,negative,neutral,Mixed sentiment detected
8450,untuk aplikator gojek yang terhormat tolong sekali untuk layanan goridegosend di permudah lagi layanan nya makin kesini makin susah pesanan nya apakah customer gojek semakin menurun bulan sebelum nya lancar saja orderan tapi kenapa memasuki awal puasa makin turun drastis pada kemana customer gojek yang biasa tiap hari pesan layanan tolong diperbaiki lagi supaya jauh lebih baik dari aplikasi yang lainnya terimakasih,positive,neutral,Mixed sentiment detected
8465,baru download dan pesan makanan pengemudi gonta ganti sampai x dan lambat sangat system menit lagi sampai tapi realita menit mnt sudah nunggu pengemudi lambat pesenan makanan tidak sesuai harapan karena ada item yang lupa di masukan pedagang martabak telor lengkap sudah tidak smpai jam lsng saya hapus aplikasi nya tks,negative,neutral,Mixed sentiment detected
8468,untuk lokasi alamat yang sudah ke save itu masih banyak bug nya entah tiba muncul entah nggak yang dulu itu saya akuin bagus banget dan keren tapi kenapa sekarang developer nya kenapa ngoding nya asal aja apa masih junior developer nya tolong dong dikembalikan kesemula,positive,neutral,Mixed sentiment detected
8473,sangat bagus tetapi hanya disayangkan biaya payleter nya cukup mahal rb untuk bulan tolong diturunkan lagi donk kalau bisa,positive,neutral,Mixed sentiment detected
8493,tolong lah masa bagus up berhasil bukti tf nya berhasil dari bank tapi saldo tidak masuk pas buat laporan malah suruh tunggu hari kecewalah sama gopay,positive,neutral,Mixed sentiment detected
8524,buat pin point alamat susah dipinpoint selalu rmh si a atau lpk enak yang dulu alamat bisa ditulis lengkap hampir di batal pengemudi car karena alamatnya cuma nama daerah apalagi namanya banyak daerah yang pakai padahal itu pinpoint rumah saran tambahin menu edit ulasan dong suka ada yang belum di ulasain dimenu makannya tapi tidak bisa di edit,positive,neutral,Mixed sentiment detected
8589,apakah setelah di update saldo yang ada di go pay hilang mohon izin penjelasan nya dong terimakasih,negative,positive,Thank you message without complaint
8713,tidak bisa login pake email no nya sudah tidak aktif bikin baru tetap pake email email sudah terdaftar lalu buat apa emailnya klo tidak ada opsi login pake email udh kirim email ke cs tidak ada reapon sama sekali,neutral,negative,"Clear negative pattern, not mixed"
8722,kadang suka merasa kecewa sama drivernya kita sudah ketik tujuan kita dan nominal pun sudah jelas tapi kebanyakan pengemudi kl tarifnya murah suka tidak mau ambil sekalipun mau bnyk alasannya yang tidak sesuai lah dengan titik tujuan alhasil kita jadi mau tidak mau ya ksh tips lagi ke driver tlg di perhatikan donk,positive,neutral,Mixed sentiment detected
8728,untuk layanan go ride sama go car nya bagus cuman saya kecewa sama gopay later nya sudah di bayar tagihan nya tapi masih ada tagihan nya sudah tidak mau lagi gunakan gopay later nya sudah jelas jelas berhasil pembayarannya di complain masih saja begitu jawabannya harus di bayar,positive,neutral,Mixed sentiment detected
8729,payah saya update pay latter plus sudah mau bulan belum juga aktif payah padahal saya jualan pulsa pake gopay buruk lah ok entar saya unistal coz aplikasi payah nyuru orang bagus up tapi tidak mau bantu buruk,negative,neutral,Mixed sentiment detected
8761,saya kecewa waktu itu ada problem masalah pemotongan saldo gopay padahal pengemudi belum dapet saya telpon cs saya dilempar sampe pulsa saya abis dua kali dan tidak ada kejelasan masalah pemotongan saldo gopay saya yang kedua biasanya say menggunakan paylater dengan biaya berlangganan tapi dibulan ini biaya berlangganan sekitar padahal saya bayar sebelum jatuh tempo lebih baik saya uninstall saja karena banyak review tidak pake paylater tetap kena tagihan padahal,negative,neutral,Mixed sentiment detected
8771,gojek kenapa sih akhir ini susah banget dapat driver jaringan oke cuaca oke dapet pengemudi lama sekalinya dapat jauh pula jarak antara pengemudi ke customer lebih jauh daripada jarak tujuan trus sekarang ada fitur nya prioritas sudah nih pilih yang prioritas tapi masih saja tetap lambat lumayan jauh jaraknya tidak sesuai sama judulnya prioritas ini tidak sekali dua kali sudah sudah sering oke lah kalo lagi hujan atau hari besar mungkin lagi rame tapi ini yang hari biasa dan normal ko tapi tetap lambat,negative,neutral,Mixed sentiment detected
8777,kenapa kenapa tidak bisa login sudah coba berulang ulang tetep tidak bisa ini bagaimana ya,neutral,negative,"Clear negative pattern, not mixed"
8829,tolong diperbaiki pelayanan nya saya sudah kehilangan banyak waktu gara gara pesan goride tapi tidak bisa karena lokasi tidak ditemukan semua alamat saya coba tetap begitu saya harus datang ke acara dan buru buru tapi bikin kecewa,negative,neutral,Mixed sentiment detected
8868,lemot sekali loading saat buka aplikasinya payahh kalo bisa diperbaiki terimakasih,negative,positive,Thank you message without complaint
8962,aplikasi nya sudah sangat bagus dan respon nya cepat tapi tolong tambahkan fitur konfirmasi alamat min dimana letaknya dimana titik nya agar membuat alamat lebih lengkap lagi terimakasih atas perhatiannya,positive,neutral,Mixed sentiment detected
9015,pelayanan ramah tidak nunggu lama tidak ngebut kendaraan terawat bersih,negative,positive,Clear positive pattern detected
9093,bagus sih gojek tapi sedikit kecewa pernah dapat paylater terus ada notip untuk upgrade limit tapi di tolak limit paylater sebelumnya pun jadi tidak ada padahal tidak pernah telat selalu tepat waktu,negative,neutral,Mixed sentiment detected
9107,bagus sangat membantu aktifitas dikala perlu tranpotasi dan perlu makan jadi tidak susah mudah simple cuma mainin jari,positive,neutral,Mixed sentiment detected
9155,aplikasinya sih oke hanya untuk upgrade go pay plus lambat banget sudah sebulan lebih saya nunggu belum kelar juga prosesnya,neutral,negative,"Clear negative pattern, not mixed"
9179,perusahaan tidak terima kritikan wkwk kemarin saya review kurang puas dengan aplikasi ini karena biaya keterlambatan paylater satu hari saja dendanya k padahal paylater saya cuma k eh setelah saya review langsung di nonaktifkan paylater saya wkwk,negative,neutral,Mixed sentiment detected
9199,saya sudah lambat sebagai pengguna aplkasi gojek dan sering bagus up melakulan mobile bangking pada tanggal maret sd sekarang maret bagus up yang saya lakukan senilai jt tidak ada kejelasannya setiap hari saya email setiap hari saya telp setiap kali di minta bukti bagus up saya kirim kan di email tapi alhasil tidak memberikan hasil yang memuadkan sama saya sampai sekarang tidak masuk bagus up saya jadi buat aplkasi gojek silahkan saja ambil dan tidak usah kembalikan uang saya,positive,neutral,Mixed sentiment detected
9204,dalam aplikasi masih terdapat error juga kecepatannya kurang terkadang ada bag visual juga terutama saat saya akan pesan saat menggunakan voucher dan kemudian bagus up saldo masuk tapi voucher error yang mengakibatkan harganya semakin naik dan oke saya ulangi lagi dan masih sama voucher hilang dan semakin mahal tolong bisa diperbaiki kualitas aplikasi dan pelayanan nya,positive,neutral,Mixed sentiment detected
9212,sangat buruk melakukan bagus up gopay saldo bank sudah terpotong notifikasi pembayaran dari gojek sudah tertera selesai tapi saldo gopay tidak menambah mengirim laporan juga tidak membantu sama sekali hanya dijawab oleh bot,negative,neutral,Mixed sentiment detected
9226,bagus sih gofood ngebantu banget kalo lagi males keluar tapi biaya jasa aplikasi nya makin hari makin mahal terus semakin levelnya naik bukannya makin murah banyak diskon tapi malah makin jarang ada voucher minimal belanjanya juga jadi k harusnya sama costumer yang loyal sudah lambat pake gojek tuh ditambah promonya bukan malah makin diporotin,positive,neutral,Mixed sentiment detected
9276,sudah tahun pake gojek tidak pernah mengecewakan drivernya ramah semua bukan membandingkan but i prefer gojek then tetangga sebelah ya secara popularitas emang yang sebelah si lebih unggul klo di wilayah ku tapi dari pengalaman ku selama ini gojek jauh lebih baik mulai dari promonya sampai sikap drivernya paling suka promonya tidak harus pake wallet khusus jadi bagi org yang lebih suka bayar tunai ketimbang uang elektronik ya pasti suka pokoknya the terbaik deh love it,positive,neutral,Mixed sentiment detected
9285,sangat membantuu khususnya saya dlm hal transportasi dan makanan trus tingkatkan sistem gojek agar kita smkin dimudahkan di era saat ini,neutral,positive,"Clear positive pattern, not mixed"
9292,apk nya sudah bagus banget tapi tolong buat pihak yang bertanggungjawab untuk tidak sembarangan blokir gopay saya ini sudah x di blokir saya mohon jika update sekali lagi jangan mudah di blokir lama lama males,negative,neutral,Mixed sentiment detected
9303,auto delet setelah tahun pakai apk sangat membantu yang lucu habis dikasih limit pinjam jt awalnya tidak minat karena iming naik limit kalau lunas akhirnya pinjam setelah lunas sesuai ketentuan makin lucu bukannya naik limit malah sama sekali ke php cuma di janjikan bulan depan mulu sampai x bulan dah bos fokus sama kurir dan ojek aja dari pada bikin konsumen kecewa untung sekarang banyak apk ojek lain yang lebih bagus bye gojek,positive,neutral,Mixed sentiment detected
9319,masa abis update gabisa dipakai saldo tidak bisa dilihat gabisa melakukan transaksi kemarin masih bisa sekarang jadi error mulu tolong di fiks lagi dong aplikasinya mau melakukan transaksi jadi gabisa karena saldo belum muncul padahal jaringan bagus tapi ada notif jaringan lambat,negative,neutral,Mixed sentiment detected
9334,gojek bagaimana sih saya pengguna gojek setia apalagi khusus food nya tapi kenapa tiba tiba tidak bisa digunakan malah tidak bisa masuk ke aplikasinya sudah dicoba didaftar tetap tidak bisa sekalinya bisa masuk itupun tertulis masukan alamatnya disini dipencet pun tetap tidak bisa lokasi tidak terdeteksi padahal maps saya hidup saya sudah ikutin semua instruksinya tapi kenapa tetep tidak bisa kenapa ini tolong diperbaiki,negative,neutral,Mixed sentiment detected
9419,senang berbelanja di gomart aplikasi gojek sangat membantu tapi tolong ongkir nya jangan mahal mahal ya karena area dekat tapi mahal ongkir nya klu pesen gojek mahal juga jauh dekat sama saja,negative,neutral,Mixed sentiment detected
9465,sangat buruk pelayanan call centernya saya sampai kali telp yang ke dua kalinya telp saya dputus sepihak dari call centernya yang terakhir dihandle sama mega dia bantu untuk info atasanya namun tidak ada niat baik dari atasannya untuk bicara dengan saya,negative,neutral,Mixed sentiment detected
9477,cepat praktis cuman kasian drivernya pas dapat jauh harus mutar jauh dari pemesan seharusnya kasih yang terdekat biar drivernya tidak repot kitapun tidak lambat nunggunya gojek bagus markotop,positive,neutral,Mixed sentiment detected
9486,masih ada kurang a maaf ya ini hanya buat koreksi aja aku suka pake gojek karena simple aplikasi a bayar bisa pake gopay jd tidak sibuk mikirin dibalikinga uang a tapi minus a kalo hujanhabis hujan hhuu itu sudah buruk buruk bikin kesel pernah pesan sudah x pas ujan yang dateng tu ojol sama yang ke dua ojol dateng sekaligus kan kasihan terus chat a tidak bisa dipake kalo lagi ujanabis ujan tulisan a gangguan tolong yaa diperbaiki biar makin banyak penikmat a thanks yang buat,negative,neutral,Mixed sentiment detected
9535,kecewa sebenarnya app ini bagus tapi asal isi saldo gopay belum lagi terpakai tiba tiba saldo saya berkurang karena transaksi yang tidak saya ketahui mohon diperbaiki,negative,neutral,Mixed sentiment detected
9561,tadinya aplikasinya bagus tapi trs kenapa lama error server sibuk terus tidak bs buat apa sudah uninstall dan reinstall tapi tidak ngaruh harus lapor ke siapa,negative,neutral,Mixed sentiment detected
9582,gara gara di update semuanya berantakan diskon restonya tidak full kecewa banget sodara sodara,neutral,negative,"Clear negative pattern, not mixed"
9588,sangat buruk saya sudah pakai aplikasi gojek cukup lambat tapi selalu setiap kali pesen pengemudi dpt titik lokasinya sgt jauh dr tempat saya memesan membuat saya membuang byk wkt utk menunggu ditambah tarif yang slalu berubah tidak tentu tolong segera diperbaiki pelayanan nya jk tidak akan byk yang beralih menggunakan aplikasi lain terimakasih,negative,neutral,Mixed sentiment detected
9590,bagus aplikasi bisa di percaya di aplikasi bisa buat bayar bayar listrik beli saldo dll nya hanya satu yang harus di perbaiki buat aplikasi ini hari hujan tolong dapat pengemudi kalau mesan jangan yang jauh jauh kelamaan nungguin makanan nya tapi kalau ngak mesan makanan cepat di antar oleh pengemudi kalau resto sudah nyiapin menu yang di pesan cuma kadang resto lambat nyediain menu yang di pesan ya terpaksa pengemudi harus menunggu pokok nya aplikasi bagus,positive,neutral,Mixed sentiment detected
9599,ini kenapa tiba fitur gofood ekonomisnyaa ilangg padahal bagus banget buat anak kost semenjak di update fitur nya ilangg hapus ajalah apk nyaa,negative,positive,Clear positive pattern detected
9627,ada yang bagus ada yang kurang bagus mungkin karena ada yang kurang mungkin karena mereka tidak tau alamatnya tapi kalau yang lagi buru pengen berangkat kerja suka jadi telat saya harap pengemudi lebih semangat lagi buat yang sudah terbaik pertahankan terus kinerja kalian good luck,positive,neutral,Mixed sentiment detected
9629,no endors ya tapi menurutku aplikasi ini lbh baik dr yang lain banyak promosi dan fast respon soal complain aku pelanggan setia gofud dan prnh dpt mkanan yang kualitasnya buruk dan gercep banget nanganin keluhan dpt refund saldo pdhl aplikasi aku bermasalah tapi msh mau menanggapi keluhan sebaik itu terimakasih,positive,neutral,Mixed sentiment detected
9642,aplikasi ini sebetulnya bagus tapi drivernya bnyk yang tidak paham jalan lokasi harus tny lagi posisi dmn pakai baju apa kan lht dari foto kan kelhtn tlng di briefieng lagi pengemudi gojeknya agar tidak bikin kecewa mksh salut ini aplikasi ke dua saya,negative,neutral,Mixed sentiment detected
9665,buruk nih aplikasih gojek masa gopay ku aku isi kemarin malam jam wib tgl desember lalu habis tadi pagi gopay ku hilang kemana tapi ku lihat catatan yang aku oder tidak ada dan semua jadi tidak suka aku dengan aplikasih ini dulu di suka tapi skrang tidak lagi dan juga suka lemot lagi yang baru di perbaharui serta suka maksa untuk memperbahurui aplikasi gojek ini,negative,neutral,Mixed sentiment detected
9696,aplikasi sangat bagus selama ini tidak ada masalah tapi dari tgl kemarin saya mau bayar tagihan gopaylater tidak bisa biasanya sebelum jatuh tempo saya bayar bisa,positive,neutral,Mixed sentiment detected
9699,makin lambat makin buruk pelayananya promonya pelit banget harga juga makin mahall gocar dan gojeknya kalah saing sama sebelah apalagi gofoodnya pantes banyak yang pindah ke lapak lain disini penjual dapat pajak tinggi jadi psang harga hmpir kali lipat untuk konsumen juga rugi karena ongkir mahal ditambah hrga brangmakanan mahal niat hati mendukung aplikasi anak bangsa tapi malah kecewa gini tidak memuaskan butuh banyak banget perbaikan kalau mau pelanggan tidak lari ke lapak lain,negative,neutral,Mixed sentiment detected
9714,untuk paylater nya mohon di perbaiki lagi buruk sih katanya denda ribu per hari tapi telat beberapa hari sudah puluhan ribu dendanya,negative,neutral,Mixed sentiment detected
9746,tolong gojek indonesia ditindak pengemudi yang suka batal pesanan bukannya lgag batal suruh org tunggu menit dlu tidak sopan yang ke yang ud terima pesanan tapi sengaja tidak langsung jalan penumpang disuruh tunggu kelamaan baru dia gerak kita penumpang bisa lihat pengemudi dimana yang di chat atau telepon tidak masuk tolong pengemudi nya disortir saja yang mau kerja siapa tidak syukur banget sudah dpt kerja tapi pilih,negative,neutral,Mixed sentiment detected
9776,bye gojek terima kasih,negative,positive,Thank you message without complaint
9810,suka heran sama gojek banyak drver yang on tapi tidak terima orderan buat apa ada goride kalo mmg tidak bisa digunakan buat kecewa pegguna uda ganti bukan pakai yang hemat tetap tidak ada terima,positive,neutral,Mixed sentiment detected
9822,aplikasi ojol paling pelit paling mencekik ongkir pembeli mahal ongkos pengemudi terlalu murah lah terus kalo orang pesan duitnya kemana dong lu makan sendiri rakus memang lu ya kerja juga kagak modal bikin apk saja serakah org yang kerja lu yang nikmati hasilnya jahanam banget lu makan duit yang bukan hak lu hati tidak berkah hidup lu developer mau sekaya apapun lu tidak bakal pernah puas tidak bakal berkah karena lu makan dri duit org yang kerja keras dan lu cuma santai nikmati hasil keringat orang,positive,neutral,Mixed sentiment detected
9829,saya sangat sering diminta cancle oleh driver pengemudi jg kadang kurang ajar sudah saya jelaskan lokasi saya dimana tapi tetap meminta jalan jauh dulu saya jg sering mendapatkan pengemudi yang tidak sesuai dengan titik penjemputan sehingga saya sudah menunggu lama tetapi pengemudi jemput dimana kelamaan akhirnya dicancle mohon perbaiki kinerja dan aplikasinya lagi,negative,neutral,Mixed sentiment detected
9925,saya rubah dan pindah aplikasi saja karena luar biasa sekali rendering na loading lambat sekali tidak ada bisa di pesan cuma tampilan halaman utama saja pindah ko semua sia jko tidak pernah ji na perbaiki,negative,neutral,Mixed sentiment detected
9928,untuk aplikasi sudah sangat bagus dalam fasilitas kelengkapan pilihan dan efesiensi komunikasi antara pengemudi dan pelanggan tetapi akankah lebih baik jika setiap prosedur khususnya pengemudi di cantumkan hospitality ketika mau batal pelanggan apalagi di bentak bentak itu tidak etis setidaknya memberikan alasan tidak dapat menerima pesanan dan lain hal itu akan lebih baik dari pada membentak customer hanya karena customer terlambat melihat pesan atau mengangkat telfon terima kasih,positive,neutral,Mixed sentiment detected
9956,sudah bagus sih cuman sekarang biaya admin nya kemahalan coba kaya dulu tidak banyak biaya ini itu banyak pihak yang merasa terbantu dan di untungkan contoh nya customerga merasa terbebani karena kemahalan driverorderan nya jadi rame lagi perusahan gojekkarena banyak pengguna yang suka dan merasa terbantu otomatis ni apk banyak yang pakai intinya jgn karena admin kemahalan costemer jadi pada kaburpenguna dikit lebih baik biaya admin dikit tapi pengguna banyak jdi semua pihak mrsa untungkan,positive,neutral,Mixed sentiment detected
10005,pesan gofood bisa nunggu lambat sampai menitan kemudian pengemudi konfirmasi bahwa resto tutup padahal status di aplikasi masih buka tolong ya saya paling tidak suka menunggu lama apalagi sudah menunggu lambat namun ternyata zonk mohon perbaiki sistemnya serta regulasi dan aturan terhadap resto untuk menghindari resto yang tidak bertanggung jawab berikan sanksi kepada resto apabila kasus seperti yang saya alami terjadi ini hanya salah satu dari beberapa pengalaman buruk saya pengguna gojek,negative,neutral,Mixed sentiment detected
10051,tidak suka sama sistem skrng peta muncul cuma pas pengemudi otw ngantar doang setelah pesanan di konfirm sama resto nunggu resto proses makanan dulu baru di cari kan driver sedangkan resto kebanyakan memproses makanan yang di jual setelah pengemudi datang ke resto jadi waktu pengantaran lebih lama masukan harusnya setelah resto konfirm langsung di carikan driver dan kita bisa mantau dari pengemudi apakah resto ini antri atau tidak nya tidak efisien klo pakai sistem skrng,negative,neutral,Mixed sentiment detected
10079,kenapa tiba hari ini buka akun gojek saya terlog out sendiri tidak bisa login masuk lagi menjengkelkan balikin saldo gopay saya saja deh,neutral,negative,"Clear negative pattern, not mixed"
10087,saran saya kalian kalo bisnis jgn pernah pake pembayarannya lewat gopay ya sering gangguan ada customer saya yang uda bagus up tapi sampe sekarang blum masuk saldonya ke saya buat ngurusin saldo yang tidak masuk saja butuh berhari hari bisa bangkrut gua lama buruk emang,negative,neutral,Mixed sentiment detected
10115,kenapa sihh kenapa kode otp nya tidak masuk padahal sudah nungguin lambat banget tapi ujung kirim ulang kode otp terus menerus tidak bisa tolong developer perbaiki segera terima kasih,negative,neutral,Mixed sentiment detected
10143,gojek kenapa si saya tidak bisa pesan lagi,neutral,negative,"Clear negative pattern, not mixed"
10148,saya akui gojek sangat bagus tapi di dalam pembayaran itu sangat lah mahal masukkan dari saya kalau bisa di kasih kode promosi yang melalui pembayaran gopay biar gojek semakin memuaskan lagi terimahkasih,positive,neutral,Mixed sentiment detected
10158,dari pengalaman saya menggunakan fitur go ride saya menyarankan untuk memberikan kuesioner kepribadian customer di apk gojek seperti gender cust dan apakah cust merupakan orang yang suka berbicara atau tidak hal ini penting karena nama saya sering dikira laki laki yang padahal saya perempuan dan itu berkali kali terjadi yang membuat saya risih banyak pengemudi suka ngobrol basa basi dengan saya mungkin mereka berpikir agar cust nyaman tetapi saya adalah tipe yang tidak suka diajak ngobrol,positive,neutral,Mixed sentiment detected
10172,buruk sistimnya ah percuma ngasih kesbek promosi rb tidak di pakai promonya kenapa motong otomatis perbaikilah,negative,neutral,Mixed sentiment detected
10179,saya pelanggan aplikasi ini saya berdomisili di provinsi jambi saya mengeluhkan go car nya sangat susah sekarang mencari go car hanya rute yang paling jauh yang diterima nya rute yang km sangat jarang diterima setelah saya survei ternyata mereka mengeluh juga saya mohon kepada pemilik aplikasi tolong di hidupkan kembali go car nya seperti dulu lagi saya sangat suka aplikasi go car kalau ada pengemudi nya yang nakal jangan di kasih surat peringatan langsung saja hentikan kontrak nya,positive,negative,Clear negative pattern detected
10212,kenapa saya mau login akun saya susah banget loading mulu ini kenapa biasanya juga lancar jangan salah kan saya klo ada tagihan paylater ya soalnya saya mau bayar juga tidak bisa login,positive,negative,Clear negative pattern detected
10246,sudah dua hari aku tidak bisa pesan gojek sama gofood katanya internet ku mati padahal data seluler aktif sama kuota ku juga full tapi kenapa tidak bisa klo kayak gini terus mau kemana susah jadi jngn bikin kecewa mohon di perbaiki segera ya,negative,neutral,Mixed sentiment detected
10305,customer care buruk tidak tanggap tidak punya solusi hati dengan promosi casback disini terutama utk go pulsa dlm hal ini token listrik promosi cashback gopay coin jelas tercantum terinput otomatis tapi setelah transaksi selesai berhasil tidak ada casback go pay coin yang masuk kontras sekali dengan aplikasi lain yang baru sekelas gojek ini termasuk parah terutama customer care nya,negative,neutral,Mixed sentiment detected
10333,daftar go pay plus selfi dan ktp berkali gagal terus masa ya tulisan di ektp harus jelas kebaca saat berfoto selfi pdhl kan yang ektp sudah jelas d foto msing ini admin nya plongo apa aplikasi nya yang oon mana selfi dan ektp tulisan kebaca bloon dah,positive,negative,Clear negative pattern detected
10361,sangat mengecewakan voucher untuk pembayaran tagihan pln paska bayar tidak dapat digunakan karena setiap dimasukan id pelanggan pln tidak bisa muncul rincian yang harus dibayar,neutral,negative,"Clear negative pattern, not mixed"
10383,drivers nya pada menyarankan pindah aplikasi ke grab itu pengemudi sendiri yang menyerahkan bagai mana pelayanan baik kalau jaminan mutu faktanya jauh di bawah kata baik maaf saya harus berpindah aplikasi karena pengemudi lebih menjamin keselamatan dari pada iklan yang berangan angan,negative,positive,Clear positive pattern detected
10420,bagus sekali saya pemakai aplikasi gojek sudah lambat sekali dengan adanya gojek saya sangat terbantu mau apapun jadi lebih mudah terimakasih gojek indonesia semoga tetap menjadi aplikasi pilihan masyarakat indonesia dan sukses selalu gojek indonesia dan lagi semoga secepatnya saya mendapatkan bantuan paylater nya gojek indonesia karena yang aplikasinya baru beberapa minggu eh sudah dapat paylater tapi saya tidak dapat semoga saya dapat mencoba paylater nya amin,positive,neutral,Mixed sentiment detected
10427,go tagihan tidak bisa selalu diandalkan pengalaman token listrik akan habis tapi layanan sedang tidak bisa,negative,neutral,Mixed sentiment detected
10506,untuk gopay sih oke saja nga ada masalah tapi setiap aku pesen gocar tujuan ke rumah sakit rs selalu susah begitu dapat ee drivernya minta cancel pake akun suami pake goride juga sama mending tujuan rs dihilangkan deh daripada kita berharap,negative,neutral,Mixed sentiment detected
10539,sebenernya ngebantu banget dengan adanya aplikasi gojek tapi akhir ini bikin kesal karena selalu dapat pengemudi yang minta di batal dengan alasan kejauhan padahal tidak ada jarak km dari lokasi a menuju ke lokasi b dan semakin susah nemuin pengemudi sekarang lambat nunggunya tapi masih ada beberapa juga pengemudi yang masih baik dan pelayanannya bagus mohon ditingkatkan lagi pelayanannya,negative,neutral,Mixed sentiment detected
10569,aplikasinya bagus tetapi lebih bagus lagi kalau aplikasi driver user pengguna penumpang dan go food go resto dibuatkan gratis hanya pakai biaya kuota internet layanan telpon chat ganti semua sms dengan chat dan video call yang memanfaatkan dan memperbagus kamera depan dan belakang smartphone yang paling murah dan kabur sekalipun menjadi bening untuk pengemudi dan user penumpang pengguna dan penjual go food go resto agar saling percaya sama wajahnya dengan diaplikasi dan barang yang dibeli di go mart go shop go food sama dengan yang difoto contoh barang dan dipesan untuk dibeli serta orang yang dijemput dan diantar sama sama aman selamat nyaman dan sampai dengan cepat tepat serta google mapsnya ganti dan perjelas dengan google satelit agar lebih tepat dan cepat mengetahui masalah kemacetan ketepatan penjemputan dan pengantaran barang dan orang serta terakhir mohon kerjasama dengan telkomsel di go bill pembayaran kartu halo menggunakan go pay terima kasih gojek,positive,neutral,Mixed sentiment detected
10574,saya sudah lambat pake gojek tapi kenapa hari hari ini aneh bngt kenapa tiap hari ongkosnya makin naik kemarin abis itu naik jadi trus sekarang gila ya padahal lokasi tujuannya dekat klo kyk gitu bolak balik jadi yang bener saja klo gitu sama saja kyk ojek pengkolan cuman bedanya ini makan kuota tolong diperbaiki sistem penaikan tarif gopay jangan terlalu gila nanti tidak ad yang make aplikasi ini terpaksa hapus yang dulunya sayang jadi benci,negative,neutral,Mixed sentiment detected
10628,bayar express reguler ataupun hemat tidak beda jauh datengnya lambat banget heran,neutral,negative,"Clear negative pattern, not mixed"
10639,dari awal saya gofood sampai detik ini belum pernah sih kecewa bener bener ngebantu di saat lagi pengen makan tapi posisi tidak bisa keluar kemana sampai detik ini juga selalu dapet pengemudi yang baik,negative,neutral,Mixed sentiment detected
10641,sudah lambat tidak pakai gosend banyak yang berubah dulu pesen tidak lambat kemudian pengemudi dateng lngsung kirim barang sekarang jadi sedikit agak ribet dsuruh pilih samedayexpress ya lupa aku setelah pilih sameday trnyata pesanan masih dicatat dlu baru dicarikan pengemudi jam lagi pikirku ya masak smpek jam ternyata beneran jam baru dicarikan drivernya krn saya buru kerumah kakak saya diluarkota naik motor juga bukan naik mobil kelihatannya sinyalnya tidak bagus tapi dikolom pesanan saya tidak ada apa,negative,neutral,Mixed sentiment detected
10655,aku senang bisa diantar go jek karena pelayanannya bagus cepat dan aman thanks go jek semoga lancar dapat penumpang trs tolong kasih vocher dong saya pengguna lambat masa cuma dpet vocher gofood pas lagi awal trs lambat tidak dpt lagi,positive,neutral,Mixed sentiment detected
10666,aplikasi baru gojek selalu menyusahkan pengguna di saat kami butuh perjalanan dengan gojek pada saat bersamaan pula kami dipaksa utk update versi terbaru apalagi perlu space yang sangat besar dan aplikasi penting lain spt wa dan instragram sbg sarana komunikasi dan informasi tidak mungkin kami hapus update versi terbaru sebaiknya opsional mengapa kami harus selalu update terbaru sementara yang lambat sudah sangat baik dengan kondisi spt ini utk bbrp waktu kami tidak bisa pakai aplikasi gojek,negative,positive,Clear positive pattern detected
10668,ngasih voucher gofood nya tidak merata kak akun yang dikasih itu itu terus padahal saya sudah lambat pengguna gojek sudah lambat banget tidak pernah dikasih voucher gofood,neutral,negative,"Clear negative pattern, not mixed"
10676,tidak bisa login karena email sudah terdaftar maksudnya gimana daftar juga tidak bisa karena email sudah terdaftar,neutral,negative,"Clear negative pattern, not mixed"
10685,aplikasi jelek cuma bisa di pickup tapi pengemudi tidak ada balasan dan malah di biarin hrusnya di acc driver tidak berguna klo cuma di pickup tpi di biarkan sistem sudah tidak beres tapi tidak ada perbaikannya sudah dr kemarin pesanan tidak beres,negative,neutral,Mixed sentiment detected
10702,mau bayar saja susah tulisannya koneksi anda bermasalah padahal internet lancar sudah dari dulu tapi sekarang malah bener bener tidak bisa harap diperbaiki,negative,neutral,Mixed sentiment detected
10712,berangkat kerja waktu hujan okeylah cepat dapat driver lah ini waktu pulang kerja hujannya reda kenapa malah lambat banget dpt drivernya nungguin jam nihh min tolong lebih diperhatikan lagi ya min,neutral,negative,"Clear negative pattern, not mixed"
10731,alhamdulillah selama ini gojek banyak membantu tapi untuk play leter nya tolong di perbaiki denda perhari itu sangat memberatkan,positive,neutral,Mixed sentiment detected
10740,mohon diperbaiki ketepatan alamat yang sesuai dan tepat terutama di area kami karena ada jalan baru alamat msh tetap yang lambat tapi titik jadi berubah aplikasi ojol lain dengan alamat saya sudah tepat dan tidak membingungkan driver kasihan utk pengemudi nya,negative,neutral,Mixed sentiment detected
10832,kenapa setiap saya mau transfer saldo gopay saya selalu muncul upgrade gopay tetapi ketika setiap saya mau selfie untuk melengkapi data selalu saja force close sendiri saya sudah lambat memakai gojek tapi mohon diperbaiki untuk transaksi lebih lancar,negative,neutral,Mixed sentiment detected
10859,para pelanggan baru di manjakan di kasih focer sedangkan pengguna lambat di abaikan jadinya banyak yang download cuma jadi pelanggan baru saja sadar dong jek harusnya pelanggan setia yang diberi promosi banyak ini malah di abaikan akhirnya banyak pelanggan lambat yang pindah aplikasi sebelah,negative,neutral,Mixed sentiment detected
10877,sangat disayang gara ganti hp akun gojek saya tidak bisa digunakan lagi padahal saya sudah lambat sekali berlangganan dan menjadi customer setia gojek cuma karena no telp yang di daftarkan sudah tidak aktif lagi karena tidak ada alternative lain untuk memverifikasi selain ke no hp tolong diperbaiki untuk alternative verifikasi misalkan via email juga bisa karena gojek untuk akun yang sama dan ganti no juga tidak bisa sangat repot klo mau berlangganan lagi harus buat akun baru lagi terima kasih,negative,neutral,Mixed sentiment detected
10885,cs yang bisa di hubungi terimakasih,negative,positive,Thank you message without complaint
10935,makin kesini mau masuk ke gofood ajh loadingnya lamaa beneerr dikira belum update tapi udah jaringan bagus tetep ajh lemot mesti keluar beberapakali baru deh itu pun butuh waktu juga haduuh tolong di perbaiki,negative,neutral,Mixed sentiment detected
10947,aplikadih paling buruk saat ini sudah susah cari pengemudi aplikasi selalu membatalkan sendiri pesenan saya dan kalo di pesan ulang harga akan terus bertambah naik alesannya karena pengemudi saya dulu senang sama aplikasi ini tapi saat ini sangat menyebalkan tolong perbaiki sistem dan managemen anda jika tidak inhin kehilangan pelanggan,negative,neutral,Mixed sentiment detected
10997,kenapa saya tidak bisa login dan server selalu padat dan sibuk,positive,negative,Clear negative pattern detected
11010,tidak bisa pesan gojek malah balik ke menu utama terus,neutral,negative,"Clear negative pattern, not mixed"
11028,halo pihak gojek aplikasi cukup berguna untuk pengemudi dan penumpang tapi yang jadi masalah disini adalah rute di gps nya ada rute jalan yang dekat dan tidak melanggar berkendara lalu lintas namun harus berbelit sehingga biayanya jadi mahal karena jarak berbelit menjadi jarak tempuh yang jauh tolong secepatnya perbaiki,negative,neutral,Mixed sentiment detected
11100,kenapa saya tidak bisa pesan gojek katanya dinonaktifkan sementara untuk daerah tertentu karena covid,neutral,negative,"Clear negative pattern, not mixed"
11117,tolong untuk castamer kalau ngasihklik bintang ke pengemudi yang betul castamer ngasih koment bagus tapi ngasih bintang itu pengaruh ke pesanan driver jadi buruk kondite di gopartnernya turun rating drver tolong klik yang betul bintangnya saya dpt koment bagus tapi di kasih bintang hancur rating dan pesanan saya sistem goparner tidak peka tetap saja saya yang salah di baca oleh sistem gopartner padahal yang castamer,positive,neutral,Mixed sentiment detected
11198,banyak sekali penipuan atas namakan gojek dan tau identitasnya tolong dong diperbaiki sistem pengaman takut disalah gunakan data datanya sukses selalu,negative,positive,Clear positive pattern detected
11236,sistem sering gangguan susah dapet driver dan saldo gopay suka gabisa digunakan biaya aplikasi mahal itu diapain ya biaya aplikasi tapi aplikasinya sering gangguan,negative,neutral,Mixed sentiment detected
11261,kenapa setelah di update saya jadi tidak bisa login ke aplikasinya,neutral,negative,"Clear negative pattern, not mixed"
11289,bagus up kena charge withdraw kena charge tarik dari gopay lambat banget bahkan tidak ada dihistory mau dicek tidak bisa email tidak direspon masa cuma gara gara uang ribu harus lapor ke polisi,negative,neutral,Mixed sentiment detected
11294,pelayanan nya bagus tepat waktu tetapi untuk di area saya kalau malam jam aga susah dapat pengemudi,positive,neutral,Mixed sentiment detected
11350,aplikasi error tidak bisa login muncul tulisan failed to get your session tolong dibantu selesaikan masalah ini aplikasi ini sangat membantu untuk kegiatan sehari hari saya jadi saya sangat mengharapkan untuk segera diselesaikan masalah ini terimakasih,positive,negative,Clear negative pattern detected
11365,layanan gojek mah oke bgt tapi paylater di block dengan alasan tidak jelas tunggakan tidak ada cuma karena ganti no hp dan email walau ada pernah telat bayar tapi khan plus denda bayarnya belum pernah juga melebihi bulan telat kecewa aja ditanya tapi kasih jawaban tidak jelas,negative,neutral,Mixed sentiment detected
11382,hampir semua aplikasi saat pertama luncur it sangat akurat dan sangat bagus setelah update hampir semua aplikasi ada yang lelet ada yang menu di hilangkan ada banyak bug ada megabyte gede ada yang muncul iklan ada yang susah register ada yang loading nya lambat banget ada yang data tidak bisa di hapuskan dan lain,negative,positive,Clear positive pattern detected
11462,aplikasinya cukup membantu terutama untuk mobilisasi tapi sayangnya ditahun ini sudah dua kali saya pesan makanan dan sudah lock alamat rumah saya tapi ketika diantar malah ke tempat random yang jauh dari rumah saya saya sudah pakai aplikasi gojek lebih dari tahun dan sebelumnya tidak pernah kejadian seperti ini mohon diperbaiki lagi,positive,neutral,Mixed sentiment detected
11528,uninstal aja pelayanan drivernya jelek tidak cekatan lambat banget padahal deket tapi harus nunggu lambat banget malah diem dulu tidak tau ngapain dan itu terjadi berkali kali lebig bagus yang sebelah,negative,neutral,Mixed sentiment detected
11541,sebenernya aplikasinya bagus cuma kesal saja kalo pesan makanan pas hujan pasti di cancle mulu padahal sudah nungguin lambat banget nahan laper tiba tiba di cancle karena tidak ada yang mau pickup kesal banget kurirnya tidak pada mau anter padahal pasti di kasih tips ngluapin kekeselan saja orang lagi laper laper kirain kalo ujan pake aplikasi gojek gini memudahkan ternyata emang paling bener beli sendiri saja ke resto pake mantel,negative,neutral,Mixed sentiment detected
11545,tidak bisa pesan martabak depan perum padahal kalo saya kesana banyak abang gojek dan grab yang sering ngorderin,neutral,negative,"Clear negative pattern, not mixed"
11550,aplikasinya bagus tapi saya ada masalah saat pemesanan sering banget pesanan saya di tolak ama sistem tanpa notifikasi jadi saya sering nunggu tidak jelas utk waktu yang lama,negative,neutral,Mixed sentiment detected
11553,saya pengguna dari progres dulu baik tapi sekarang aplikasi ini semakin buruk jarak titik tidak tepat jarak ambil makanan pun sering eror sehingga resto jauh apalagi parahnya dipilihkan pengemudi jauh kecewa uninstal,negative,neutral,Mixed sentiment detected
11567,ini adalah aplikasi buruk yang paling merugikan dan mengecewakan di dunia pukimak lah buat aplikasi ini dasar babi aplikasi sudah terinstal saldo sudah di isi tapi sms verifikasi tak kunjung masuk yang menyebabkan aplikasi buruk ini tidak dapat di gunakan aplikasi pencurii puki saya benar kecewa telah bagus up saldo kembalikan uang saya bangsatt,negative,neutral,Mixed sentiment detected
11582,saya suka gojek tapi ini tidak terlalu berguna untuk saya yang tinggal dipelosok karena ternyata di tempat saya belum ada layanan gojek voucher yang saya dapat semuanya hangus tak terpakai karena tidak bisa dimanfaatkan saldo saya tidak bisa diuangkan karena upgrade susah saya sangat berharap ke depannya gojek bisa menembus daerah pelosok dan jangan hanya beroperasi di kota besar saran lainnya saat gagal upgrade bisa dikasih penjelasan kenapa bisa gagal jangan hanya dokumen di tolak,negative,neutral,Mixed sentiment detected
11665,kenapa yaa tidak bisa login sudah uninstall puluhan kali tetep tidak bisa login,positive,negative,Clear negative pattern detected
11717,aplikasi bagus selama saya pakai saya tidak pernah ada masalah sama drivernya terlalu sopan semuanya cuman ada keluhan fitur super partner gofood saya tahu jika fitur itu mempercepat pemesanan kita tapi tidak ada kepastian bagi kita pemesan jika makanan bisa dibeli karena kadang kadang resto tidak accept pesanan kita entah lagi ramai atau tutup yang mana biasa kita batal pesan makan karena resto tutup jadi batal pesan karena tidak di accept kalau cara biasa kn ada kepastian walaupun lambat,positive,neutral,Mixed sentiment detected
11769,admin bgmna cara memasukan kode pin otp beberapa kali kirim kode tapi tidak ad yang masuk smsnya kecewa dengan sistemnya gojek mau masuk aplikasinya tapi minta pin,negative,neutral,Mixed sentiment detected
11856,harus update terus ini klo tidak update tidak bisa dipkai alasan versi gmn ini jadi tidak bisa pesan,neutral,negative,"Clear negative pattern, not mixed"
11859,tolong diapakan dulu drivernya biar gasuka goda godain atau mintain nomor telefon ada juga pengemudi yang bahasanya kasar banget coba sih sebelum dijadiin pengemudi di training dulu kek diapain dulu kek apa ajalah mana kalo ujan susah banget lagi dapetnya sekalinya dapet jauh banget satu lagi tolong hapus fitur bintang di pelanggan karena kadang pengemudi ngelunjak kasih bintang kecil ke pelanggan cuma karena tidak dikasih tip bitte antworten schnell,negative,neutral,Mixed sentiment detected
11865,saya sangat loyal dengan gojek terbukti dengan saya selalu menggunakan aplikasi ini utk sehari karena membantu namun yang perlu di perbaiki adalah manpower nya pengemudi gojek harus lebih profesional klo bisa dikasih training safety first karena membawa penumpang dan harus lebih tepat waktu jika sudah ada pesanan harus dengan sigap berangkat bukan malah lamaa banget jemput aja minimal saya nunggu menit kalo pas berangkat kerja rasanya buang waktu bgt,positive,neutral,Mixed sentiment detected
11867,untuk di daerah jogja susah banget mencari pengemudi gojek jadi kalau mau kmna mana agak susah padahal tidak mendung tidak hujan tidak badai tidak bencana tapi tetap susah nyarinya kenapa bisa begini ya tolong di perbaiki,negative,neutral,Mixed sentiment detected
11939,kecewa bagus up saldo gamasuk transaksi berhasil tapi saldo kosong sudah lapor dan kirim bukti transfer tidak di respown,negative,neutral,Mixed sentiment detected
11951,sudah beberapa hari ini tidak bisa login sudah login pake no yang biasa gabisa selalu muter tanpa mau masuk ke aplikasinya ini gimana mau pake bantuan gojek juga gimana login saja tidak bisa,neutral,negative,"Clear negative pattern, not mixed"
11986,saya kecewa dengan update sekarang karena harga gofood sudah naik dengan rute perjalanan yang dulu ongkos nya cuman rb sekarang rb tolong domg malah lebih mahal ongkir jalan di banding makanan nya perbaiki jadi malas saya untuk membeli gofood,negative,neutral,Mixed sentiment detected
11988,sangat membantu dan semuanya tepat waktu akan tetapi ada satu pengalaman saya di mana ketika saya mencancel gocar ada satu pengemudi yang saya kurang suka dengan tanggapannya,negative,neutral,Mixed sentiment detected
11999,customer service nya buruk ngeribetin bagus up sering kali lambat masuk nya tidak tau apa org lagi urgent percuma bagus up tapi masuknya lambat padahal sudah sukses dr mercht nya ehh ini d tungguin tidak masuk ke saldo gopay nya di tambah pernah tarik tunai tidak masuk ke rekening sampai hari lambat penangannya sumpah tidak paham lagi sama aplikasi ini di buat kesal sama customer service nya,negative,neutral,Mixed sentiment detected
12004,tidak bisa pesan gofood suruh aktifin lokasi tys padahal sudah di aktifin,neutral,negative,"Clear negative pattern, not mixed"
12008,saya sangat kecewa sekali awal nya saya suka sekali dengan aplikasi ini tapi kemaren pas saya mau sekolah gojek nya malah tidak bisa pas mau milih tujuan tiba tiba kembali di beranda dan itu saya coba berkali kali tetapi tetap tidak bisa tolong di perbaiki lagi ya,negative,neutral,Mixed sentiment detected
12018,gojek bagaimana ya penanganannya lemot banget saya mau mengubah data nomor telepon lambat ke baru ribet banget prosesnya sudah tlf cs sampai x ada yang respon baik ada yang buruk tapi penanganannya lambat tidak seperti yang dulu sampai sekarang masalah saya belum selesai,negative,neutral,Mixed sentiment detected
12042,sebenarnya suka banget aplikasi ini tapi kalo mau update aplikasi selalu lama apalagi kalo install ulang selalu lambat akhirnya saya pilih aplikasi yang lain,negative,neutral,Mixed sentiment detected
12070,buruk banget tiba saja paylater diblokir limitnya dinaikin tapi tidak bs dipake kan percumaa padahal tidak pernah menunggak maksimal pemakaian cuma ribuan buat byr bill wifi or beli token listrik sudah laporan juga katanya lagi pengecekan helooww dr pakai paylater gojek kemana ajee,negative,neutral,Mixed sentiment detected
12072,kenapa di gps aplikasi gojek alamat saya tidak bisa pas di titik ya tapi dicoba pake aplikasi sebelah bisa loh beberapa kali saya dikomplain dengan ojol dan taxol gojek karena titik tidak pas sama alamat saya padahal emang tidak bisa dari gps di aplikasinya mohon diperbaiki gps nya makasih sebelumnya,positive,neutral,Mixed sentiment detected
12080,masak saya tidak bisa login ke akun saya ada tulisan terlalu banyak permintaan,neutral,negative,"Clear negative pattern, not mixed"
12208,bintang dulu yak soalnya makin ke sini koq ongkir makin mahal tambah biaya aplikasi dll pdhl sebenarnya sangat membantu,neutral,positive,"Clear positive pattern, not mixed"
12229,sangat senang mudah tapi tarifnya agak mahal,positive,neutral,Mixed sentiment detected
12311,drivernya kurang teliti dan kurang konsentrasi seharusnya dibaca dengan teliti itu pesanan pelanggan klo ada yang kurang dan sudah terlanjur di terima itu kan bisa bikin pelanggan kecewa dan untuk selanjutnya pengemudi harus teliti dan harus sangat konsentrasi dengan pesanan pelanggan dibaca baik pesanan pelanggan jgn asal membeli pesanan dan biaya nya tidak sesuai dengan yang di layar hp katanya ada vocer go food tapi nyata nya sama saja bayar semua nya vocer nya buat apaan coba begitu,negative,neutral,Mixed sentiment detected
12356,payah lemah kalo hbs hujan servernya lambat total buruk tidak bisa di andelin lah tolong di perbaiki dengan nama besar pelopor ojek online pertama harusnya bisa di atasi saya pengguna lambat tapi semakin kesini malah semakin kesana,negative,neutral,Mixed sentiment detected
12357,kecewa trz sama pengemudi nya sya sering pake go car tapi sering banget nemuin pengemudi nya yang nyebelin suka batal pesanan seenak nya az malah sering mau nurunin d jalan alasan nya sudah sampai di titik pengantaran pdhl jelas belum sampai k tempat tujuan pas pemesanan pengemudi nya jg bnyk yang ugalan tolong donk gojek d perhatikan lagi para pengemudi nya jgn bikin costomer kecewa,negative,neutral,Mixed sentiment detected
12375,senang pakai aplikasi gojek pokok nya the terbaik tapi mohon bisa di tampilkan alamat yang detail baik lokasi penjemputan maupun lokasi tujuan terima kasih,positive,neutral,Mixed sentiment detected
12377,bad minta di upgrade mulu bukanya maju malah mundur mau mesen go food sekarang susah dibuka disuruh aktifkan lokasi padahal sudah aktif kadang bisa mesan kalau pas lagi eror tapi tidak bisa lagi aplikasinya makin lambat makin buruk bukan berkembang lebih baik malah jadi buruk,negative,neutral,Mixed sentiment detected
12392,abis update aplikasinya tidak bisa dipake mau pesen gofood crash terus tolong diperbaiki jangan cuma nyari cuan doang apalagi sekarang ada biaya aplikasi tapi bukannya makin bagus tapi malah jelek,negative,neutral,Mixed sentiment detected
12585,loginnya gabisa udah dicoba masuk loadingnya super lambat hampir sejam nunggu loadnya bahkan mau masuk lewat facebook pun tidak bisa error terus padahal kuota ada mohon perbaiki tolonglah bahkan saya coba instal berulang kali login berulang kali tapi hasilnya sama erorr dan loadingnya lambat banget smpe jam bahkan lebih batre hp dr sampe nungguin loadingnya udah bagus apkini tapi kesahalannya tolong perbaiki,negative,neutral,Mixed sentiment detected
12637,baru kali ini saya mau pesen goride pas dichat ditanya posisi dimana malah dibales diatas bumi kak hahaha oke boleh bercanda tapi ada porsinya ini sesang terjebak macet lagi buru banget malah gitu hmm tapi pelayanannya selalu memuaskan baru kali ini saja sedikit kecewa dengan drivernya,negative,neutral,Mixed sentiment detected
12657,tolong dong kenapa saya tidak bisa pesan makanan di apk ini ya,neutral,negative,"Clear negative pattern, not mixed"
12666,dulu saya suka sekali dengan aplikasi gojek bahkan kalau ada bintang saya akan kasih tapi kedepanya saya sangat kecewa sekali aneh ketika saya tidak bisa pesan go ride dan go car tapi kenapa bisa pesan go food aneh kan min dan saya sudah komplain sampai kali pihak gojek tidak dan tidak sangat tidak menangapi keluhan saya sebagai costomer setia dan akhirnya saya pindah ke aplikasi sainganya yang lebih perduli dengan pelangan,negative,neutral,Mixed sentiment detected
12674,sudah suka banget pke gojek tapi kenapa sekarang tidak bisa pke voucher sihh jadi mahal kan kalo mau pesen go food,positive,neutral,Mixed sentiment detected
12694,kenapa daftar masuknya susah banget ya pdhal email sudah d masukan tapi kenapa katanya sudah terdaftar,negative,neutral,Mixed sentiment detected
12723,kenapa saya kasih bintang karena nih gopay menurut saya tidak work banget buat bisnis tidak ada fitur yang dimana pembeli penjual bisa aman karena banyak sekali penipuan yang pembayaran nya melalui gopay verifikasi nya terlalu ribet terlalu banyak updatemaintenance terlalu lambat maintenanceverifikasi akun nya karena pembisnis tidak ada waktu untuk menunggu tetapi disisi lain pajak nya tidak terlalu besar dan juga bisa mengisi saldo melalui atm bank internet jadi tolong next nya di perbaiki ya,negative,neutral,Mixed sentiment detected
12751,bagus lah cuma jaringan kadang suka tidak stabil pernah juga pas pesan gocar jadi double pesan karena jaringan buruk,negative,neutral,Mixed sentiment detected
12770,pengemudi gocar sukabumi kalau kondisi hujan da tempat tujuan tidak terlalu jauh karena jasanya kecil drivernya suka batal terus padahal waktunya butuh jasa tersebut beda dengan gran,neutral,negative,"Clear negative pattern, not mixed"
12800,ditambahin menu chat sama customer service dong biar enak kalau komplain bisa langsung chat dan banyak mitra go food di harkulnas ini buruk masa harga berubah dan yang disuguhkan ke kami jauh dari ekspektasi contoh mie aceh dagingnya cuma potong kecil kecil semoga jauh lebih baik dan lebih maju,positive,neutral,Mixed sentiment detected
12856,saya menggunakan gojek utk dompet digital sudah sejak beberapa tahun lalu dan sudah upgrade ke gopay plus sudah atau tahunan lalu selama ini utk transaksi transfer ke bank ataupun belanja digital oke saja walaupun terkadang ada sedikit kendala tapi itu tidak apa tapi hari ini saya mau transfer ke bank situasi penting banget aplikasi menolak dengan penjelasan spy upgrade dulu ke gopay plus maksudnya apa dan parahnya lagi setelah beberapa kali di upgrade dengan foto e ktp gagal trus,negative,neutral,Mixed sentiment detected
12898,aplikasi yang sangat membantu aktivitas terimakasih cuma saran aja jangan terlalu mahallainnya oke,positive,neutral,Mixed sentiment detected
12900,tolong dong dihilangkan sistem pengemudi prioritas dan diblok saja aplikasi fake gps karena kadang waktu pesan gocar suka nunggu kelamaan njemputnya padahal pengemudi yang terdekat banyak tapi mlh dapetnya pengemudi yang jauh,positive,neutral,Mixed sentiment detected
12962,hai kenapa gojek gitu yaa aku kan mau mesan grab food minuman kesukaan aku nah pas aku mau pencet tombol pesan itu malah ada tulisan pengemudi nya lagi sepi di deket resto padahal aku rela nunggu lambat soalnya aku pengen banget minum itu tapi ya gitu tidak ada pengemudi mohon maaf klo tidak sopan,negative,neutral,Mixed sentiment detected
12978,saya ingin sheer pengalaman dalam mengunakan aplikasi ini yang tidakmenyenangkan sebagai masukan beberapa kali saya pesan go car gojek melalui aplikasi ini pesanan saya langsung di input bahkan pengemudi teleponchat ke saya menanyakan alamat saya namun beberapa saat saya tunggu dia malah membatalkan pesanan saya begitu saja tanpa ada kejelasan jadi saya mohon pada pihak manajemen untuk memberi sanksimenindak tegas atas perbuatan oknum tersebut karena ini bisa berimbas ke pihak gojek wassalam,positive,neutral,Mixed sentiment detected
13011,sebenarnya gojek sangat membantu tapi kadang pengemudi nya itu kayak sesuka suka nya sendiri ini pengalaman saya jadi saya pesen go food dan titik pengemudi sama restoran agak jauh sudah menit pengemudi tidak menghubungi saya dan titik nya tidak berubah saya sudah hubungi pengemudi tidak ada balasan tolong lebih di tingkatkan lagi untuk mitranya terima kasih,positive,neutral,Mixed sentiment detected
13040,sangat mengecewakan sekali padahal saya sering pakai aplikasi ini dan saya suka tapi tiba tiba tidak bisa melakukan pemesanan permintaan selalu ditolak saya cba telpon customer tapi jawabannya malah suruh ganti perangkathp padahal pake grab bisa tidak bermasalah daripada ganti hp ny ya lebih baik ganti aplikasi lah gmna sungguh kecewa,negative,neutral,Mixed sentiment detected
13049,pertama gunakan aplikasi gofood luar biasa pelayanan yang cepat tapi map nya sangat buruk setelah saya evaluasi akurasi hanya suka jauh meleset setelah di save peta nya sungguh buruk,positive,neutral,Mixed sentiment detected
13068,maaf ya aku kasih bintang soalnya salah satu dari pengemudi gojek ada yang tidak sopan bicaranya bahkan sampai mengeluar kan kalimat kasar kesaya barusan cuman karena saya kasih rute lewat jalur belakang agar aman dari kendaraan besar dijam malam malam seperti ini saran aku lebih baik banyak banyakin sabar ucapan juga tolong dijaga jangan ngebut ngebutan karena keselamatan lebih utama dari pada kecepatan dan semoga bisa tetep ramah sama castemer lainnya,negative,neutral,Mixed sentiment detected
13151,saya kasih masukan saya telpon ke gojek habis pulsa banyak karena kelamaan prosedurnya dan asal kalian tahu sayasangat merasa di rugikan yang pertama harga di applilasi layanan gomart banyak fiskon contoh hidrococo di applikasi gomart harhanya namun saat saya chek out promonya hilang dan di alfamidi nya harga nya kalian membohongi saya penipu kalian dan saat sudah pesan saya tidak bisa membatalkan dan pengemudi tidak mau membatalkan dengan banyak alasan akhirnya saya harus,negative,neutral,Mixed sentiment detected
13161,lumayan ada perubahan pencarian pengemudi cepat tapi evaluasi lagi buat pengemudi yang suka batalin order soalnya dah nunggu lambat trus dibatalin kan kasian klo ngasi bintang tolong buat pihak gojek ditindaklanjuti yang seperti itu saya turunin bintang aplikasi,positive,neutral,Mixed sentiment detected
13178,cool si tapi gofood disini mahal mahal dan juga biasanya harga kadang kadang naikberubah selain itu semuanya bagus gojeknya cepat sampainya dan pastinya gojek itu mudah untuk dipesan,positive,neutral,Mixed sentiment detected
13257,apa nih aplikasi apaan ini saya kira gampang banget pakenya ternyata susah banget saya mau bagus up diamond saja tidak bisa aneh banget jaringan stabil kenapa saldo gopay banyak cuma bagus up ribu tidak bisa aplikasi tidak jelas ini tidak usah dipake harus beginilah begitulah menyesal saya saya peringatkan ya jangan dipakai paham,positive,neutral,Mixed sentiment detected
13279,selama saya pakai belum pernah kecewa sih rekomendasi bgt cuma waktu jemput dan respon pengemudi kadang lambat selebihnya oke,negative,neutral,Mixed sentiment detected
13290,sangat amat berguna buat saya yang kesekolah tidak ada yang anter tapi kadang suka bikin kesal babang gojek nya sudah nunggu lambat eh di cancel tapi ttp saja masih lebih baik dari pada ojek biasa karena suka ada promosi,positive,neutral,Mixed sentiment detected
13312,sangat di sayangkan makin kesini aplikasi ini semakin membuat kecewa para penggunanya membuat promo yatanya promo itu seperti jebakan akun yang awalnya sehat saja jadi sakit tidak bisa ikut menikmati promo yang di buat jujur sangat kecewa vocher tiba pd hilang otw unistal saja lah dr pd bikin sakit hati kan,neutral,negative,"Clear negative pattern, not mixed"
13319,sebenarnya klo ada problem tergantung sama drivernya dan tempat tinggal sih saya pelajar dan sering memesan go ride puji tuhan selama saya memesan go ride tidak ada problem sama drivernya justru mereka baik ramah cepat menjemputnya kemanannya juga diutamakan bahkan sering memberikan informasi tentang voucher apalagi ngasih voucher go ride tarifnya juga murah beda sama tetangga sebelah mahal buat pelajar klo kendalanya si cuma di aplikasinya krena sering error terima kasih gojek,positive,neutral,Mixed sentiment detected
13401,aku suka makan tapi mager banget kalau harus keluar dan gofood ini membantu banget sih jadi tidak susah lagi kalau mau makan makanan luar tapi susahnya kalau cari pengemudi yang deket di daerah ku sini di cepogo boyolali bahkan sering tidak ada pengemudi terdekatnya,positive,neutral,Mixed sentiment detected
13438,sudah lambat donlot tapi baru dipakainya bagus aplikasi dan responya cepat semoga maju terus pelayananya,positive,neutral,Mixed sentiment detected
13458,halo gojek saya suka melalukan pembayaran online melalui aplikasi ini tapi kenapa sekarang suka susah ya selalu eror dan saldo tidak cukup padahal saldonya ada tolong bantuannya ya,positive,neutral,Mixed sentiment detected
13485,selama menjadi pengguna aplikasi gojek saya merasa nyaman suka dan terbantu tetapi terakhir akhir ini saya merasa tidak nyaman dengan notif aplikasi gojek pinjaman paylater maaf sekali saya sangat tidak nyaman kadang takut tidak sengaja menyentuh aplikasi aktifkan paylater secara layar handphone sangat sensitif sentuhan dan ini bukan karangan atau akal akalan saya saya lebih senang dapat notif voucher promosi penunjang aplikasi gojek ke aplikasi yang lain contoh ke tokopedia alfamart dll,negative,neutral,Mixed sentiment detected
13547,tolong sistem aplikasinya di perbaiki pesanan saya di batal dengan oleh beberapa driver karena cukup lambat tidak dapat pengemudi akhirnya saya batalkan pencairan dan close aplikasi tapi kenapa aplikasinya masih melakukan pencairan driver dan baru respon stlh saya dpt pengemudi dari aplikasi maxim di update sistemnya sistem canel pesan jg harus ada saat pencairan driver jika terlalu lambat tidak dapattidak di respon padahal banyak pengemudi ngumpul di titik maka customer berhak mengcanel order,negative,neutral,Mixed sentiment detected
13573,aplikasi bagus ongkos wajar tampilan oke server bagus loading tidak lama cuman dapat pengemudi nya kenapa jauh jauh ya jaraknya kadang kasihan sama deivernya,positive,neutral,Mixed sentiment detected
13577,lucu bener padahal kita titik kan map nya untuk go ride pendek tetapi harga tetep rb karena setiap saya rubah titk nya dia pasti cari rute yang jauh biar harga tetep rb padahal satu tujuan buruk aplikasi ini sekarang lebih baik cari solusi kendaraan lain,negative,neutral,Mixed sentiment detected
13599,padahal saya pengguna lambat gojek tapi makin kesini malah makin eror suka keluar sendiri dari aplikasinya tolong dong min perbaiki ini kenapa bisa bgini,negative,neutral,Mixed sentiment detected
13631,sangat bagus tapi klo bisa yang mobil jangan terlalu mahal dong,positive,neutral,Mixed sentiment detected
13639,bagus sudah bagus tapi tolong lengkapi aplikasi dengan menu update alamat masukan dari prlanggan karena menu ubah dari map sering muncul alamatnya jadi unnamed yang sering membuat bingung petugasnya terimakasih,positive,neutral,Mixed sentiment detected
13645,tolong dong gojek aplikasinya diperbaiki masalah sinyal masa tadi saya tidak jadi memesan gojek karena lambat dapatnya tapi tiba tiba saya mesan untuk mas saya yang nerima semoga banyak rejekinya,negative,neutral,Mixed sentiment detected
13658,terus terang saya sudah nyaman banget dengan apk gojek banyak sekali membantu saya apalagi dengan layanan gopaylaternya namun ada yang sangat saya bikin kecewa dengan pemesanan baik itu dlm hal pemesanan gofood maupun pemesanan perjalan untuk mendapatkan pengemudi sangat susah sekali untuk di dapatkan sampai berulang kali dlm pemesanan dan itu yang anak saya alami juga ketika berpergian tolong dengan sangat sistem di apknya diperbaiki dan ditingktkan menjadi lebih baik lagi terimakasih,positive,neutral,Mixed sentiment detected
13674,di tingkat kan lagi apk nya semua sudah bagus cuma loading sedikit lama dan selalu bermasalah di sistem transfer gopay tingkatkan lagi,positive,neutral,Mixed sentiment detected
13685,sangat membantu tapi tolong diperhatikan lagi ketika ujan sudah reda suka susah banget dapet nya,positive,neutral,Mixed sentiment detected
13686,sekarang aplikasinya jadi agak ribet pas masuk padahal koneksi bagus tapi susah banget buat log in nomornya tidak masuk terus,negative,neutral,Mixed sentiment detected
13694,kenapa sudah bagus up tidak masuk ya sama kata temen di refresh tapi kenapa tidak bisa ya malah layar utama nya tidak kayak kemarin malah ada tulisan pilih kategori lain yuk mohon bantuan nya ya sudah lambat pakai apk gojek kenapa sekarang kayak gini,negative,neutral,Mixed sentiment detected
13699,saya beberapa kali dapat orderan alamatnya benar tapi titik mapsnya yang salah saya harus ke titik lokasinya dulu baru bisa nylesaikan orderan tolong perbaiki ini sangat mngulur waktu dan mruntuhkan semangat apalagi jakarta macet,positive,neutral,Mixed sentiment detected
13726,mulai ada perbaikan tapi masih lambat buka fiturnya,negative,neutral,Mixed sentiment detected
13731,aplikasi buruk banget pelayanannya jadi gini saya kemarin bagus up diamond ml sampai sekarang belum masuk keterangannya dalam proses sudah beberapa kali lapor tapi sampai sekarang belum ada tanggapan asu,negative,neutral,Mixed sentiment detected
13760,aplikasinya sangat membantu tp kekurangannya sering error,neutral,positive,"Clear positive pattern, not mixed"
13766,kdang suka lambat banget klo psen mkanan mau d btalin gabisa mau chat resto nya lebih gabisa,neutral,negative,"Clear negative pattern, not mixed"
13777,aplikasinya bagus bisa ngecek maupun pesan dari jarak jauh juga tapi gara di tagih bagian paylater nyocot banget nelponnya tidak bisa ber simpati dan tidak tau waktu kalau nelpon lama jadi males pake gojek,positive,neutral,Mixed sentiment detected
13827,perbaiki dong kualitas aplikasi nya tiap pesen makan di gofood nya sudah ada biaya utk aplikasi tapi tiap mau masuk aplikasi lambat banget mau transaksi pembayaran pke gopay juga lambat banget loadingnya sudah di perbarui trus pdhl,negative,neutral,Mixed sentiment detected
13923,mohon dibantu karena update gagal terus sementara jaringan internet lancar sampai saya coba reinstall malah tidak bisa di install,neutral,negative,"Clear negative pattern, not mixed"
13948,semoga sering sering ada promosi yaa gojek lumayan buat anak kos nih alhamdulillah sukses terus,neutral,positive,"Clear positive pattern, not mixed"
13964,tidak sebagus dulu nunggu pengemudi sampai setengah jam lebih banyak pengemudi terdekat tapi malah dapet yang jauh jadinya lama,negative,neutral,Mixed sentiment detected
13965,gojek sebenerny bagus banyak promosi jg tapi tidak enak kalo hujan trs mau pergi pesen gojek itu nyari pengemudi ny lamaa banget bahkan sampe harus coba lagi coba lagi sama kyk pas hujan pesen gofood nyarii driverny yang susah jadi lambat banget makanan ny nyampe apa kebanyakan ojol kp hujan pada off,negative,neutral,Mixed sentiment detected
14054,puas pake gojek dan sudah lambat pakai tapi kenapa paylater selalu di tolak padahal data saya bersih sedikit kecewa,negative,neutral,Mixed sentiment detected
14055,mohon diperbaiki lagi tingkat pelayanannya makin hari pelayanannya makin buruk mohon untuk dibuat fasilitas chat dan telepon antara custom dan driver bagi pengemudi yang melakukan kesalahan mohon untuk segera di lakukan penindakan yang tegas karena akibat kesalahan beberapa oknum tapi publik menilai semua yang melakukan kesalahan jadi saya menyampaikan ini demi kebaikan semua terimakasih,negative,neutral,Mixed sentiment detected
14068,selama aku pakai aplikasi ini tidak ada kendala sama sekali aplikasi sudah bagus dan sangat membantu namun untuk kode promosi mungkin lebih bisa diseringkan lagi wkwk tapi overall sudah bagus kokk wajib download kalau belum download,positive,neutral,Mixed sentiment detected
14075,gojek sekarang lemot banget ya loading nya lambat banget bahkan sampai gagal berkali kali padahal wifi dirumah stabil stabil aja coba buka aplikasi lain juga lancar jaya tolong dong lebih di tingkatkan lagi saya suka kesal sendiri dan sering banget tidak nafsu lagi kalo mau pesen gofood karena kelamaan load,neutral,negative,"Clear negative pattern, not mixed"
14088,pelayanan sangat bagus hanya saja dibagian uprage plus kurang jelas,negative,positive,Clear positive pattern detected
14104,pembayaran tagihan pascabayar gagal terus padahal biasa lancar,neutral,negative,"Clear negative pattern, not mixed"
14118,saya coba pesan tapi alamat nya salah padahal saya sudah benar naroh alamatnya tapi saya lihat map jalan nya ntah kemana mohon diperbaiki,negative,neutral,Mixed sentiment detected
14159,bagus tapi alamatnya suka berubah ubah sendiri meski dah dicek semacam kali tolong dibenerin ya edit sekarang kenapa error terus gaisa hubungin drivernya loading trs dsb,positive,neutral,Mixed sentiment detected
14190,aplikasi ini sangat bagus banyak diskon untuk goride gocar dan yang lainnya tapi kadang pesan gocar sering di batal sama pengemudi dan susah dapat drivernya,positive,neutral,Mixed sentiment detected
14209,sudah nunggu lama tau pesanan d batalkan sepihak tanpa konfirmasi dan alasan yang jelas gada cs yang bs d hubungi gada penjelasan pesan k drivera baik bgt tapi pelayanan toko molor hampir jam dr estimasi makin buang waktu ajh,negative,neutral,Mixed sentiment detected
14213,kecewa ketika gofood sudah lambat nunggu pembayaran pakai gopay tapi begitu buka aplikasi buat cek status orderan orderan saya sudah tidak ada notifnya pesanan sudah di antar sementara saya tidak terima makanannya gopay saya kepotong akhirnya beli somay abang depan stasiun demi buka puasa begitu info ke gojek tapi tidak ada respon gopay juga sampe sekarang tidak balik padahal saya pengguna setia gojek hr bisa sampai x pesan gofood by gojek dr kemarin komplen tidak ada respon sama sekali,negative,neutral,Mixed sentiment detected
14262,aplikasi ini sih bagus tapi lambat ngerespon nya saya lagi donlowd pekerja semoga bisa ya amin nanti saya beri bintang lima jika saya bisa saya juga memakai aplikasi ovo tapi juga lambat,negative,neutral,Mixed sentiment detected
14280,kemana mana selalu pake gojek tapi terakhir dapat pengemudi yang bikin hilang mood pertama aku emang salah karena katanya aku yang bawa anak harusnya pilih gojek l dan aku tidak ngerti ditengah jalan pengemudi terus ngomong katanya rate aku sudah jelek padahal pesanan sudah d atas tidak ngerti padahal tiap bayar selalu dilebihin dan kayaknya baik baik aja hal sepele tapi tidak suka sama cara drivernya mau kasih rate ke drivernya juga kasian cukup sampai kemarin jadi pengguna gojek,negative,neutral,Mixed sentiment detected
14410,tolong diperbaiki lagi sistemnya saya pesan goride tapi pesan tidak masuk ke driver ini membuat saya menunggu cukup lama sampai saya akhirnya menghubungi driver itu pun saya tidak bisa membatalkan pesan karena sistem yang sibuk,negative,neutral,Mixed sentiment detected
14421,semua layananya bagus kecuali paylater serasa kena trap saya kira langsung kepotong saldo ternyata tidak bukanya satu aplikasi dan memang sarana dari aplikasinya kenapa tidak langsung potong saja padahal saldo gopay ada akhirnya ada telfon klo ada pembayaran ribu lebih kaget saya dan ujung ujungnya dikenai bunga yang bulan ribu padahal cuma makai rb bukankah itu melebihi bunga dari bank konvensional lainya kyk jebakan saja bener bener kecewa berat saya,negative,neutral,Mixed sentiment detected
14449,tolong di bantu tim gojek saya tidak bisa login ke akun saya karena nomer sudah tidak aktif udah ke pusat bantuan sampe sekarag blum ada jawaba mengenai kendala ku,positive,negative,Clear negative pattern detected
14455,kami tidak puas untuk melakukan aplikasi gojek dikarenakan masa sih hanya karena dari tongas wetan ke terminal bayuangga probolinggo harganya rp itu sangat mahal ya untuk harganya biasanya sih kalau saya itu pakai ojek saya sendiri itu harganya cuman rp sekian terima kasih mendingan aplikasinya kalau harganya tidak turun saya uninstall saja deh,negative,neutral,Mixed sentiment detected
14480,apaansih saya setiap pesen gojek pasti nunggu dapet drivenya lambat banget bahkan sampe tidak dapet kenapa ya bisa begitu apa karena aku pake voucher biar jadi murah harganya gitu karena pengemudi nya gamau rugi karena aku pake voucher gitu hadeh tau alasan saya gamake gojek lagi ya karena ini lambat banget dapet pengemudi,positive,negative,Clear negative pattern detected
14490,senang sih tapi semakin ke sini semakin terasa mahal karena diskon nya tidak bisa di pakai pakai syarat tertentu,positive,neutral,Mixed sentiment detected
14497,semua sudah oke tapi kenapa nyari drivernya sekarang susah banget ya jadi bingung kalo mau kemana tidak dapet driver tolong di perbaiki trmksh,negative,neutral,Mixed sentiment detected
14499,untuk apk gojek ini bagus karena dari bagus nya ya itu untuk memesan alat transportasi karena selama ini orang tua ku sibuk kerja jadi tidak bisa antar sekolah tidak bisa kesini tidak bisa kesitu dan jalan pun capek pasti nya makanya dengan apk gojek ini memudah kan segala transportasi meskipun agak sering di cangsel tapi aku suka sama apk nya berguna banget bagi orang yang suka bepergian thank you,positive,neutral,Mixed sentiment detected
14515,selama ini puas sama gojek hanya hari ini kecewa parah saya pesan gosend some day tiap hari tapi hari ini mu pesan tidak bis akarna pesanna kemarin dilaporan nya belum selesai aneh kan padahal kan pesanan sudah slsai dr kemarin ko masih antar barang aja saga telpon ke costumer service yang jawab mesin cmn disuruh ke bntuan di aplikasi tapi gda buat kluhn langsung sama suruh email percma mending klo lgsg di respon kita urgent kecewanya saya kenapa tidak da laynn buat costumer berbicara lgsg ngabisin pulsa saja,negative,neutral,Mixed sentiment detected
14539,kenapa versi terbaru nyaa sering eror minta tlg di perbaiki terimakasih,negative,positive,Thank you message without complaint
14569,selama ini pelayanan bagus walau masih ada beberapa kekurangan d sana sini tapi bagi saya yang penting cepat sampai dan selamat sampai di tempat tujuan itu sudah cukup,positive,neutral,Mixed sentiment detected
14584,untuk temen cs semuanya saya nulis ulasan ini bukan untuk di baca gopay tapi untuk temen cs dan drever seteleh saya baca dan rasakan apapun keluhan yang kita utaran semuanya saya rasa tidak ada perbaikan di setiap bidang jasa adalah melayani dengan baik tapi semakin kesini semakin buruk berarti sistemnya bunuh diri saya rasa percuma juga kita beri ulasan yang tidak pernah di tanggapi dari pihak yang bersangkutan mudah bermanfaat dan kita lebih bijak mencari sarana yang lebih baik salam,positive,neutral,Mixed sentiment detected
14586,aplikqsi gojek sangat membantu saya baik dlm mengantar pergi maupun mau pesen makan apa saya tapi sayangnyaa belakangan ini harga ongkir mahal bngt walaupun trkdng dpt promosi msh tidak ketutup jadi membuat berfikir ulang saat mau pesan apa tidak nyaa karena kegedean ongkir drpd pesanan saya hahahahaha jika sudah begitu saya batal goreng tempe or telor saja dech jadi nyaa,positive,neutral,Mixed sentiment detected
14593,sangat kecewa gara bagus up gopay tidak masuk jadinya tengah malam saya jalan kaki lumayan jauh padahal niatnya bagus up gopay buat pesen goride malah tidak masuk saldonya padahal keterangan di wallet sudah sukses chat cs di aplikasi malah yang jawab cuma artikel yang tidak membantu tidak ada live chatnya mengecewakan,negative,neutral,Mixed sentiment detected
14615,saya bagus up plsa selalu gagal di komplain lambat sekali tanggapanx berbagai cara sudah saya lakukan mulai dari log out sampai dengan uninstal tetap saja klo mau bagus up plsa tidak berhasil makin ngawur saja ini aplikasi bukanx membantu tapi menyusahkan,negative,neutral,Mixed sentiment detected
14716,gojek sangat membantu saya cuman kadang titik gps suka pindah bergeser dan mencari pengemudi agak lambat menunggu mohon di perhatikan tuk kenyamanan bersama makasih,positive,neutral,Mixed sentiment detected
14757,halo admin gojek saya suka banget sama aplikasi gojek tapi tidak suka sama gosend banyak customer saya yang pesan gosend tapi drivernya pada tidak mau ngambil dan sering dibatalkan oleh drivernya saya juga dari jam yang lalu sudah pesan gosend tapi tidak ada yang mau ambil padahal saya cuman mau antar makanan sering dibatalkan oleh driver saya dapat promosi makanya bayar tunai murah masa cuman karena alamat dekat ongkir murah selalu di tolak,positive,neutral,Mixed sentiment detected
14763,sebenernya ini aplkasi bagus cuman admin gojek balesnya lambat banget kalau ada kendala tolong dong aplikasi nya selalu banyak bug gagal transaksi lah padahal gopay cukup menurutku setiap aplikasi pasti ada error mohon diperbaiki lagi,negative,neutral,Mixed sentiment detected
14850,aplikasi tidak guna mentang cuma deket pesen go car drivernya tidak mau ngabarin klo tidak bisa ditelpon tidak diangkat walaupun deket gwa suka ngasih tip banyak kadang gwa bayarnya x lebih mahal cuz gwa jga tau klo harga segitu mobil pasti tidak untung minimal profesional lah tau kenapa klo anda cari cuan tapi ya tolong lah kabari konsumen nanti nego harga kan bisa sekian dari saya trimakasih karena adminnya baik saya naikin dah bintang nya tapi tolong berikan sanksi untuk driver it,positive,neutral,Mixed sentiment detected
14851,sudah bagus tapi kenapa alamat lokasi saya suka berpindah cobh tolong perbaiki aplikasi nya lagi ya,positive,neutral,Mixed sentiment detected
14914,aplikasi ini bagus banget tapi kalo pesan mobil atau motor ada yang lambat ada yang gak tapi sekali lagi makasih ya untuk gojek ini,positive,neutral,Mixed sentiment detected
14995,tadinya saya masih mikir mw ksih bintang scara slama ini enak pake gojek baik itu gocar bike atau gofood tapi hari ini saya bnr sudah sangat kecewa atas playanan gojek trutama di pickup point stasiun pasar turi sby yang terkesan menganaktirikan tujuan yang dekat dengan dalih dicarikan alternatif yakni dialihkan jadi gocar reguler biar lebih cepat tapi harga naik sedikit tapi yang ada tarifnya jadi x lipat dr awal pesan dan pesanan awal trnyata dicancel dan hrus ulang dr awal antri lg n tidak cuma x ini saja,positive,neutral,Mixed sentiment detected
14997,kecewa karena gopay nya tidak bekerja dengan baik setelah top up transaksi berhasil tapi saldonya tidak nambah perbaiki lagi lah dari pada pelanggan kecewa,negative,neutral,Mixed sentiment detected
15005,hey gojek sebenernya q suka lho pake gojek cuma hr ini kecewa berat posisi hujan butuh gojek untk jmpt anak sekolah tidak ada yang nyantol pesen goride tidak ada yang nyantol ya wjrlah hujan gpp terus pesenlah gocar ada tapi dicancel tngh jln pakai prioritas tidak ada yang nyantol masyaallah susahnya kalo hujan nanti kalo sudah reda rasa kecewanya pasti saya balik lagi mksh sih untuk gojek,negative,neutral,Mixed sentiment detected
15081,seperti keluhan yang lain saat pesan gocar harga yang tercantum telah dipotong voucher diskon jadi rp tapi saat dipencet pesan driver harga berubah kembali menjadi harga normal rp tolong diperbaiki lagi kebijakannya agar tidak banyak customer yang kecewa terimakasih,positive,neutral,Mixed sentiment detected
15141,sangat bagus apliksinya tapi jangan pelanggan baru saja yang dikasih vouchernya yang lambat juga kasih dong hehe,positive,neutral,Mixed sentiment detected
15206,bagus pelayanannya efisien dan cepat datangnya pesanan tapi kadang susah di buka aplikasi gojek,positive,neutral,Mixed sentiment detected
15226,saya pengguna setia gojek saya kasih bintang karena barusan saya pesan gosend x dan pembayarannya pakai gopay selama x ini tidak ada pengemudi yang ambil terpaksa saya batalkan namun anehnya saldo gopay saya terpotong juga saya kontak ke bantuan di aplikasi tetapi slowrespon mohon diperbaiki dan pengguna yang lain mohon hati terhadap saldo gopay kalian tetap waspada,negative,neutral,Mixed sentiment detected
15227,aplikasi susah di update kelamaan loading nya hp sudah di restart sudah update sofware ttp saja ngk bisa di download cb di perbaiki lagi sytem nya dr pusat jgn suruh update tapi pas di install ngk bisa sama sekali,negative,neutral,Mixed sentiment detected
15251,tolong diperbaiki kenapa saya harus mengalami kali eror aplikasi sudah versi terbaru internet tidak ada masalah tapi sudah kali saya mendapatkan eror yang berbeda pertama saya klik pesan sekali setelah itu loading tanpa henti dan app tidak merespon tiba tiba dapat notif pemesanan kali kedua navigasimaps tidak berjalan seperti biasa saya memilih alamat yang saya kunjungi tiap hari tapi hari ini tidak terdeteksi semua alamat mana pun yang biasa saya kunjungi seperti itu,negative,neutral,Mixed sentiment detected
15285,kenapa sekarang kalau boking suka lambat banget sampai cape nunggu dapet,neutral,negative,"Clear negative pattern, not mixed"
15287,kenapa harga gocar sekarang naik sampai x lipat jarak yang terdekat okelah saya sebagai pelnggang setia gojek maklum atas kenaikan di karenakan sekarang wktu macet tapi jangan naik begitu juga grab saya lihat harganya jarak terdekat cuman ribu gocar ribu saya kecewa dengan gojek,negative,neutral,Mixed sentiment detected
15328,apk nya kenapa sekarang harus sering di update baru saja minggu kmrin di update kalo tidak di update tidak bisa pesan gojek,neutral,negative,"Clear negative pattern, not mixed"
15370,jujur bagus tapi sayang argonya kalah murah sama apk sebelah apalagi kalo di bandingin sama si kuning jauh banget di kalimantan jangkauan layanan terbatas ongkir makanan agak mahal dikit sii tapi tidak masalah buat option ke saja kalo apk sebelah lagi susah di cari,positive,neutral,Mixed sentiment detected
15375,mantap bagus trx cepat tapi kalo bisa lebih di ringankan lagi apk nya hp kentangku loadingnya lambat,positive,neutral,Mixed sentiment detected
15507,mantap cuma kadang kalo cari alamat detail suka susah,positive,neutral,Mixed sentiment detected
15536,nyari drivernya lama sudah di jadwal jam tapi jam masih belum ada tolong diperbaiki lagi,negative,neutral,Mixed sentiment detected
15662,baru pertama kali melapor tapi malah dikecewakan dengan pihak gojek dan langsung di tutup laporannya kalau tidak bisa membantu customer dengan baik dan amanah kenapa harus ada menu bantuan di aplikasi agar laku aplikasinya agar banyak menyukai aplikasinya mohon maaf kalian yang bikin menu bantuan kalau kalian tidak membantu masalah customer yang sudah di adukan kepada pihak gojek dan jika sudah mengadu dan tidak di tanggapi mending tidak usah ada pengaduan kak daripada harus munafik,positive,neutral,Mixed sentiment detected
15739,sangat membantu sekali untuk perjalanan kita lebih hemat dan efisien drivernya juga ramah yang membuat kita nyaman selama perjalanan tapi sekedar saran aja lebih bagus lagi ada fitur kamera di room chatnya pasti lebih memudahkan pelanggan dan drivernya juga terima kasih,positive,neutral,Mixed sentiment detected
15765,buruk sih tidak jelas banget tidak tau ntah d blokir atau apa pas mau pesan maknn tiba tidak bisa server kami padat meryap coba lagi nanti kami sedang memperbaiki di perbaiki apaan sudah berhari gitu gitu trus padhl tidak ada buat kslahn atau melanggar prturan mngnai app sudah senang banget pakai app gojek tapi malah jadi kcewa kaya gni tolong d perbaiki lagi,negative,neutral,Mixed sentiment detected
15773,tidak jelas harga nya di sistem suka nambah mahal pas ngecek awal pas sudah deket dr tujuan nya tapi,negative,neutral,Mixed sentiment detected
15834,makin aneh aplikasinya susah di pake tampilannya bagus tapi ditekan berkali tidak respon ku kira hp aku rusak buruk banget ni aplikasi wkwk buat promo tapi setengah hati kalau takut bakar uang jgn buat promo,negative,neutral,Mixed sentiment detected
15841,aplikasi yang bagus bisa bagus up game bisa pesan makanan atau minuman dan banyak hal lain lagi bagi yang belum coba aplikasi nya coba dulu nanti pasti terbiasa kok walaupun saya awal sempet ragu buat pake gofood karena taku salah alamat tapi ternyata pas saya coba pertama kali ternyata gojek aplikasi yang mudah untuk dipakai memesan atau melakukan transaksi apapun,positive,neutral,Mixed sentiment detected
15930,promonya oke sih tapi mbok ya gabisa batalin pesanan aku salah masukin alamat ikilohhuntung bapak drivernya aku chat buat dikirim ke alamat yang bener mauu,positive,neutral,Mixed sentiment detected
15935,sangat kecewa dengan pelayanan gojek pagi ini saya to up pulsa pertama rb dan kedua rb tapi semua nya tidak masuk ke no tlp saya padahal saldo gopay saya sudah terpotong sudah cek berkali kali no saya benar sudah mengajukan complain ke cs gojek tapi no respon nominal uangnya sih ngk banyak tapi kepercayaan yang selama bertahun tahun menggunakan aplikasi gojek sekarang harus berakhir niat merekomendasi kan ke teman teman pun jadi enggan saran buat pihak gojek tolong segera perbaiki,negative,neutral,Mixed sentiment detected
15964,tidak bisa login,neutral,negative,"Clear negative pattern, not mixed"
16007,sebenarnya bagus aplikasinya cuman kecewa pembayaran qris kali transaksi yang harusnya dapat kali xp cuman dapat ketika komplain ke cs malah jawabannya tidak jelas kecewa sekali sih sebagai consumen diginiin,negative,neutral,Mixed sentiment detected
16008,mantap tapi ada beberapa pengemudi para anak muda dan tua yang beberapa kali tidak mau ngambil pesanan saya jika tidak mau nyari tambahan di gojek jangan hidupin aplikasinya jadi saya tidak lambat dan berharap menunggu dengan membawa istri dan anak,positive,neutral,Mixed sentiment detected
16025,bisa tarik duit bisa kirim duit ke rekening lain lebih murah cuma aplikasi kadang lambat banget dibuka bagus okla,positive,neutral,Mixed sentiment detected
16122,mantapp sihh tapi bisa kali harga gojeknya jangan mahal bnget,positive,neutral,Mixed sentiment detected
16138,sangat membantu tapi terkadang suka susah cari pengemudi gocar kalau lokasinya rada masuk,positive,neutral,Mixed sentiment detected
16141,saya merasa kecewa dengan gopaydompet elektronic yang sudah saya pakai bertahun tahun ketika mengalami kendala penanganan dari gopay tidak jelas dan tidak menyelesaikan masalah bahkan saldo saya hilang saya topup emoneyetoll mandiri namun saldo etol tidak bertambah gopay saya terpotong sat minggu masalah tidak terpecahkan saya belu pulsa suka delay dan saldo juga terpotong sedangkan saya beli diwarung kecil saja bisa cepat proses kenapa disini malah ribet bikin pusing,negative,neutral,Mixed sentiment detected
16237,bagus abis saldo sisa mau dibeliin pulsa k tapi ada admin saya lagi cek menu voucher yang tersimpan ngarep sih ada voucher bagus up pulsa dan tidak nyadar ngeliat voucher qris unlimited ada di kolom voucher yang saya simpen saya kira kan itu voucher yang saya punya dan tinggal pake gitu kan yak eh taunya pas saya pencet kenapa jadi kebeli mana harganya lagi yak bagus buruk sistemnya bisa clickbait gitu saran saja ni ye menu beli voucher dipisah saja sama menu voucher yang dipunya,positive,neutral,Mixed sentiment detected
16340,aplikasi bagus dan drivernya pun bnyak yang baik dan sopan tetapi saya sudah kali dapat pengemudi yang jaraknya jauh dan harus menunggu sekitar menit di mohon supaya mementingkan penumpang klau penumpang lambat menunggu yang rugi nanti di gojeknya terimakasih,positive,neutral,Mixed sentiment detected
16344,haloo saya pengguna lambat gojekk dari saya awal masuk smp ortu tidak bisa anter sekolah tapi karena di jaman seperti ini semua sudah canggih dan saya berterima kasih kepada gojek fitur bya juga bagus cuman bagi pengguna baru agak ribet sih,positive,neutral,Mixed sentiment detected
16352,oke deh aku kasih bintang karena adanya gojek sangat membantu saya tapi saran saya tolong untuk gojek semua kalau boncengin penumpang boleh ngebut tapi jangan ngawur karena saya belum lambat ini naek gojek drivernya ngebut tapi ngawur akhirnya tertabrak mobil sampai kaki saya lebam saya sangat kecewa dapet pengemudi yang seperti itu,positive,neutral,Mixed sentiment detected
16482,terlalu mahal ambil untung terlalu besar dari resto ambil untung dari castamer ambil untung dari pengemudi ambil untung lebih besar jadi lebih baik gunakan jasa lain cuma bayar ongkir saja,negative,neutral,Mixed sentiment detected
16634,tolong hapus resto resto yang sudah tutup tapi masih ada di aplikasi kadang pengemudi pernah dapat pesanan gofood yang alamat restonya tidak sesuai dengan faktanya dan sering dijumpai oleh pengemudi yang mendapatkan pesanan gofood yang restonya sudah tidak beroperasi lagi tapi di aplikasi masih ada untuk pihak gi tolong perbaiki lagi sistem pelayanannya perbaiki lagi sistem aplikasinya untuk map jg masih sering tidak pas alias loncat,negative,neutral,Mixed sentiment detected
16654,saya uninstall karena aplikasinya tidak jelas pengemudi nya suka tiba ganti sampai beberapa kali dan tidak ada kejelasan saya nunggu lambat lalu tidak bisa di cancel saya telfon pengemudi nya ternyata sudah jalan katanya tapi di aplikasi tidak ada update,negative,neutral,Mixed sentiment detected
16672,bagus sja karena ada aplikasi ini klo gada kendaraan untuk beli makanan jadi ada gofood lbh bagus yg bilang kolasi tidak pas lah apalah mungkin costumernya yang bodoh tidak tau menggunakan fitur pdhal lengkap disitu untuk kasi alamat promosi diskon kalo bodoh dan tidak ada otaknya mending jng donlot cuma orang pintar yang boleh donlot ni app,positive,neutral,Mixed sentiment detected
16681,akun saya tidak bisa login setelah saya reset hp karena waktu login susah sinyal waktu mau pergi ke rumahsakit sekarang tidak bisa login sama sekali padahal sinyal oke selalu muncul akun anda keluar gimna dong solusinya padahal saya pakai aplikasi ini dari dulu,neutral,negative,"Clear negative pattern, not mixed"
16685,tidak bisa login dikarenakan no hp sudah terblokir sudah kirim email penggantian no akun tidak ada respon mau buat dengang no baru email harus ganti tolong sediain login pake gmail biar mudah diakses saya menghubungi lewat email yang ditanyakkan selalu no trnsaksi terkhir dan jumlah transaksi terakhir dan itu sudah tidak ingat lagi sampai sekarang masih tidak bisa login,positive,negative,Clear negative pattern detected
16702,aplikasi sudah bagus tapi ribet tiab mau ganti hp buka di baru karena ada pin segala dan pin selalu lupa dan berakhir trpaksa bikin baru dengan nomor baru lambat males hapus saja lh,negative,neutral,Mixed sentiment detected
16722,sejak ada dua cara pencarian pengemudi cepat dan biasa kami kurang puas karena kalau yang pencarian biasa sangat lambat untuk itu saya sarankan jangan pakai pilihan cukup satu saja sukses selalu,negative,positive,Clear positive pattern detected
16740,saya sudah lambat jadi pengguna apk gojek saya suka dengan app ini karena promonya byk dan real cm yang jadi mslh dri seblum natal bhkn stelah tahun baru susah sekali mencari driver saya mesen goride x dicancel sama drivernya dan hrgany jg naik berkali lipat bahkan setelah tahun baru lewat padahal byk pengemudi gojek saya lihat sliweran di jaln tapi saya susah skali cri driver apakh driverny cri kerjaan offline hany menargetkan bule saja karena kebetulan saya berlokasi di bali kasihan customer lokal,negative,neutral,Mixed sentiment detected
16755,sebenarnya buat keseharian bagus sih nggak bikin telat tapi ya gitu deh tiap hari senin tuh susah banget dapat gojek kalau sudah jam an kadang emosinangis gara tidak dapet gojek tapi tetep bagus sih,positive,neutral,Mixed sentiment detected
16773,sedih tiba tiba tidak bisa di pake aplikasi nya karena terdeteksi pemakaian yang tidak biasa alasannya tidak jelas kurang terperinci padahal selama ini gojek sangat membantu,negative,positive,Clear positive pattern detected
16808,tlng donk pihak gojek perbaiki maps d aplikasi ni sya sudah ksh alamat lengkap tapi maps ny nth kmna buat arah kasian pengemudi ny loh maaf saya ksh bintang dlu,positive,neutral,Mixed sentiment detected
16828,kenapa apknya lemot ya saat ingin pesan goridegocargofood bahkan go tagihan aplikasinya tidak merespon padahal kondisi hp dan jaringan sedang sangat bagus dan saat sudah bisa merespon pun memerlukan waktu yang cukup lambat,negative,positive,Clear positive pattern detected
16831,kenapa akhir ini gojek aplikasi nya tidak jelas yaa sering trouble saya ingin membayar di gopay pinjam tapi tidak bisa terus aplikasi nya di perbarui malah jadi begini tolong dong gojek di tingkatkan lagi pelayanan nya bukan nya menjadi lebih baik malah menjadi buruk begini,negative,neutral,Mixed sentiment detected
16850,keseluruhan sih ok cuman yang saya tidak suka kenapa dikit dikit harus update aplikasi bayangin jika kita lagi keburu atw miris kuota kan tidak bisa pesan jadinya ada tambahan lagi kenapa sih pada saat hujan susah banget dapat driver baik goride atau gocar keduanya sama sama sulit kalaupun dapat yang goride beberapa akan beralasan tidak bawa jas hujan dan saya disuruh cancel terus kadang kan ada sekumpulan pengemudi lagi nongkrong tapi dapatnya malah yang jauh,negative,neutral,Mixed sentiment detected
16857,pesan gocar harga di awal oke tapi setelah jalan berapa menit pengemudi merubah rute dan tarif berubah jadi lewat tol yang tarif tolnya yang mahal sy tidak mau debat turutin saja maunya pengemudi alhasil nambah ongkosnya rb an abis itu uninstall aplikasi tidak mau lagi pake gocar,negative,neutral,Mixed sentiment detected
16916,indikasi kena hack pelaporan lah setelah itu semuanyaa diblokir gopay diblokir paylater diblokir tapi harus pembayaran dan denda tidak bisa dihapus jika telat bayar lah kalian yang blokir dan aplikasi kalian yang kurang aman user lakukan pengaduan user nya yang kena ribetnya dan akhirnya saya bnr jarang menggunakan sudah benar tidak oke lagi maaf ya gojek ini pengalaman buruk saya,negative,neutral,Mixed sentiment detected
16930,aplikasi kasih bagus layanannya cepat dan harga murah tapi mencari gojek atau gocar masih agak susah agak lambat tidak dapet dapet,positive,neutral,Mixed sentiment detected
17007,sejatinya pemakai gofood tapi lama kelamaan penawaran begitu saja kupon diskon yang didapatkan terbatas promosi dan potongan kurang menarik dibandingkan aplikasi lain maaf tapi seharusnya ada pengembangan dan tawaran diskon yang menarik bagi kami ini era persaingan kalau tidak ada perubahan yang baik dan menguntungkan bisa saja customer pindah ke aplikasi lain team gojek pun harus survei dan lakukan riset dengan pesaing masa kalah sama grab kami butuh gojek yang lebih baik thx,positive,neutral,Mixed sentiment detected
17035,overall app nya berguna tapi tolong banget ini lumayan parah saya barusan beli gofood chicken gtu saya padahal tidak merubah rubah alamat saya tetapi ketika saya check out alamat saya berubah ke lokasi yang saya pun tak tau itu dimana jadinya saya bingung saya ada di cakung sedangkan pesanan saya di kebon baru saya mengerti kalau misal saya lupa ganti alamat tapi alamat ini buruk parah saya saja tidak tau dimana kebon baru itu tolong perbaiki saya habis rb sia sia karena masalah ini,negative,neutral,Mixed sentiment detected
17042,suka si pake gojek biasanya tunai dan tidak ada masalah tapi sekrng mau lebih praktis pake gopay dan tiap kali pake gopay yaa aampunn susah banget cari pengemudinya banyak si yang nerima tapi setelah terima pesanan banya yang alesan posisi jauhlah takut hujan tidak bawa jas hujanlah ada juga yang dicaht tidak bls alhasil harus nunggu lambat dan orgnya tidak jalan kesal saya apa si peyababnya tolong dong gojek masalah gopay diperbaiki apa yang bikin pengemudi jadi agak keberatan klo trima pesan pake gojek,negative,neutral,Mixed sentiment detected
17061,saya mau tanya untuk gojek kenapa saya tidak bisa pesan go food padahal sudah aktifin lokasi kenapa ya,neutral,negative,"Clear negative pattern, not mixed"
17073,bagus gojek cukup membantu saya tapi mahal pesaingnya maxim lebih murah,positive,neutral,Mixed sentiment detected
17099,sangat membantu tapi tolong kenapa ya kadang ongkirnya murah kadang mahal tolong penjelasannya untuk selain itu sudah bagus,positive,neutral,Mixed sentiment detected
17123,kenapa saya tidak bisa login di hp xiomi redmi note a,neutral,negative,"Clear negative pattern, not mixed"
17124,pengalaman pribadi pengemudi tidak sabaran sebab salah pencet pesan sama anak saya dan saya masih sibuk nyetir di jalan saya nyoba batal tapi bukannya si pengemudi ngasih arahan biar prosesnya cepet malah nelfon terus dan chat dengan kata yang sangat kasar menurut saya lebih baik ini pengemudi di kasih sp lokasi di lampung tepatnya pringsewu,negative,neutral,Mixed sentiment detected
17194,tidak bisa dibatalin padahal dah nunggu smpai jam mencari driver tlong waktu pencarian pengemudi dibatasin saya mau batalin sendiri juga tidak bisa uang sudah ketahan juga jadi tidak bisa pesan makan ditmpt lain mau sejam nunggu cari pengemudi yang ada keburu tempt mkn nya tutup,neutral,negative,"Clear negative pattern, not mixed"
17198,sangat bagus sekali memudahkan ibu yang ingin menikmati makanan tanpa harus pergi ke tempat penjualnya tapi tolong di tegaskan lagi kepada drivernya terutama untuk pesanan gofood karena suka mengetik lebih mahal dari harga aslinya dan tidak mengembalikan pengembalian uang yang seharusnya konsumen mendapat discon dari pihak gojek atau pembayaran memakai gopay,positive,neutral,Mixed sentiment detected
17222,saya harap pihak gojek lebih memperbaiki lagi dalam cs bantuan barang ketinggalan makanan saya ketinggalan di mamang gojeknya dan saya sudah telpon csnya dan csnya bilang suruh nunggu bakalan di konfirmasi ke mamang gojeknya dan sudah sekitar jam saya nunggu tidak ada satupun kabar ataupun basa basi dari csnya so saya sangat kecewa walaupun simple nya itu cuman makanan tapi tetep saja dikala lagi duit pasan dan abis itu bakalan berharga banget so mohon untuk diperbagus lagi pelayanan nya walaupun ini emang alasan konyol dan mungkin sepele untuk pihak gojek tapi bagi saya ini adalah salah satu pengalaman yang menurut saya kurang menyenangkan,positive,neutral,Mixed sentiment detected
17258,benar benar emosi pakai aplikasi ini mau masukin alamat buat gosend saja susahnya minta ampun ada opsi milih titik lokasi tapi ribet minta alamat lewat link tambah tidak tau caranya mau tf gopay saja wajib upgradeke gopay plus pantesan pada milih ke oren tolong donk di perbaiki bner ribet soalnya,negative,neutral,Mixed sentiment detected
17291,ini kenapa ya aplikasinya jadi susah diakses jaringan bagus buat buka youtube ig dll lancar tapi kenapa cuma buka gojek saja leletnya banget,positive,neutral,Mixed sentiment detected
17293,bagus dan tidak menyesal daa download nya tapi utk program prakerja koq insentifnya lambat cairnya yaa dibanding produk kompotitor lainny mohon dipercepat lagi yaa sistemnya makasi,positive,neutral,Mixed sentiment detected
17325,kecewa banget sama gojek bagus up go pay customer di alfamart sejumlah kebetulan nomor customer dan nomor di go resto saya sama dan di nota bukti bagus up berhasil akan tetapi bagus up go pay malah masuk ke akun go resto setelah itu saya telpon nomor customer service dan call center akan tetapi saya malah diberikan no cs yang lain nya sampai kurang lebih saya dikasih no call center jawaban nya sama suruh menghubungi no yang tadi lagi tolong dong gojek yang proffesional,positive,neutral,Mixed sentiment detected
17358,jadi lemot sering minta d update tapi fitur mlh tidak bagus susah buat pesen goride sering kmbali sndri,negative,neutral,Mixed sentiment detected
17360,saya sekolah jadi telat terus gara gara nyari gojek nya yang bagus tapi jauh padahal ada yang dekat meskipun rate nya buruk ya gapapa asal saya sampe sekolah saja sudah ini ampe nunggu menitan tidak ada yang mau nerima semoga diperbaiki,negative,neutral,Mixed sentiment detected
17380,sekarang malah tidak bisa pesan sekaligus apeuk bnget lah,neutral,negative,"Clear negative pattern, not mixed"
17386,aplikasi ini sangat bagus dan membantu tapi saat saya pindah ke batam di batam pengemudi gojek hampir merata tidak bisa membaca map dan tidak tau rute perjalanan jadi menghambat dan memperlambat waktu sampai tujuan terimakasih,positive,neutral,Mixed sentiment detected
17387,gojek bagus cuman ad yang perlu dibenahi sdkt terutama di pengetikan alamat yang dituju ketika kita ketik alamat pengantaranpengiriman itu harus mengulang lagi dari awal jika umpm keluar dari aplikasi sbntr utk mengecek alamat di chat pelanggan utk melanjutkan ketikan tidak bisa harus mengulang lagi dari awal dan itu bikin ill feel banget adeeuhh plis dahh tlg perbaiki dong jgn bgtu lagi di aplikasi lain mah tidak gitu ketika alamat bisa dilanjutkan jadi tidak bikin kesal ketik ulang,positive,neutral,Mixed sentiment detected
17412,aplikasi yang sangat memuaskan untuk brpergian kmnapun dan dmnpun,neutral,positive,"Clear positive pattern, not mixed"
17427,mohon maaf nih ya untuk upgrade go pay sudah nunggu hari kenapa masih tetep belum bisa ya katanya bakalan ada pesan tapi ditungguin gada ini bagaimana tolong dong perbaikin mau transaksi jadi gabisa sudah mahal mahal bagus up saldo nya tidak kepake,negative,neutral,Mixed sentiment detected
17438,kenapa aplikasi gojek update terbaru berat banget bukanya saya coba uninstall setelah diinstall ulang malah tidak bisa login tolong developer kasih solusi,positive,negative,Clear negative pattern detected
17467,saya sudah thn lebih pake gojeg dan tidak pernah pake aplikasi lain selain gojeg tapi baru kali ini gojeg tariff nya naikin harga tidak kira dulu ke stasiun cisauk dr rumah saya cm rbu tidak lambat terus jadi rb skrang masa jadi rbu udah gitu maps nya di bikin jauh masa yang jarak km jadi km terus yang km jadi km tolong perbaiki lagi system nya karena saya sbgai customers merasa di rugi kan klo kya gini terus saya cek harga tariff akun sebelah biasa saja lebih murah bedanya rbuan kan lumayan bngt,positive,neutral,Mixed sentiment detected
17539,gojek aplikasi yang paling bisa di andalkan selama ini tapi kali ini aku kecewa saya ngaduin keluhn sejak semalam tapi tidak ada perbaikan sy hanha di suruh nunggu terus saya kena masalah soal bagus up yang nominalnya lumayan bagi saga tolong sikap dan kerj samanya ka,negative,neutral,Mixed sentiment detected
17646,gojek emang bagus aplikasinya lengkap dan cepat cuma mahal banget rute perjalanan juga mutar mutar makanya biayanya dua kali lipat,positive,neutral,Mixed sentiment detected
17659,aplikasi gojek sangat bagus dapat memesan makanan lewat aplikasi online jujur sangat puas saat memakai aplikasi ini tapi untuk menemukan alamat masih agak tidak benar banyak abang gojek yang kesasar ataupun tidak pada rumah yang benar padahal aplikasi gojek saya selalu saya perbarui setiap tahunnya dan untuk maps nya sudah versi terbaru di hp saya dan juga jaringan saya lancar itu saja permasalahan semoga aplikasi ini dapat berkembang maksimal di kemudian harinya,positive,neutral,Mixed sentiment detected
17663,aplikasi bagus sangat bermanfaat cuma sayang saat ini saa susah untuk download lagi gara saat di pakai pesan go ride hp saya off drop batre bgtu hp hidup lagi gojek susah di hidupin mnta pembaruan di perbarui juga tidak bisa akhirnya saya uninstal setelahnya mau downliad lagi susah,negative,neutral,Mixed sentiment detected
17705,cukup lambat untuk menginstal tapi bagus juga saya dpt voucher mulu tiap belanja,positive,neutral,Mixed sentiment detected
17711,untuk perjalanan macam ojek atau taxi terbaik cuma untuk pesan antar makanan payah drivernya sudah pada kaya gamau nerima orderan sekalinya dpt pengemudi dicancel pesen makanan sulit kaya nyari kerja keburu laper pesen diaplikasi sebelah langsung dapet saja tuh tidak dicancel pula udahan harga makanan lebih mahal walaupun cm beda atau ribu promonya terlalu berfokus sama gopay sentimen make tunai promonya ngaruh dikit cm diongkir,negative,neutral,Mixed sentiment detected
17722,yeiy cinta banget deh sama aplikasi milik anak negeri ini para pengemudi juga lebih gercep lebih respect penampilan para drivernya juga lebih bersih dan lebih rapi dibanding pengemudi aplikasi sebelah tapi kadang ongkos lebih mahal ongkos kirim go food lebih mahal dan jarang ada diskon secara tampilan display aplikasi bagus rapi gampang digunakan dan kekinian banget,positive,neutral,Mixed sentiment detected
17781,untuk goride gocar dll bagus nyaman dan aman tetapi untuk gofood tolong pelayanannya dipercepat terutama tentang estimasi waktu makanan sampai yang diberikan karena terlalu lambat jadi terkadang membuat selera makan jadi hilang masa di waktu estimasi yang diberikan menit tetapi saya nunggu sudah jam dan waktu estimasi belum berubah masih di menit padahal apk gojek terbaru tolong diperbaiki lagi tentang gofoodnya,positive,neutral,Mixed sentiment detected
17804,tidak bisa login terus tulisannya ada yang salah teruss,positive,negative,Clear negative pattern detected
17811,saya pengguna lama dan dari dulu tidak ada masalah tapi semenjak beberapa bulan ini selalu eror tidak bisa di buka sama sekali aplikasinya tiap kali dibuka pasti force close dengan sendirinya coba paksa sampai x pasti hasilnya malah tetep loading aja maaf mohon di perbaiki,negative,neutral,Mixed sentiment detected
17830,berikan tindakan tegas sama pengemudi yang batal pesanan jangan cuma turun pervorma doang kasi kemudahan buat pengemudi nemuin customer kasi rute jalan kek gitu biar gampang kasian buat yang sudah tua kadang nyasar makanya dicancel sama pengemudi untuk gofood kasi keringanan harga ongkirlah klo mesen jarak antarnya dekat percuma dong klo deket bayarnya mahal untuk argo juga termasuk lumayan mahal biarpun mlm jam an udahsi itu saja masukannya makasih,negative,neutral,Mixed sentiment detected
17842,terimakasih aplikasinya sangat membantu untuk masyarakat seperti saya ini yang sedang di perantauan dan susah mencari makanan yang di inginkan berkat aplikasi ini saya dan teman di sini sudah tidak lagi mikir bingung mencari makanan,negative,positive,Clear positive pattern detected
17901,apik enyak nyaman tenan tapi aplikasinya kurang puas update lokasinya lambat pooll gojeknya suka nyasar ke tempat yang sama walau sudah dipandu titiknya tidak bisa dirubah tidak ada pilihan yang akurat,negative,neutral,Mixed sentiment detected
17921,pas dowloadnya lambat terus mau di pakai buat pesen makanan gg bisa padahal sinyal hp baik baik saja tapi gambar makanannya gg muncul muncul,positive,neutral,Mixed sentiment detected
17946,sebelum nya suka banget pake go jek terutama untuk gofood nya dan go pay nya juga tapi kemarin saya transaksi token listrik pake go pay token sedang diproses trus saya komplain berkali kali malah komplain saya ditutup token tidak ada saldo melayang komplain di abaikan asli kesal dan kecewa sbg pelanggan setia,negative,neutral,Mixed sentiment detected
18002,saya merasa senang sejak adanya gojek karena dapat membantu saya dalam segala hal seperti pesan makanan grabike gosend dll tapi kenapa ya akhir ini agak dipersulit tidak seperti terdahulu selalu lancar contoh aplikasi makanan grabike gosend ada saja kendalanya kadang tidak jelas dari drivernya apakah diterima di batal tidak diberitahukan sy sampai menunggu lama dihubungi pun jarang tersambung bahkan tidak bisa dihubungi sama sekali dengan drivernya harapan saya di thn depan gojek akan lebih baik lg thx,negative,neutral,Mixed sentiment detected
18008,buruk banget payah bisa ny pake paylater tapi double transaksi sama dy buat yang mau pake paylater untuk pembelian token harap kalian hati tau tagihan ny bisa double walaupun token berhasil tapi niat x malah jadi x transaksi di jam dan menit yang sama,negative,neutral,Mixed sentiment detected
18088,ada mode ongkir hemat tapi pengantaran nya di lama lama in okelah karena murah agak dilamain tpi tidak jam juga sih mana toko nya bilang sudah siap cuma menit dari pesanan masuk es nya sampe cair belum juga dianter tuh pesanan,negative,neutral,Mixed sentiment detected
18101,bagaimana mau bayar tagihan paylater kalau setiap mau bayar tulisan dilayar selalu koneksi ada gangguan jadi bukan salah kami jika telat pembayaran padahal nih jaringan yang ku pakai mantaps stayup jadi maaf baru bintang saja dulu ntar kalau sudah sangat bagus nih aplikasi baru fullstar,neutral,positive,"Clear positive pattern, not mixed"
18107,pelayanan prima harus dimaksimalkan aplikasi fitur gopay withdraw lambat estimasi waktu yang diberikan x jam tidak sesuai costumer tidak perlu menghubungi admincs perusahaan yang baik tidak menunggu complaint dari costumer tetapi memperbaiki kinerja kerja pelayanan serta sdm nya jika swaktu waktu bnyak pelanggan yang pindah ketempat yang lain brarti ada yang harus diperbaiki bagaimana ingin bersaing dengan yang lain sementara kualitas kita buruk,negative,neutral,Mixed sentiment detected
18117,gocar sekarang belagu belagu minimal kalo tidak mau ambil pesanan chat gtu kalo mau kita yang batal atau dia yang batal sendiri ini mah sudah di tunggu lama diem saja di petanya chatnya juga gaada balesannya di baca juga tidak tolong di perbaiki ya biar waktu kita tidak kebuang banyak cuma karena nunggu kepastian para gocar soalnya kadang tidak sekali pesen drivernya bgtu kadang pesenan kedua jga bgtu dan seterusnya jadinya saya kepepet jadi taksi menit pun itu waktu berharga time its money,negative,neutral,Mixed sentiment detected
18125,suka sekali sekarang sering dpt pengemudi dekat jadi tidak kelamaan nunggu kemarin ada abang nya yang bilang sekarang sistem pemerataan order tapi apapun itu terserah lah lanjutan itu yang penting tidak dpt pengemudi yang jauh lagi cz sering minta batal alasan kejauhan,positive,neutral,Mixed sentiment detected
18230,aplikasinya sudah bagus tapi lebih bagus jika ada fitur save alamat karena alamat gps tidak tepat,positive,neutral,Mixed sentiment detected
18244,senang sih aplikasi ini bisa membantu tapi saya sangat kecewa jika pesan sameday yang jauh sudah dapat driver dan estimasi waktu ambil barang sudah menit lg ternyata pengemudi cancel ini sudah kesekian kalinya jadi saya harus pesan dr awal lagi dan tunggu lambat lagi,negative,neutral,Mixed sentiment detected
18255,jangan mahal mahal dong ongkirnya tapi senang banget sih karena sering ada promonya sukses buat go jek,positive,neutral,Mixed sentiment detected
18341,aplikasi nya memang bagus tapi susah dimengerti untuk digunakan bagi pemula kasih tutorial maka nya,positive,neutral,Mixed sentiment detected
18393,saya sangat senang pake gojek gocar dll tapi akhir ini sudah mulai mengecewakan pada pemberitahuan saya dapat voucher diskon goride dan go car serta ongkir gratis go food tp yang muncul dan yang bisa dipakai atau yang tampil hanya voucher gratis go food saja yg lainnya ya php saja mulai kecewa,positive,neutral,Mixed sentiment detected
18427,jika nomer hpnya digunakan di hp lain maka gabisa login di hp ini sudah ketik manual link yang masuk tetep gabisa login kami kesusahan untuk masuk aplikasi gojek jika seperti ini saran untuk login verifikasinya bisa semacam otp saja biar mempermudah user jika membicarakan tentang keamanan memang bagus dengan yang skrng tapi jika user gabisa masuk karena kesulitan dengan verifikasinya yang ada malah pada uninstall aplikasinya ini critical bngt si semoga cepet diperbaiki uxnya thanks,positive,neutral,Mixed sentiment detected
18493,tidak bisa login pertama tidak dikirim otp nya terus login lagi tilisannya tunggu sebentar terlalu banyak permintaan,neutral,negative,"Clear negative pattern, not mixed"
18497,selama saya memakai apk gojek selalu aman dan lancar walau kadang apk agak lambat mungkin karena error ataupun jaringan tidak stabil dan ada beberapa pengemudi yang mengambil pesanan tapi di peta tidak berjalan menuju lokasi penjemputan semoga gojek ke depannya lebih baik dan lebih maju tetap semangat dan sukses selalu,positive,neutral,Mixed sentiment detected
18580,aplikasi nya bagus banget aku pake dari an dan emang apk gojek ini terbaikk dan ya bagus deh pokoknya wajib download tapi kalau bisa abang gojek nya yang deket resto nya ya soalnya kasian juga kalau abang gojek nya jauh terus harus nganter ke alamat saya ujungnya di batal juga,positive,neutral,Mixed sentiment detected
18654,makin kesini makin tidak jelas saja nih gojek bukannya semakin bagus pesan gosend bukannya dikasih yang dekat malah dikasih yang jauh udah gitu lambat lagi kali dibatalkan pesan lagi tetap orang yang sama tapi tidak gerak gojek tidak jelas pesan gocar juga dikasih pengemudi yang jauh setelah itu drivernya minta dicancel,negative,neutral,Mixed sentiment detected
18693,server selalu penuh dan akun saya pernah disuspend entah apa alasannya sejak saat itu saya tidak bisa pesan go jek lagi tanpa alasan yang jelas,positive,negative,Clear negative pattern detected
18743,tidak bisa pesan makan tidak dapet pengemudi mulu kelaperan,neutral,negative,"Clear negative pattern, not mixed"
18755,tarik tunai gopay transaksi gagal saldonya bukannya langsung di refund malah harus nunggu dulu tokennya expired jam pula waktu terbuang sia sia tidak lagi lagi nyimpen uang di gopay sudah mah kena biaya k cuma bisa atm bca lagi pilihannya tidak bisa di transfer ke e wallet yang lain selain itu komplain ke cs komplainnya jam berapa dibalasnya jam berapa kelamaan sudah nemu solusinya duluan,negative,neutral,Mixed sentiment detected
18765,sangat membantu saya apabila jalanan macet atau saya terburu buru mau berangkat,neutral,positive,"Clear positive pattern, not mixed"
18788,saya kecewa dengan gojek sudah di update tapi tidak bisa melakukan pemesanan gocar sebelum saya uninstall coba diperbaiki agar customer lebih mudah pesan kendaraan online,negative,neutral,Mixed sentiment detected
18790,nyari pengemudi jadi susah padahal banyak pengemudi yang on nganggur deket resto tapi kenapa tidak dapat pengemudi y jadi lambat nunggu dapat pengemudi belum nunggu diresto yang antri jadi gregetan tolong diperbaiki tolong diperbaiki,negative,neutral,Mixed sentiment detected
18842,saat saya upgrade gopay plus id saya sudah terpakai padahal saya sama sekali belum upgrade gopay plus mau lapor cs saja lambat balasnya di aplikasinya jg tidak ada nomor kontak cs hanya ada email dan balasannya kurang memuaskan saat ini apa harus serba cepat tapi menghubungi cs saja sulit tolong perbaiki lagi agar pelanggan tidak beralih pada apk lain,negative,neutral,Mixed sentiment detected
18850,mana bos ku yang kenapa gojek saya tidak bisa login,positive,negative,Clear negative pattern detected
18853,aplikasi bagus tapi klo ada kendala kekurangan pesanan atau ada kondimen yang tidak lengkap susah mau ngadunya,negative,neutral,Mixed sentiment detected
18939,cs gojek tidak pernah sekalipun ngasih solusi malah bikin pusing promosi di gojek dikit tidak kaya dulu promonya pun ya gitulah banyak syaratnya harga makanan di go food jauh banget sama harga asli di warungnya biasanya cuma beda sekarang bisa beda sampe ada biaya jasa aplikasi yang bukannya makin bagus aplikasinya tapi makin jelek uninstal soon mau ajak keluarga ama temen temen yang lain juga buat pindah saja ke grab sudah keliatan sangat kapitalis makasih,negative,neutral,Mixed sentiment detected
18943,kenapa mau upgrade ke gopay plus verifikasinya selalu gagal padahal ktp dah benar tapi tetap dah nga diterimah tolonglah bantuanya sudah bagus up malah nga bisa digunakan buruk ni,negative,neutral,Mixed sentiment detected
18983,aplikasi yang sangat membantu banyak aplikasi online tapi tidak tahu kenapa cocok aja ada yang bilang mahal ini itu tp kepuasan itu tidak bisa d tutup i dan kepuasan orang bisa beda sebanding dengan rasa syukurnya kepada sang pencipta semua rizeki sudah pada jalannya masing,negative,neutral,Mixed sentiment detected
18997,setelah lambat saya pakai gojek promonya terutama diskon go ride go car jarang sekali sekalinya dapat waktunya cuma sedikit kadang sering gangguan juga masalah sinyal kalau harga sih masih oke sama mungkin helm kalau yang sudah lambat diganti baru biar lebih bersih jarang juga dapet masker dan sarung kepala mungkin lebih banyak koordinasi lagi dengan drivernya semoga pelayanan terus meningkat agar memberikan kepuasan bagi pelanggan,positive,neutral,Mixed sentiment detected
19020,penanganan keluhan pelanggan kurang cepat saldo go pay hilang begitu saja dan terjadi lagi hari ini pembayaran token pln katanya berhasil dan saldo gopay sudah terpotong tapi di riwayat transaksi tidak ada dan nomor tokennya tidak dapat buat keluhan pelanggan tidak muncul di halaman keluhannya haduuh,negative,neutral,Mixed sentiment detected
19052,gojek ini ya makin hari sudah makin mahal bukan malah makin baik fiturnya malah makin kaya apk sampah saya pesen gofood sudah di terima resto pengemudi sampi lokasi ternyata tutup gitu saya mau batal saja susah mibta ampun sampai tlp cs juga tidak ada solusi penyelesaian disuruh nunggu tapi malah tlp di matikan saya customer tiap hari pakai apk ada biaya aplikasi yang harus saya bayar masa kaya gini pelayanannya gilaa kalian sih fitur pengaduan juga tidak guna kasihan drivermu,negative,neutral,Mixed sentiment detected
19099,sekarang apk nya tidak jelas karena awal saya instal apk ini nyaman saja tapi ketika ada msalah kenaikan tarif jadi saya tidak suka lagi karena dulu tarifnya masih murah di banding angkutan umum tapi sekarang justru lebih mahal baru bberapa hari naik tarif goraid sekarang sudah naik lg kalo kaya gitu sampai seturusnya berarti bukan membantu lagi pake apk gojek trims,negative,neutral,Mixed sentiment detected
19136,penyakit lama maps sering error suka bingung mantau diver yang jemput belum lagi yang driver yang pakai cara curang pesan diambil tapi tidak ada responjual mahal,negative,neutral,Mixed sentiment detected
19202,buruk banget sudah ubah pin kali tapi tiap kali masukin pin yang bener malah dianggap salah mulu tiap kali mau disambungkan ke akun prakerja pasti selalu bermasalah di bagian input pin tolonglah untuk kedepannya bisa lebih baik lagi agar orang orang bisa nyaman menggunakannya,positive,neutral,Mixed sentiment detected
19329,mau nanya nih kenapa ya saya tidak bisa login ke gojek saya tampilannya loading trus padahal sudah masukin no telpon padahal hampir tiap hari pakai gojek,neutral,negative,"Clear negative pattern, not mixed"
19336,saya dulu suka dengan aplikasi gojek tapi lama lama kenapa ribet terlalu banyak iklan mau cari menu jadi terganggu dengan banyak gambar tidak simpel kurang komunikatif untuk semua kalangan,negative,neutral,Mixed sentiment detected
19339,ini keamanan nya bener bener aman banget sampe sampe saya salah pin x pendingin ny lambat banget,neutral,negative,"Clear negative pattern, not mixed"
19342,tolong lah gopay ini mau update go plus saja susah banget saya tidak bisa transaksi ini masa sudah berhari hari mau foto ktp saja tidak bisa telepon call centre cuma suruh ulang lagi ya gmna ya kalo aplikasinya saja aneh masa sudah foto ktp sesuai instruksi tidak bisa mulu tolong diperbaiki lagi,negative,neutral,Mixed sentiment detected
19347,permintaan upgrade gopay lambat banget ongkir gofood juga gaada tulisannya langsung bikin bingung selain itu ongkirnya juga mahal minimal k kalau pakai tunai mana promonya juga dikit banget mending pake app sebelah banyak promo ongkos murah dan tidak ribet,positive,negative,Clear negative pattern detected
19407,buruk sudah bagus up sudah ada inboxnya tapi statusnya masih parah pas mau bayar pesanan pakai gopay juga masih tidak bisa statusnya masih perampokan ini buat pengguna lain baca dlu coment saya ini sebelum bagus up,negative,neutral,Mixed sentiment detected
19408,ada sebuah transaksi gopay ilegal dan itu masuk pada akun gopay saya pas saya cek tidak ada transaksi saya coba laporan ke gojek akun saya di reset dan bukti transaksi keluar dan ada sebuah transaksi bagus up game namun di google play store saya tidak ada riwayat transaksi pas saya lapor ke gopay lagi untuk minta uang saya kembali namun tidak bisa padahal sudah ada bukti bahwa saya tidak melakukan transaksi saya sangat kecewa dengan gopay,negative,neutral,Mixed sentiment detected
19415,tidak ngerti lagi saya sama pengemudi go car sudah kali saya pesan selalu berakhir di batalkan padahal lagi urgent sekali saya mau pulang dan bawa bayi pesanan pertama saya sudah dapat tapi si pengemudi tidak ada menghubungi atau merespon saya sekali pun pesanan kedua kenapa ya ko menurut saya manja banget si pengemudi bilang jarak dari bank mandiri sukabumi ke daerah cemerlang dibilang jauh sekali padahal kalo bicara baik bisa kali saya tambahkan dari harga pesanan nya saya sungguh kecewa sama go jek,negative,neutral,Mixed sentiment detected
19431,bagus sih cuma kecewa sedikit klo pesan goride suka di kasih drivernya jauh padahal di sekitar banyak pengemudi yang ngetem jadi waktu tunggu saya jadi lama tidak efisien,positive,neutral,Mixed sentiment detected
19546,aplikasi ini sangat membantu saya apalagi d waktu tertentu apalagi d mlam hari d saat kendaraan susah d cari,neutral,positive,"Clear positive pattern, not mixed"
19562,sekarang masuk ke aplikasinya lambat banget sekalinya sudah masuk suka kluar sendiri huft,neutral,negative,"Clear negative pattern, not mixed"
19575,tolong ya di perbaiki fitur go transit nya saya sudah pesan go transit tapi pas saya mau scan buka fitur itu malah stuck di loading saja bikin saya lambat masuk ke stasiunnya ya,negative,neutral,Mixed sentiment detected
19751,yth gojek saya senang sekali menggunakan ini tapi tolong perbaiki dri ada kendla jaringan atau drivernya klu memang antar nya kejauhan atu tidak bisa tolong batal sendiri jangan minta kita customer yang suruh cancel tolong banget di perbaiki lagi saya kecewa sama pengemudi yang tidak mau rugi karena poin klu emang tidak mau rugi ya jgn tolak rejeki klu mau nolak lebih baik batal sndiri jgn kita cus suruh batal apa lagi di suruh nunggu lambat tapi tidak bisa jemput malah pengemudi minta saya cancel,negative,neutral,Mixed sentiment detected
19753,kali ini saya cukup kecewa sama gojek saya pesan makanan ternyata harga tidak sesuai dengan yang di aplikasi dan ketika makanan datang eh nota nya bukan dari restonya tapi nota toko bangunannota nya dipalsukan gojek nya saya tanyain ngeles mulu mohon tindak lanjutnya dong kayak gitu jelekin reputasi gojek tuh tolong dong yang amanah saya tidak masalah duitnya tapi saya menilai dari amanah dan rasa jujurnya emang tidak takut apa uang yang dihasilkan itu tidak berkah subhanaallah,negative,neutral,Mixed sentiment detected
19764,semenjak semenjak hadirnya goto limit paylater tidak bisa di gunakan saya sangat kecewa tidak perna bayar telat di cicilan tapi limit bertamba mau pake transaksi tidak bisa di gunain malah di go jek limit paylater di blokir tolong beri solusi semulanya nya berjalan lancar baik belanja gofood maupun yang lain nya sekarang limit bertambah malah sia sia malah di alihkan gopay apa limit pay later masih di gunain apa ud tidak bisa lagi tolong solusinya terima kasih,positive,neutral,Mixed sentiment detected
19773,sudah tahun pake gojek saya kasih bintang dulu karena makin kesini berat jg biaya administrasi nya semoga ada perbaikan biaya jasa aplikasi mahal banget padahal kan di apliksi harga makanannya sudah kena pajak mahal jg kalo tidak ada promosi ongkir jg mahal sih tapi masih bisa dimaklumi kalo ongkir padahal saya pakenya setiap hari kali jadi naik berkali kali lipat anggaran makan saya,negative,neutral,Mixed sentiment detected
19913,kadang derivernya hpnya ngk bisa dihubungi secara keseluruhan masih baik cuma penjemputan kadang lambat mungkin macet kali ya tapi ok lah tidak masalah,positive,neutral,Mixed sentiment detected
19938,saya sudah sering pesan di gojek cuman saya kecewa kenapa kalau bayarnya gopay alamat belum ketemu makanan ditaruh sembarangan kalau cash beda lagi ditunggu sampai ketemu makanan saya digantung dipagar untung saja masih utuh dan itu saya bayar gopay tolong diperbaiki lagi,negative,neutral,Mixed sentiment detected
19988,gojek sekarang tidak bisa beli voucher goride menggunakan point padahal sudah update ke yang terbaru tapi tulisan nya masih versi lama padahal sudah update saya sudah cek play store kenapa aneh sekali ya mohon di perbaiki terimakasih,negative,neutral,Mixed sentiment detected
19997,untuk perjalanan dan pelayanan dr draiver memuaskan sekali tpi sayang promosi nya tidak ada padahal setiap hari bekerja unt berangkat dan pulang menggunakan gojek jadi tolong promonya ditingkalkan lagi,neutral,positive,"Clear positive pattern, not mixed"
20006,bagus up paket data prosenya kenapa jadi lama bulan sebelumnya aman saja kalau transaksi tidak bisa diproses sekian menit di kasih opsi untuk batal bukan nunggu x jam agar bisa bagus up di tempat lain perlu buru tapi nunggu prosenya lama,negative,neutral,Mixed sentiment detected
20010,kenapa aplikasi saya tidak bisa pesan go ride padahal sudah update terbaru dan tisak bisa klaim poin ket sibuk padat merayap,neutral,negative,"Clear negative pattern, not mixed"
20037,pengemudi kalo terima pesan tokopedia now pada males ngambil dijemputnya lama dianternya lama padahal jarak sudah deket tapi malah nongkrong dulu habis ngambil dia balik lagi ke tempat semula menit baru jln mungkin males karena dikit dpt duitnya tolonglah kita konsumen sudah dibebanin biaya tambahan buat pelayanan tapi pelayanannya begini klo yang dibeli barang kering msh oke klo sayuran atau daging beku kan jadi nya mencair,negative,neutral,Mixed sentiment detected
20067,gini min pertama saya suka dengan apk ini karena banyak memberikan kenyamanan tapi yang saya tidak suka driver nya min sudah beberapa kali saya pesan gojek drivernya selalu datangnya lama terus pas saya batal karena berhubungan waktu terlalu lama malah saya yang di maki maki salah saya apa min kan seharusnya drivernya kosisten dengan waktu kenapa malah pelanggan yang di maki,negative,neutral,Mixed sentiment detected
20068,gojek emng terbaik tapi saya berharap akan ada fitur save location kerna saya agak kesulitan dalam mengingat alamat saya berharap pihak gojek bisa menambahkan fitur itu sekian terima kasih,positive,neutral,Mixed sentiment detected
20088,makin kesini makin jelek pengemudi suka telat yang harus nya dateng jam tapi belum jalan anak sekolah dibikin telatt muluu belagu bgt ujan dikit sepi banget gada yang ambil kalo kaya gitu mah sekarang pindah ke grab atau maxxim,negative,neutral,Mixed sentiment detected
20111,walau pun saya belum pernah pke apk ini saya ksih bitang saja yh semoga dengan apk ini bisa membantu di setiap jenis saya sudah menerima saldo gopay senilai rb dari aplikasi terlegit membayar nama aplikasi nya itu video budyy bisa menghasilan berapa pun yang kita mau misi cumn nonton video selama menit lumayantapi ada yang beda dengan aplikasi ini semua anggota pengikut apk ini sllu mengalami kesulitan tolong perbaiki secara teliti jangan bikin orng lain kebingungan tolong respon min,positive,neutral,Mixed sentiment detected
20121,mohon di balas ya mimin gojek saya puas sekali menggunakan gopaylatter nah yang mau saya tanya kan bulan in saya menggunakan gopaylater dan sudah di bayarkan namun masih ada sisa limit rb nah trnyata ada limit baru muncul dan disuruh aktfin limit baru tapi beda dari limit yang sekarang seandainya saya tidak menggunakan limit saya yang lambat apakah limit yang baru akan ditambahkan dengan limit lambat atau hanya limit baru yang muncul pda bulan berikut nya mhon jawban nya makasih,negative,neutral,Mixed sentiment detected
20126,suka lambat banget dapat drivernya,neutral,negative,"Clear negative pattern, not mixed"
20146,jangan gunakan layanan ini ongkir ny gila saya tanya k pengemudi cuma dpt sdkit smpe tunjukin masa saya pesan gofood km ongkir ribu trus saya pakai voucher potongan rbu sama saja tidak dpt voucher aplikasi sudah jadi mafia di negeri sama saja bohong tidak dpt promo kita sebagai konsumen selama ini di bohongi sama aplikasi ini lebih baik uninstal aplikasi ini penipuan konsumen,positive,neutral,Mixed sentiment detected
20161,saya penggunaan gojek plus sedangkan istri saya tidak berlangganan tapi kenapa lebih murah istri saya ketika pesan gocar gokek pluss lebih mahal,negative,neutral,Mixed sentiment detected
20162,admin tolong bantuan aplikasi saya tidak bisa pesan apapun dan gopay saya banyak tidak bisa di pakai ada apa dengan akun saya saya lapor lewat email tidak ada yang respon,positive,negative,Clear negative pattern detected
20219,selama ini sangat bagus tetapi sekarang biaya layanan di go food nya mahal banget kalau mnurut saya dari orng yang pas pasan hehe,positive,neutral,Mixed sentiment detected
20234,kecewa bgt akun org dah jadi bos baru di bekuin sama dia send ke bantuan tapi cuman di bales pake template saja zz setidaknya kasih solusi dong masa kita ajuin pertanyaan di bales pake template doang huh padahal apk bagus tapi gini dah la ku kecewa banget,negative,neutral,Mixed sentiment detected
20248,buat apk go jek tolong kalo customer cari pengemudi tuu jangan lambat banget cari pengemudi nyaa,positive,negative,Clear negative pattern detected
20274,suka kecewa kadang harganya berubah tanpa ada notif pemberitahuan saya awalnya pesan gofood total ribu tb tb jadi ribu lumayan jauh bedanya saya jadi kaget mau saya batal tapi pengemudi sudah menuju ke tmpt tujuan,negative,neutral,Mixed sentiment detected
20289,gojek makin kesini makin gajelas apalagi mitra gocarnya pada belagu make promosi dikit langsung di cancel atau tidak yang lebih buruk kita chat tapi tidak direspon padahal lagi ada kepenting yang urgent pake promosi atau tidak make promosi sama aja mitra gocarnya pada belagu dan males mending ke app sebelah harga tidak jauh beda tapi pelayanan nya bagus di perbaiki lagi gojek padahal app anak bangsa tapi malah begitu,negative,neutral,Mixed sentiment detected
20292,perkenalkan nama saya ardelia afriani saya kasih bintang ya karena menurut saya masih ada yang kurang kalau saya mau pakai go ride yang jarak tujuan nya lumayan dekat dengan rumah saya tapi di peta malah dibuat makin jauh dan harus putar arah dulu tolong donk dari pihak gojek diperbaiki lagi ya dan saya juga bingung kenapa alamat rumah saya tidak ada di maps gojek jadi sekali lagi saya mohon perhatiannya agar lebih baik lagi,positive,neutral,Mixed sentiment detected
20319,sebenarnya kalo dulu aplikasi ini sangat bagus tapi semakin lambat semakin sedikit promosi dan tidak bisa menggunakan promo dan ongkir nya sangat mahal karena tidak bisa menggunakan promosi sekaligus,positive,neutral,Mixed sentiment detected
20324,aneh ya apk gopey sekarang ko berasa jadi jelek kemaren pake gopay oke saja eh pas tadi saya buka gopey tidak bisa masuk malah di pinta no tlp untuk kirim otp tapi aneh tidak ada otp yang masuk juga bagaimana sih sekarang gojek ko jafi mengecewakan,negative,neutral,Mixed sentiment detected
20339,saran untuk pihak gojek saya sudah sangat lambat menggunakan gojek namun kenapa ya belakangan ini saat saya akan menggunakan gosend selalu kesulitan untuk mengisi alamat pengiriman dll tidak bergerak ke menu berikutnya sementara sinyal saya bagus mohon untuk lebih mudah lagi dapat diakses oleh kami pengguna terimakasih,positive,neutral,Mixed sentiment detected
20415,tidak bisa login pake kode ya harus banget pake link hp saya yang satu kepenuhan jadi download gojek bisanya di hp buat kerja sedangkan hp kerja tidak ada kartu nya,neutral,negative,"Clear negative pattern, not mixed"
20425,aplikasinya bagus semua ada tersedia tetapi saya sangat kecewa karena kenapa voucher go food saya tidak bisa di pakai saya harap bisa memberikan pelayanan yang lebih maksimal lagi,positive,neutral,Mixed sentiment detected
20440,dulu nya aplikasi bagus tapi sekarang no recoment lemoot cari pengemudi susah pesen food lamaa tidak lagi deh,negative,neutral,Mixed sentiment detected
20483,tolong perbaiki maps alamat yang tersimpan dong sudah diperbarui tapi tetep saja pas mesen pasti meleset beberapa meter jadi bikin bingung driver kita juga repot jelasin dan harus update tiap mau pesen makanan,negative,neutral,Mixed sentiment detected
20489,bagus pelayanannya walau kadang juga ada yang bikin kesal karena lambat banget dtngnya si ojol trs juga sempat bikin was was karena kejadian wkt itu smpt ada musibah juga tapi bagus sihh ditingkat kan lagi yaa,positive,neutral,Mixed sentiment detected
20498,kurang ada di saat kita di titik yang lumayan susah tapi gapapa tetap oke pelayanan nya,positive,neutral,Mixed sentiment detected
20542,dulu bagus banget sekarang sering susah kebuka dan minta update mulu klo lagi urgent suka susah kebuka heran deh,neutral,positive,"Clear positive pattern, not mixed"
20583,terbaik saya menggunakannya untuk berbagai macam kebutuhan namun yang paling berkesan adalah saat saya melakukan salah tranfer untuk internet bodong dan kemudian gojek mengembalikan uang saya lambat memang prosesnya bisa sampe lebih dari bulan namun saya berterima kasih sekali pada gojek awalnya saya kira saya dighosting pihak gojek yang bisa saya lakukan sebagai apresiasi adalah memberikan nilai bagus banget dan tetap menggunakan gojek kedepannya terima kasih gojek,positive,neutral,Mixed sentiment detected
20584,keamanan di aplikasi ini tidak terjamin aman melapor pun percuma gojek makin kesini semakin membahayakan keselamatan pengguna alangkah baiknya ciptakan mode blokir,negative,neutral,Mixed sentiment detected
20624,di daerah cipanas puncak masih sedikit ya drivernya jadi agak susah buat dapat pengemudi kalau pagi pagi dan goridenya jarang ada promo tapi diskon gofoodnya bagus sih worth it semoga tetep eksis ya gojek ternyata sudah pengemudi gojek dsni masih sedikit kko pesan jauh dr jalan raya utama tidak dpt ya trus gomart nya kuoikir bisa milih toko sendiri ternyata sudah ada kerjasama sama alfamidi tertentu ya kalau bisa cust bisa milih sendiri tokonya apa kya gofood,positive,neutral,Mixed sentiment detected
20649,dah langganan bngt sama gojek tapi kenapa akhir ini sangat mengecewakan ongkir sangat mahal dan tidak bisa pakai voucher tolong di perbaiki lagi,negative,neutral,Mixed sentiment detected
20657,dear gojek mohon dibantu untuk di perbaiki terkait mpas nya hari saya titik koordinasi di rmh saya utk penjemputan namun tiba gesernya sangat jauh sekali kalo geser meter saya bisa kluar tapi ampe meter itu sangat jauh dan kasihan sama drivernya yang pada akhirnya tlp utk mencari jalur alamat yang benar,positive,neutral,Mixed sentiment detected
20766,halo min mungkin bisa dibantu untuk cara update dengan nomor telfon baru sudah dimasukan untuk no telfon lamanya dan sudah masukan nomor otkp dari email tapi pas dimasukkan nomor telfon baru selalu ada pemberitahuan ada sedikit masalah dan sedang dicari solusinya mungkin bisa dibantu terimakasih sebelumnya,positive,neutral,Mixed sentiment detected
