original_index,text,current_label,reason,confidence,pos_keywords,neg_keywords,suggested_label,notes
210,sukses ya tapi jangan naik tarifnya nanti tidak suka orang pesan go jek karena berubah ubah tarif terimakasih selamat dan tuhan memberkati,negative,Labeled NEGATIVE but has 3 positive keywords vs 2 negative,high,3,2,,
704,game nya bagus kualitas nya juga hd tidak burik hero nya juga banyak dan suka banyak hero baru yang muncul setiap bulan nya main vs sangat menyenangkan tapi player nya banyak yang toxic satu lagi tolong hapus hero nana ngeselin banget sumpag dah kalo tidak di hapus hero nya mending skill yang babi nya hapus saja ganti sama skill lain itu saja sih kendala nya thanks,negative,Labeled NEGATIVE but has 3 positive keywords vs 1 negative,high,3,1,,
3002,aplikasinya sangat aneh setiap saya ingin menarik saldo selalu kena pending tidak seperti ovo dana dan lain lain mohon perbaiki secepatnya terimakasih untuk sementara bintang dulu kalau sudah di perbaiki saldo saya kembali saya kasih bintang,negative,Labeled NEGATIVE but has 3 positive keywords vs 1 negative,high,3,1,,
6832,aplikasi nya bagus tapi drivernya suka diamin pesanan orang tolong jika bisa auto cancelnya dipercepat sangat menggangu jika memesan go food drivernya kayak patung diamin lambat ujung ujungnya batal sendiri,negative,Labeled NEGATIVE but has 3 positive keywords vs 2 negative,high,3,2,,
8050,senang banget selama pakai gojek selalu dapet pengemudi yang baik dan seru terimakasih sekali buat pengemudi yang selalu nurutin customer spt aku buat lewat jalan yang belum pernah aku tau meskipun lebih jauh dan muter muter,negative,Labeled NEGATIVE but has 3 positive keywords vs 1 negative,high,3,1,,
8241,sudah beberapa kali app ini eror dan tidak mau menaruh lokasi yang sesuai dengan posisi user sangat kurang puas dengan akurasi lokasinya semoga lebih cepat diperbaiki trims,negative,Labeled NEGATIVE but has 3 positive keywords vs 1 negative,high,3,1,,
9486,masih ada kurang a maaf ya ini hanya buat koreksi aja aku suka pake gojek karena simple aplikasi a bayar bisa pake gopay jd tidak sibuk mikirin dibalikinga uang a tapi minus a kalo hujanhabis hujan hhuu itu sudah buruk buruk bikin kesel pernah pesan sudah x pas ujan yang dateng tu ojol sama yang ke dua ojol dateng sekaligus kan kasihan terus chat a tidak bisa dipake kalo lagi ujanabis ujan tulisan a gangguan tolong yaa diperbaiki biar makin banyak penikmat a thanks yang buat,negative,Labeled NEGATIVE but has 3 positive keywords vs 2 negative,high,3,2,,
10322,aplikasi nya bagus kenapa tidak ada masalah sama sekali saya puas dengan hasil nya biarpun kalian tidak suka aplikasi nya pliss dong jangan kasih komentar yang tidak baik lebih baik jika tidak suka dengan aplikasi mendingan kasih komentar yang baik contoh aplikasi nya kurang bagus atau gmna gitu yang penting jangan bilang tidak jelas maaf sekedar pemberitahuan,negative,Labeled NEGATIVE but has 4 positive keywords vs 1 negative,high,4,1,,
11593,sudah di upgrate malah tambah buruk saja ini aplikasi lelet banget padahal jaringan bagus mana pake loadingnya lambat lagi tolong di perbaiki ya terima kasih,negative,Labeled NEGATIVE but has 3 positive keywords vs 2 negative,high,3,2,,
13068,maaf ya aku kasih bintang soalnya salah satu dari pengemudi gojek ada yang tidak sopan bicaranya bahkan sampai mengeluar kan kalimat kasar kesaya barusan cuman karena saya kasih rute lewat jalur belakang agar aman dari kendaraan besar dijam malam malam seperti ini saran aku lebih baik banyak banyakin sabar ucapan juga tolong dijaga jangan ngebut ngebutan karena keselamatan lebih utama dari pada kecepatan dan semoga bisa tetep ramah sama castemer lainnya,negative,Labeled NEGATIVE but has 3 positive keywords vs 2 negative,high,3,2,,
14306,aplikasinya kurang oke karena kita tidak bisa tau sudah sampe mana mobil tidak bergerak masih dijalan itu saja tolong diperbaiki kalau mau sukses malah lebih bagus provider lain kalau seperti ini terus,negative,Labeled NEGATIVE but has 4 positive keywords vs 1 negative,high,4,1,,
15093,bagus tapi tolong kasih fitur dimana customer biisa memblokir pengemudi gojek yang mengecewakan pelayanan yang tidak baik supaya tidak mendapatkan pengemudi yang sama di pesanan selanjutnya terima kasih,negative,Labeled NEGATIVE but has 3 positive keywords vs 2 negative,high,3,2,,
16296,mantap murah meriah tapi akhir ini nopember kurang bagus ditambah tidak ada aplikasi percakapan antara pengemudi pengguna musti sms tapi kadang provider kurang cepat kirim jadi sering salah batal,negative,Labeled NEGATIVE but has 3 positive keywords vs 2 negative,high,3,2,,
16722,sejak ada dua cara pencarian pengemudi cepat dan biasa kami kurang puas karena kalau yang pencarian biasa sangat lambat untuk itu saya sarankan jangan pakai pilihan cukup satu saja sukses selalu,negative,Labeled NEGATIVE but has 3 positive keywords vs 1 negative,high,3,1,,
17584,min tolong diperbaiki untuk masalah metode pembelian dengan gopay e book di google play book sudah beberapa kali ini tidak bisa transaksi dengan go pay min mohon secepatnya diperbaiki terima kasih,negative,Labeled NEGATIVE but has 3 positive keywords vs 1 negative,high,3,1,,
17615,setiap kali bayar menggunakan gopay di alfamart sikap kasir seperti tidak ramah pernah satu kali saya transaksi ditolak dengan alasan takut transaksi gagal kenapa begitu ya sebaliknya kalau saya transaksi di prima freshmarket kasirnya tetap memberikan pelayanan terbaiknya,negative,Labeled NEGATIVE but has 3 positive keywords vs 2 negative,high,3,2,,
18535,mohon maaf tolong untuk yang terkait untuk di benahi lg sy kurang puas atas pelayanan gojek di sebabkan saya pesan gojek tapi kendaraan yang buat operasional tidak pas dengan motor yang saya pesan tolong di perbaiki lagi drifernya jangan suka menyerobot lampu merah karena membahayakan semuanya pengguna jalan ada pengemudi gojek yang ngeyel mau menang sendiri tidak mau ikuti saran pelanggan mohon untuk jemputan di usaahakan tepat waktu terima kasih,negative,Labeled NEGATIVE but has 4 positive keywords vs 1 negative,high,4,1,,
18835,makasihh ya aplikasi nya sangat bermanfaat jika ada suatu kendala error itu mungkin di karena kan jaringan tidak stabil makannya positif thinking saja buat temen yang suka error atau bug ketika aplikasi berjalan aku belum pernah ngalamin error paling bug dikit kalo jaringan kurang bagus,negative,Labeled NEGATIVE but has 3 positive keywords vs 2 negative,high,3,2,,
18842,saat saya upgrade gopay plus id saya sudah terpakai padahal saya sama sekali belum upgrade gopay plus mau lapor cs saja lambat balasnya di aplikasinya jg tidak ada nomor kontak cs hanya ada email dan balasannya kurang memuaskan saat ini apa harus serba cepat tapi menghubungi cs saja sulit tolong perbaiki lagi agar pelanggan tidak beralih pada apk lain,negative,Labeled NEGATIVE but has 3 positive keywords vs 2 negative,high,3,2,,
19510,pelayanan gojek sudah tidak bagus saya pesan gofood jam ke resto yang jam dan penyajian nya cepat masa jam saya baru dapat driver tolong perhatian nya ke pada pihak aplikasi gojek tolong pelayanan diperbaiki lagi tks,negative,Labeled NEGATIVE but has 3 positive keywords vs 1 negative,high,3,1,,
20400,sekarang aplikasi suka eror tiba tiba padahal lagi butuh butuhnya pengemudi bua nganter kerja pas dicariin pengemudi pasti dpt yang titiknya jauh padahal yang d sekitar jg ada bnyak pagi ini akun saya d bekukan karena trlalu banyak batal order saya batal pun itu karena saking butuhnya driver tapi aplikasinya eror trs alhasil akun saya yang kena mohon d perbaiki lagi kualitas layanannya jgn sampai merugikan pihak user ataupun driver terimakasih,negative,Labeled NEGATIVE but has 3 positive keywords vs 2 negative,high,3,2,,
299,tolong ya pt gojek yang terhormat kalo ngasih voucher gofood tuh jangan pake istilah minimal pembelian kembali lah seperti peraturan lama tidak ada batasan berapapun yang dibeli bisa pakai voucher sudah susah dapetin voucher malah ada syarat minimal pembelian alaahh,positive,Labeled POSITIVE but has 3 negative keywords vs 0 positive,high,0,3,,
372,pesan gofood di perbaiki agar mudah batalin pesan bagi customer dan juga driver gk sengaja pesan tidak bisa batalin terpaksa bayar jadi ya tidak mau beli tolong gofood ya dipermudah batalin pesan gofood jika salah pesansalah alamat jadi mudah,positive,Labeled POSITIVE but has 3 negative keywords vs 1 positive,high,1,3,,
733,halo min jadi saya kan pernah langganan gitu di app drama terus saya dah tidak terlalu suka nonton jadi saya apus dn langganan juga mau habis terus tbb saya dapet notif gopay hmm kayak langganan lagi tapi saya tidak langganan atau kek bayar gituu jadi hmm saldo kyk bs d balikin tdk atau itu emang kesalahan saya yang malah menghapus tapi belum batal kan langganan trimakasih min moga d jawab,positive,Labeled POSITIVE but has 3 negative keywords vs 2 positive,high,2,3,,
758,suka sih awalnya saja tapi makin lambat pesan gofood jadi mahal sekali ongkir dan harga makanannya promosi nya ada sedikit ya paling banyak potongan rb diskon nya hanya rb paling banyak beda waktu pertama coba diskonnya paling banyak rb tolong dong banyakin diskon nya tanpa min belanja juga dan tidak harus pake gopay bagaimana jika yang tidak ada akun bank atau yang lainnya untuk isi gopay seperti saya dan hanya ada uang tunai tolong di maksimal kan lagi ya,positive,Labeled POSITIVE but has 3 negative keywords vs 1 positive,high,1,3,,
1005,sangat puas pelayanannya gojek tapi sayang banyak sopir go bak yang sering batalkan pesanan kalo emang tidak mo ambil pesanan jangan diambil biar konsumen tidak kecewa,positive,Labeled POSITIVE but has 3 negative keywords vs 1 positive,high,1,3,,
1292,penjual yang lebih sering pake gosend di aplikasi ini jujur agak kecewa diskon gosend diubah jadi cashback apalagi cashback dalam bentuk gopay coins yang tidak bisa dicairkan ke rekening bank agak kecewa dan memilih buat tidak pake gosend lagi karena sekarang jadi rugi,positive,Labeled POSITIVE but has 3 negative keywords vs 0 positive,high,0,3,,
1421,selama ini bagus dan lancar tapi sayang saya tidak bisa up grade play later dengan alasan sudah pernah dipakai padahal hp dan no saya baru agak kecewa jg sih,positive,Labeled POSITIVE but has 3 negative keywords vs 1 positive,high,1,3,,
1448,aplikasi lambat baru proses selama pakai gojek tidak pernah dapat diskon go car go food padahal sangat aktif menggunakan nya di banding yang jarang pakai tapi selalu dapat diskon,positive,Labeled POSITIVE but has 3 negative keywords vs 0 positive,high,0,3,,
1736,untuk go food tlg sih pihak gojek bner di pilih yang bisa masuk jualan di go food bner disaring jgn asal kdg ada yang jualan tapi cuma jual gambar pas beli buruk dah tlg lah yang jualan kasih gambar yang memang asli jualanya apa adanya aja jadi pembeli tidak kecewa jadi mls pesan di go food kebanyakan jual gambar yg jual asal an asal dapet duit dan untung banyak tlg pihak gojek di respon unek saya ini,positive,Labeled POSITIVE but has 3 negative keywords vs 0 positive,high,0,3,,
1763,selamat sore go jek dulu saya penguna akun go jek tetapi no hp sudah tidak aktif dan email saya sudah terdaftar dan susah untuk masuk kembali dengan no hp baru mohon arahannya untuk dapat mengaktifkan kembali akun go jek saya terimakasih,positive,Labeled POSITIVE but has 3 negative keywords vs 1 positive,high,1,3,,
2151,klo bisa go jek ride jgn pake atribut kasian yang ada daerah opang malah susah nyarinya saya barusan dapet gojek pake atribut daerah saya ada opangnya saya sih tidak takut karena ada jalan lain yang aman tapi gojek nya bilang di mau nya sampe pangkalan takut padahal sebelumnya jalan tersebut aman tapi kata gojek nya daerah ini mah tidak bisa masuk saya bilang ya sudah tapi sebenarnya saya kecewa karena naik opang sampai rumah harus bayar lagi padahal dari pangkalan sampai rumah saya itu sudah deket tolong yaa,positive,Labeled POSITIVE but has 3 negative keywords vs 0 positive,high,0,3,,
2302,suka lambat posisi maaih jauh suka diambil akhirnya kelamaan trs dibatalin sedangkan peelu cepet,positive,Labeled POSITIVE but has 3 negative keywords vs 1 positive,high,1,3,,
2367,lagi pilih pesanan tiba tiba pesan sendiri dan parahnya tidak bisa dibatalkan klo di grabfood masih bisa di batalin klo belum lama tanya cs pelayanannya buruk,positive,Labeled POSITIVE but has 5 negative keywords vs 0 positive,high,0,5,,
2646,bagus sih apknya membantu tapi ko saya upgrade akun go pay selalu gagal dan lambat sekali tidak ada jawaban atau konfirmasi ya pihak internal mohon dibantu,positive,Labeled POSITIVE but has 3 negative keywords vs 1 positive,high,1,3,,
2972,apknya mudah di gunakan dan tidak ada bug yang membuat pengguna kesusahan cuman tolong pihak gojek membuat histori chat untuk pengemudi yang membatalkan pesanan karena terkadang ada chat yang tidak sempat di baca,positive,Labeled POSITIVE but has 3 negative keywords vs 0 positive,high,0,3,,
3333,di update baru bukan nya tambah mudah baca aplikasinya malah tambah susah membingungkan toling di benahi lagi tatanan aplikasi nya se simpel mungkin agar kita yang menggunakan nya pun tidak malas karena keribetan itu,positive,Labeled POSITIVE but has 3 negative keywords vs 0 positive,high,0,3,,
3493,gojek ko sekarang jadi aga kurang berkualitas saya mau masuk aplikasi saja loading nya lama sekalinya masuk melihat saldo go pay nya loading juga tolong lebih diperbaiki kedepannya supaya yang sudah memakai aplikasi ini tidak kecewa terimakasih,positive,Labeled POSITIVE but has 3 negative keywords vs 2 positive,high,2,3,,
3709,ngasih promosi voucher sih gilaan banget tapi para pengemudi tidak mw pick up ditungguin lambat tidak dtg di chat tidak dibls pesan saya batalin x karena pengemudi no respon uda pake tarif sewajarnya aja jadi untuk dpt drivernya mudah,positive,Labeled POSITIVE but has 3 negative keywords vs 0 positive,high,0,3,,
4464,maaf sblmnnya saya suka kesal degan gofood makanan kfc memilih menu sesuai aplikasi selalu habis dan tidak ada kenapa di aplikasi tersebut di buatkan tidak ada saja biar tidak ribet,positive,Labeled POSITIVE but has 3 negative keywords vs 1 positive,high,1,3,,
4474,sering tidak mendapatkan voucher cashback padahal sudah belanja banyak dan berkali kali diatas rb percuma mengharapkan cashback yang tidak pasti server sering error dan sibuk terus menerus tidak dapat mengambil voucher yang di tawarkan semoga kedepannya bisa lebih baik dan tidak mengecewakan terutama untuk layanan gopay,positive,Labeled POSITIVE but has 3 negative keywords vs 1 positive,high,1,3,,
4858,halo kak ini maaf banget ya aku kasih bintang satu soalnya bener capek dan trouble berhari hari awalnya senang banget pake go jek trus trouble gabisa apply voucher smpek hari dan seterusnya padahal apply voucher biar bisa dapat harga murah tulisan halaman voucher selalu server padat merayap berhari complain di dm jawabannya template terus tpi trouble nya tetap sama alhasil harus pake akun orang lain buat mesen go jek diperbaiki deh apk nya error kenapa tidak satu dua kali,positive,Labeled POSITIVE but has 3 negative keywords vs 2 positive,high,2,3,,
4941,gopay later kenapa tidak bisa dipakai pesan gofood katanya lebih mudah sudah hari ini tidak bisa dipakai error mulu ah terlanjur update tapi mengecewakan kenapa malah tidak lebih bagus dari findaya sih maaf bintang saya kurangi kalau gopay later sudah berfungsi dengan baik saya kembalikan lagi bintang,positive,Labeled POSITIVE but has 3 negative keywords vs 2 positive,high,2,3,,
5029,saya punya pengalaman naik gocar yang kurang mengenakan ketika kami memakai promosi hemat yang sudah aplikasi sediakan malah kami yang di remehkan oleh oknum pengemudi gocar bahkan sampai menghina kami yang memakai promosi hemat tsb padahal customer tidak tau menau soal harga tapi customer yang malah d salahkan semoga bisa lebih d perbaiki terutama oknum pengemudi spt itu sangat menggangu dan bikin kesal selama di perjalanan,positive,Labeled POSITIVE but has 3 negative keywords vs 1 positive,high,1,3,,
5301,saya bayar gojek plus biar dapat promo tapi malah tidak dapat promosi potongan makanan tidak semua resto potongan ongkir kagi suami yang tidak ikut gojek plus malah biasa dapat promosi potongan makanannya ada apa nih rugi jadinya beli paket mahal untuk bulan,positive,Labeled POSITIVE but has 3 negative keywords vs 0 positive,high,0,3,,
5313,gopay saya di blokir padahal saya tidak melakukan kesalahan dan isinya k tidak ada kelanjutannya padahal itu uang buat kebutuhan saya dan saya jadikan gopay supaya mudah transfer dan memesan makan dengan mudah mohon pihak gojek di tidak lajutin itu uang tiba tiba tidak bisa dipakai k mohon bantuannya kami sebagai costumer merasa kecewa dengan adanya kejadian ini mohon gopay saya terbuka,positive,Labeled POSITIVE but has 3 negative keywords vs 0 positive,high,0,3,,
5397,semakin lambat apl ini semakin mahal dan tidak mendapatkan voucher untuk go ride tolong beri diskon seperti dulu diskon sekolah karena saya sangat membutuhkan diskon untuk pp dari sekolah ke rumah harga yang di patok terlalu mahal tidak seperti dulu yang murah tolong di beri voucher diskon dan permurah dan permudah mendapatkan voucher untuk go ride,positive,Labeled POSITIVE but has 3 negative keywords vs 0 positive,high,0,3,,
5858,maaf bintang dulu saya kecewa sudah dua bulan saya tidak mendapatkan voucher cashback maksimal rp di level sultan saya sudah laporkan masalahnya tapi sampai sekarang belum ada solusinya cs di aplikasi gojek tidak ada tanggapan selama berbulan bulan saya kecewa tidak pernah mendapatkan voucher cashback untuk level sultan,positive,Labeled POSITIVE but has 3 negative keywords vs 0 positive,high,0,3,,
5996,sangat mengecewakan habis bagus up ribu besoknya saldo terblokir dan tidak dapat di gunakan kembali sudah lapor sanan sini tetap tidak bisa sudah datang ke kantor cabang banjarmasin katanya tidak bisa membantu customer tapi kalau pengemudi bisa di bantu untuk yang baru mau pakai aplikasi berhatilah kalau bisa pake grab saja karna jelas dan bisa di pertanggung jawabkan dan jika ada kendala responya cepat dan bisa di selesaikan tidak seperti gojek saya merasa di rugikan,positive,Labeled POSITIVE but has 3 negative keywords vs 2 positive,high,2,3,,
6073,saya sudah th pake aplikasi gojek mulai dari onkir rb per km sekarang sudah semakin berkembang sudah naik jadi rb sdh ada paylater limit rb sangat bagus dan membantu saat kepepet td siang saya bagus up pulsa tsel rb pulsa tidak masuk tapi saldo pay later terpotong sdgkan bukti transaksi tidak ada lwt email pun tak ada selama th baru kali ini kecewa sama gojek,positive,Labeled POSITIVE but has 3 negative keywords vs 1 positive,high,1,3,,
6191,halo gojek untuk gofood dengan kendala tidak dapat driver durasi jam terlalu lambat untuk kami customer membatalkan pesanan kalian pikir nunggu sejam buat dapat driver belum buatnya ngantarnya bisa sampai atau jam keburu asam lambung atau pingsan ya kalau pengemudi tidak batal pesanan harus nunggu lagi,positive,Labeled POSITIVE but has 3 negative keywords vs 0 positive,high,0,3,,
6377,sumpah ini aplikasi keren lo harus cobain apalagi yang gamau ribet sana sini pesennya juga mudah dan tidak lama dan saya juga suka dapet diskon yang ngebantu saya banget pokoknya cobain aja,positive,Labeled POSITIVE but has 3 negative keywords vs 2 positive,high,2,3,,
6688,sudah langganan dari lambat aplikasi ini tapi akhir akhir ini gabisa gabung voucher dan ongkir sama biaya aplikasi nya makin naik jadi agak males makin murah tidak mahal ya,positive,Labeled POSITIVE but has 3 negative keywords vs 0 positive,high,0,3,,
6752,saya senang dengan aplikasi gojek krena menguntungkan bisa dapt berpergian dengan ongkos murah selagi dapat memesan makanan terimakasih telah menyiapkan apk gojek karena bagi masyarakat jg tidak kesusahan berpergian dengan angkot yang ongkos nya lumaya mahal terimakasih,positive,Labeled POSITIVE but has 3 negative keywords vs 2 positive,high,2,3,,
6762,promosi bohongan cs lambat jangan pake gojek mau untung malah rugi transaksi di jadi id katanya ada cashback pas bayar cashback tidak masuk voucher cashback padahal sudah dipakai kata cs tidak sesuai snk aplikasi gatcha,positive,Labeled POSITIVE but has 3 negative keywords vs 0 positive,high,0,3,,
6813,cukup membantu dalam segala hal kepuasan pelanggan bukan dari segi aplikasi namun dari segi sang driver terimakasih gojek selama saya pesan tidak pernah mengecewakan,positive,Labeled POSITIVE but has 3 negative keywords vs 2 positive,high,2,3,,
6977,hapuskan posko aman tidak guna itu posko aman kasihan pengemudi yang akun nya terdaftar di kota besar yang sudah terpaksa kembali ke kampung karena pandemi jadi tidak bisa cari nafkah karena tidak bisa on bid di kampungnya dikarenakan tidak bisa di semprot karena tidak ada posko aman ini kasus yang saudara saya alami saat hujan pesanan tidak dapat driver giliran dapat pengemudi posisinya jauh kan kasihan drivernya salah alamat tidak bisa diedit alamatnya beda kyk apk sebelah ongkos mahal,positive,Labeled POSITIVE but has 3 negative keywords vs 0 positive,high,0,3,,
7017,menu nya mending versi lambat tidak susah tidak ribet sekarang kalo mau pesanorder susah ribet nyari nya tolong lebih di permudah lagi ajah,positive,Labeled POSITIVE but has 4 negative keywords vs 0 positive,high,0,4,,
7293,aplikasi cukup baik namun pada bagian layanan go shop banyak pengemudi yang membatalkan pesanan sehingga kesannya belum ada atensi lebih pada customer mungkin bisa jauh lebih ditegaskan kepada pengemudi agar jauh lebih berkomitmen pada layanan customer sehingga tidak memunculkan kesan buruk seolah olah pengemudi tidak mau mengambil pesanan karena alasan personal untuk sekarang bintang dulu semoga dievaluasi dan lebih baik,positive,Labeled POSITIVE but has 3 negative keywords vs 1 positive,high,1,3,,
7382,bagus si pengemudi nya banyak jadi dimanapun itu pasti ada gojek dan juga tepat waktu tapi suka tiba tiba ke pesen driver terus pas waktu di batalin ada yang maki maki saya karena dibatalin padahal waktu aku lihat pengemudi nya tidak maju selama menit terus aku pesen lagi dan pengemudi yang ku batalin sama yang ku pesen malah datang barengan habis itu pengemudi yang ku batalin maki maki aku pake kata kata yang kurang sopan,positive,Labeled POSITIVE but has 3 negative keywords vs 2 positive,high,2,3,,
7466,kecewa dengan aplikasi gopay yang bls sistem terus sudah melakukan laporan eh malah di teruskan ke email harus ada cs langsung biar bisa dengar keluhan kita seperti aplikasi yang lain sudah kirim x foto makanan dan kirim bukti pembayaran dll saya kira sudah n d proses ternyata belum msih d lnjut d email msih d mnta syrat yang sama mslhnya ftonya tidak k save d hp kan sudah saya lampiran fto mkanan saat mmbuat laporan msa tidak msuk mending byar tunai tidak ribet,positive,Labeled POSITIVE but has 3 negative keywords vs 0 positive,high,0,3,,
7617,saya kecewa dengan drivernya setiap pesan selalu chat banyak kalo belum samperin gojeknya padahal sudah jelas jelas di depannya mana bawel banget drivernya sampe mau batalin pesanan saya dan pergi begitu saja meskipun promosi juga harusnya hargai penumpangnya memang tidak semua pengemudi tapi ada salah satu pengemudi drivernya cowo masih muda tidak bisa saya sebutkan namanya jadi maklum lah ya tidak sabaran,positive,Labeled POSITIVE but has 3 negative keywords vs 0 positive,high,0,3,,
7620,tidak lagi lagi sumpah kesalahan terbesar saya percaya dengan ini gara gojek saya harus pesen kereta lagi nunggu jam di stasiun karena ketinggalan kereta mending aplikasi indrive lebih cepat dan murah kelemahan aplikasi lambat dapet ojek sekali dapet di ghosting,positive,Labeled POSITIVE but has 3 negative keywords vs 1 positive,high,1,3,,
7722,map nya tolong dibenerin tidak sesuai arahannya customer maupun drivernya jadi sering bermasalah saya sering di batal secara sepihak karena problem ini over all drivernya bagus gercep dan aplikasinya sudah bagus tapi klo tidak didukung dengan system yang bagus akan rusak juga terima kasih,positive,Labeled POSITIVE but has 3 negative keywords vs 2 positive,high,2,3,,
8207,kalo lagi ujan server suka error kalo soal pencarian pengemudi tidak ada batas waktu jadi kaya di kasih harapan palsu susah banget kalo mau pesen pas ujan padahal dlu pas jadi satunya ojek online msih bagus bagus saja sekarang bikin berpaling,positive,Labeled POSITIVE but has 3 negative keywords vs 2 positive,high,2,3,,
8269,saya tidak sengaja pesan gofood pas mau dibatalin kan harus laporkan masalah setiap kali mau input nomor pesan selalu balik ke halaman riwayat tolong di perbaiki,positive,Labeled POSITIVE but has 3 negative keywords vs 1 positive,high,1,3,,
8371,says thanks buat gojek sangat bermanfaat dan terbantu dengan adanya aplikasi ojol ini sesuai dengan motto nya selalu ada jalan tapi ada sedikit ketidaknyamanan kala bertemu pengemudi gocar yang bertingkah beberapa kali saya disuruh pengemudi untuk batal saat pengemudi tiba menjemput saya alasan nya karena tarif terlalu murah mereka merasa rugi karena ada potongan tarif lagi dari gojek bukan urusan kami sebagai konsumen tapi kami dipaksa untuk batal alias bayar tunai offline,positive,Labeled POSITIVE but has 3 negative keywords vs 1 positive,high,1,3,,
8524,buat pin point alamat susah dipinpoint selalu rmh si a atau lpk enak yang dulu alamat bisa ditulis lengkap hampir di batal pengemudi car karena alamatnya cuma nama daerah apalagi namanya banyak daerah yang pakai padahal itu pinpoint rumah saran tambahin menu edit ulasan dong suka ada yang belum di ulasain dimenu makannya tapi tidak bisa di edit,positive,Labeled POSITIVE but has 4 negative keywords vs 1 positive,high,1,4,,
8737,min kenapa sekarang aplikasi gojek makin buruk sih mau pesan makanan digofood gax ada voucher gratis ongkir cashbacknya menyesal banget nih aku sudah download sudah isi saldo e money ternyata tidak sesuai keinginan malah mahal banget lagi sekarang gojek sudah tidak kaya dulu lagi yang banyak voucher cashback potongan harga makin kesini jadi makin burik ajh nih aplikasi,positive,Labeled POSITIVE but has 3 negative keywords vs 0 positive,high,0,3,,
8767,aplikasi yang sangat membantu mau bayar ini itu tidak peke ribet tidak pake lama mau transfer ke bank jg biaya adminnya murah dan lancar aplikasi yang sangat direkomendasikan,positive,Labeled POSITIVE but has 3 negative keywords vs 0 positive,high,0,3,,
9515,dulu pernah coba yang sebelah karena lbih murah masa antar pesanan tidak punya kembalian trus uangnya kita dikembalikan lagi gmw nukarin pas kita bilangin didepan ada warung mas eh malah dia bilang gmw beli sesuatukah mbak takutnya tukang warungnya gmw klw cuma nukar lah itu kan kerjaannya dia kesal lah auto uninstall balik lagi ke gojek ongkir agak mahal dikit sih cuma pelayanan ok dan orgnya ramahgercep nyaman pake gojek,positive,Labeled POSITIVE but has 3 negative keywords vs 1 positive,high,1,3,,
9809,sudah lambat bngt pakai gojek baguss lancar pakai gojek aplikasi nya simple tidak ribet ditambah lagi ada paylater nya bisa untuk kondisi mendesak naikin limit paylater nya aku lagi donk hehehe over all good thanks gojek successfully always,positive,Labeled POSITIVE but has 3 negative keywords vs 2 positive,high,2,3,,
9838,bad biasanya drivernya yang chat duluan baru pelanggan nya yang balas chat saya dpt pengemudi tapi tidak chat trs tiba dibatalkan tnpa konfirmasi terlebih dhlu sekarang saya yang chat duluan tpi chat saya tidak dibales sudah nunggu lambat tetap saja tidak ada kejelasndriver nya tidak gerak padahal tidak macet samsek dll,positive,Labeled POSITIVE but has 3 negative keywords vs 0 positive,high,0,3,,
10226,tolong gofood di cek lagi banyak pedagang nakal harga sering tidak sesuai aplikasi alasan ada kenaikan tapi setelh sekian lambat harga tetap saja tidak di gantikecewa dengan ayam bakar abu abu serpong dan kl bisa gofood untuk tiap resto nya bs di beri keterangan rating nya biar kmi tidak kecewa app sebelah lbh meyakin kan,positive,Labeled POSITIVE but has 3 negative keywords vs 0 positive,high,0,3,,
10542,mengecewakan ngadain promodiskon untuk bagus up game online pas saya dah isi saldo ribu mau bagus up di coda shop malah gabisa kalo emang tidak niat bikin promosi mending tidak usah biar user go pay tidak kecewa,positive,Labeled POSITIVE but has 3 negative keywords vs 1 positive,high,1,3,,
10971,saya pelanggan lambat gojek akhir saya malas pakai gojek karena tiap saya klaim vocer dan di keterangan berhasil dan siap pakai malah di menu voucher saya sama sekali tidak terlihat ada voucher parahnya lg banyak teman saya dapat voucher gofood tapi akun saya sama sekali tidak pernah dapat voucher gofood di menu nya pun tidak terlihat diskon sd berapa nya dan setelah cek out pun tidak ada kolom vouchernya paarahh sekali kalau begini terus menerus mungkin saya akan memilih uninstall,positive,Labeled POSITIVE but has 3 negative keywords vs 0 positive,high,0,3,,
11479,saya pengguna lambat gosend dengan aktivitas kirim barang setiap hari mohon kiranya agar aplikasi gojek bisa lebih di permudah fiturnya di riwayat pesanan yang sudah selesai terkirim agar bisa di pesan kembali tanpa perlu mengetik ulang alamat kembali tidak perlu kembali ke menu favorit agar lebih cepat dan simple karena alamat favorit hanya bisa menyimpan alamat saja sedangkan pengguna seperti saya banyak sekali alamat yang harus di kirim dalam setiap hari mohon di perbaiki,positive,Labeled POSITIVE but has 3 negative keywords vs 2 positive,high,2,3,,
11717,aplikasi bagus selama saya pakai saya tidak pernah ada masalah sama drivernya terlalu sopan semuanya cuman ada keluhan fitur super partner gofood saya tahu jika fitur itu mempercepat pemesanan kita tapi tidak ada kepastian bagi kita pemesan jika makanan bisa dibeli karena kadang kadang resto tidak accept pesanan kita entah lagi ramai atau tutup yang mana biasa kita batal pesan makan karena resto tutup jadi batal pesan karena tidak di accept kalau cara biasa kn ada kepastian walaupun lambat,positive,Labeled POSITIVE but has 4 negative keywords vs 2 positive,high,2,4,,
11730,saya pemakai go jek lambat selama memakai gojek saya tidak pernah bermasalah pengemudi nya rama akan tetapi apabila ada pengemudi yang melanggar lalu lintas selalu saya komplain di aplikasi dan selalu respon cepat tanggapny,positive,Labeled POSITIVE but has 3 negative keywords vs 1 positive,high,1,3,,
12003,mau ganti opsi pembayaran ke gopay biar dapet diskon eh malah tidak sengaja kepencet pesan trus detik itu juga mau batalin nggabisa mana deket ongkir mahal banget gabisa dibatalin kan cuma mau ganti metode bayar biar dapet diskon tetep jadi beli kok biar murah aja hadeuhh mana tambah nyeseknya pas ngecek aplikasi sebelah dapet menu komplit sama minumnya lagihh hadeuuhh,positive,Labeled POSITIVE but has 3 negative keywords vs 0 positive,high,0,3,,
12978,saya ingin sheer pengalaman dalam mengunakan aplikasi ini yang tidakmenyenangkan sebagai masukan beberapa kali saya pesan go car gojek melalui aplikasi ini pesanan saya langsung di input bahkan pengemudi teleponchat ke saya menanyakan alamat saya namun beberapa saat saya tunggu dia malah membatalkan pesanan saya begitu saja tanpa ada kejelasan jadi saya mohon pada pihak manajemen untuk memberi sanksimenindak tegas atas perbuatan oknum tersebut karena ini bisa berimbas ke pihak gojek wassalam,positive,Labeled POSITIVE but has 3 negative keywords vs 1 positive,high,1,3,,
13245,untuk saat ini aplikasinya masih baik aja dan samgat membantu semoga nanti nya tidak mengecewakan dan tidak ribet selalu mempermudah,positive,Labeled POSITIVE but has 3 negative keywords vs 1 positive,high,1,3,,
13290,sangat amat berguna buat saya yang kesekolah tidak ada yang anter tapi kadang suka bikin kesal babang gojek nya sudah nunggu lambat eh di cancel tapi ttp saja masih lebih baik dari pada ojek biasa karena suka ada promosi,positive,Labeled POSITIVE but has 3 negative keywords vs 2 positive,high,2,3,,
13630,cuma saran di go send nya kasih fitur penjaga barang tetap aman dong tidak tau bagaimana caranya soalnya pengalaman kirim dari rumah kue kering toples tidak remuk sesampai di tujuan remuk dan jajan nya juga jadi kasih fitur pengaman atau tidak ganti rugi semoga bermanfaat jadinya kan go send nya terpercaya,positive,Labeled POSITIVE but has 3 negative keywords vs 1 positive,high,1,3,,
13713,lebih banyak menyenangkan n puas walau kadang jemputan agak lambat pernah sekali kendaraan jalan cepat tidak peduli jalan buruk n ada polisi tidur,positive,Labeled POSITIVE but has 3 negative keywords vs 2 positive,high,2,3,,
13723,tolong dong buat gobiznya kalo milih pengemudi itu yang terdekat saja karena sering makanan yang saya sediakan suka di batalkan sepihak oleh driver dan kurang ajarnya sekarang tidak ada lagi sistem kompensasi ini bagaimana sangat merugikan pedahang,positive,Labeled POSITIVE but has 3 negative keywords vs 1 positive,high,1,3,,
13951,setiap pake jasa gosend selama ini alhamdulillah aman drivernya ramah tepat waktu tidak mengecewakan,positive,Labeled POSITIVE but has 3 negative keywords vs 1 positive,high,1,3,,
14480,apaansih saya setiap pesen gojek pasti nunggu dapet drivenya lambat banget bahkan sampe tidak dapet kenapa ya bisa begitu apa karena aku pake voucher biar jadi murah harganya gitu karena pengemudi nya gamau rugi karena aku pake voucher gitu hadeh tau alasan saya gamake gojek lagi ya karena ini lambat banget dapet pengemudi,positive,Labeled POSITIVE but has 3 negative keywords vs 0 positive,high,0,3,,
14536,akun gojek saya terkena banned voucher saat saya tanya dicustomer servicenya cuma dijawab akun saya ada penyalahgunaan voucher tanpa ada transparansi kapan saya melakukan atau pas apa saya melakukannya saya kecewa sekali dengan pelayanannya kalau seperti ini padahal level goclub saya sudah anak sultan tapi percuma aekarang vouchernya tidak bisa dipakai kalau tidak ada penindak lanjutan lagi terkait hal ini ya selamat tinggal gojek terima kasih,positive,Labeled POSITIVE but has 3 negative keywords vs 1 positive,high,1,3,,
14586,aplikqsi gojek sangat membantu saya baik dlm mengantar pergi maupun mau pesen makan apa saya tapi sayangnyaa belakangan ini harga ongkir mahal bngt walaupun trkdng dpt promosi msh tidak ketutup jadi membuat berfikir ulang saat mau pesan apa tidak nyaa karena kegedean ongkir drpd pesanan saya hahahahaha jika sudah begitu saya batal goreng tempe or telor saja dech jadi nyaa,positive,Labeled POSITIVE but has 3 negative keywords vs 1 positive,high,1,3,,
14757,halo admin gojek saya suka banget sama aplikasi gojek tapi tidak suka sama gosend banyak customer saya yang pesan gosend tapi drivernya pada tidak mau ngambil dan sering dibatalkan oleh drivernya saya juga dari jam yang lalu sudah pesan gosend tapi tidak ada yang mau ambil padahal saya cuman mau antar makanan sering dibatalkan oleh driver saya dapat promosi makanya bayar tunai murah masa cuman karena alamat dekat ongkir murah selalu di tolak,positive,Labeled POSITIVE but has 3 negative keywords vs 1 positive,high,1,3,,
14782,tolong dong mapsnya diperbarui lagi kek google earth jadi tidak susah masangnyatambahkan google earthnya bisa set dimana saja terus kalo pake go car tarifnya di murahin lagi dong jangan terlalu mahal oke nanti saya tambahkan bintangnya satu lagi jadi lima updatenya cepat ya,positive,Labeled POSITIVE but has 3 negative keywords vs 2 positive,high,2,3,,
14841,ini aplikasi yang ngebantu banget secara tarif lebih murah dari opang sejauh ini sih dapet pengemudi yang baik walau kadang ada saja yang suka minta batal dengan alasan motor rusak lagi dengan alasan yang sama kudu di periksa tuh min atu klo motor tidak layak tidak usah dipake lah saya bosan dengan alasan mu bang hahah kasih voucher unlimited expired donk baru asyik,positive,Labeled POSITIVE but has 3 negative keywords vs 2 positive,high,2,3,,
14945,fiturnya makin bagus aplikasinya mudah dioperasikan murah dng banyaknya promosi sayang pas saya pake gosend tiba pas pengemudi dtg alamat pengiriman berubah tidak sesuai dng yang diketik pengemudi nya minta batal,positive,Labeled POSITIVE but has 3 negative keywords vs 1 positive,high,1,3,,
14995,tadinya saya masih mikir mw ksih bintang scara slama ini enak pake gojek baik itu gocar bike atau gofood tapi hari ini saya bnr sudah sangat kecewa atas playanan gojek trutama di pickup point stasiun pasar turi sby yang terkesan menganaktirikan tujuan yang dekat dengan dalih dicarikan alternatif yakni dialihkan jadi gocar reguler biar lebih cepat tapi harga naik sedikit tapi yang ada tarifnya jadi x lipat dr awal pesan dan pesanan awal trnyata dicancel dan hrus ulang dr awal antri lg n tidak cuma x ini saja,positive,Labeled POSITIVE but has 3 negative keywords vs 2 positive,high,2,3,,
15202,saranku mendingan promosi gojek hemat di hilangkan aja tidak guna ada promosi itu asal di pakai promosi hemat dpt gocar nya susah sudah dpt malah di cansel terus drivernya bilang makai hemat ya langsung di cansel agak bagaimana gitu bacanya masa pengemudi bilang gitu aduh kalau tidak mau di pakai promonya mendingan hilangkan aja baru kali ini kecewa terhadap gojek,positive,Labeled POSITIVE but has 3 negative keywords vs 0 positive,high,0,3,,
15370,jujur bagus tapi sayang argonya kalah murah sama apk sebelah apalagi kalo di bandingin sama si kuning jauh banget di kalimantan jangkauan layanan terbatas ongkir makanan agak mahal dikit sii tapi tidak masalah buat option ke saja kalo apk sebelah lagi susah di cari,positive,Labeled POSITIVE but has 3 negative keywords vs 1 positive,high,1,3,,
15428,terkadang pengemudi gojek ngeselin disaat pesan makanan sudah mau sampe sudah nunggu lambat dan map tidak jalan ternyata tiba ganti pengemudi siapa yang tidak kesal kalo gitu,positive,Labeled POSITIVE but has 3 negative keywords vs 0 positive,high,0,3,,
16186,simple kalo lagi tidak bawa uang bisa isi gopay by trf jadi tidak ribet cuma skr ongkirnya mahal,positive,Labeled POSITIVE but has 3 negative keywords vs 0 positive,high,0,3,,
16310,mohon agar lokasi pengemudi lebih diperhatikan agar customer tidak lambat menunggu atau membatalkan pesan karena lokasi driver di map mungkin terlihat dekat tapi kalau traffic atau jalur aktual membuat pengemudi mesti memutar jauh maka bisa merugikan pengemudi dan customer,positive,Labeled POSITIVE but has 4 negative keywords vs 0 positive,high,0,4,,
16344,haloo saya pengguna lambat gojekk dari saya awal masuk smp ortu tidak bisa anter sekolah tapi karena di jaman seperti ini semua sudah canggih dan saya berterima kasih kepada gojek fitur bya juga bagus cuman bagi pengguna baru agak ribet sih,positive,Labeled POSITIVE but has 3 negative keywords vs 2 positive,high,2,3,,
16849,app terburuk yang bener saja mau masuk ke akun tidak bisa no dag ilang bertahun eh di suruh inget dan kasi no lambat logika di bilang dah tidak inget bego amat si kalo cuman buat buktiin itu aku kita tidak cukup dengan imel harusnya dengan ktp bisa tidak mati harus dengan no yang dah kita tidak inget minta apus juga tidak mau gila ni app masa tidak bikin baru cuman bisa buat pake gojek menang banyak dong u tidak tidak bisa tarik uang,positive,Labeled POSITIVE but has 3 negative keywords vs 0 positive,high,0,3,,
16930,aplikasi kasih bagus layanannya cepat dan harga murah tapi mencari gojek atau gocar masih agak susah agak lambat tidak dapet dapet,positive,Labeled POSITIVE but has 3 negative keywords vs 2 positive,high,2,3,,
17044,saya sangat kecewa saya bagus up gopay tidak masuk padahal di status sudah berhasil padahal biasanya bagus up melalui mbanking tidak ada ada masalah terus ini solusinya bagaimana uang saya sudah di email tidak ada kejelasan jangan ngerugiin cs,positive,Labeled POSITIVE but has 3 negative keywords vs 1 positive,high,1,3,,
17048,aplikasi anak bangsa terbaik bbrp poin yang perlu ditingkatkan tetap pada misi visi awal utamakan peningkatan kehidupan bangsa terutama utk para mitra driver promosi yang tidak merugikan mitra pengemudi outlet titik tracking gps lebih realtime lg penerimaan pesan msh sering tlambat shg titik target tujuan sering terlewati mitra driver ini menimbulkan kerugian biaya bahan bakar waktu keselamatan bagi mitra driver tindak para pengorder fiktif promosi dengan maks limit,positive,Labeled POSITIVE but has 4 negative keywords vs 2 positive,high,2,4,,
17222,saya harap pihak gojek lebih memperbaiki lagi dalam cs bantuan barang ketinggalan makanan saya ketinggalan di mamang gojeknya dan saya sudah telpon csnya dan csnya bilang suruh nunggu bakalan di konfirmasi ke mamang gojeknya dan sudah sekitar jam saya nunggu tidak ada satupun kabar ataupun basa basi dari csnya so saya sangat kecewa walaupun simple nya itu cuman makanan tapi tetep saja dikala lagi duit pasan dan abis itu bakalan berharga banget so mohon untuk diperbagus lagi pelayanan nya walaupun ini emang alasan konyol dan mungkin sepele untuk pihak gojek tapi bagi saya ini adalah salah satu pengalaman yang menurut saya kurang menyenangkan,positive,Labeled POSITIVE but has 3 negative keywords vs 2 positive,high,2,3,,
17359,percuma laporan sampai berbusa bilangnya tidak usah kawatir terus cek saldo secara berkala tapi tetap saja tow saldo tidak dikembalikan untungnya saja yang kepotong itu dikit coba klo banyak tetap saja trauma bayar go ride pakai go pay mending tunai aja klo pas hujan signal error terjadi kesalahan teknis saldo kita kepotong secara otomatis lebih murah pakai aplikasi si kuning bayar tunai tidak ribet sudah ikhlas saya saldo kepotong pembelajaran buat kalian yang pakai go pay utk lebih waspada,positive,Labeled POSITIVE but has 4 negative keywords vs 0 positive,high,0,4,,
17387,gojek bagus cuman ad yang perlu dibenahi sdkt terutama di pengetikan alamat yang dituju ketika kita ketik alamat pengantaranpengiriman itu harus mengulang lagi dari awal jika umpm keluar dari aplikasi sbntr utk mengecek alamat di chat pelanggan utk melanjutkan ketikan tidak bisa harus mengulang lagi dari awal dan itu bikin ill feel banget adeeuhh plis dahh tlg perbaiki dong jgn bgtu lagi di aplikasi lain mah tidak gitu ketika alamat bisa dilanjutkan jadi tidak bikin kesal ketik ulang,positive,Labeled POSITIVE but has 3 negative keywords vs 2 positive,high,2,3,,
17467,saya sudah thn lebih pake gojeg dan tidak pernah pake aplikasi lain selain gojeg tapi baru kali ini gojeg tariff nya naikin harga tidak kira dulu ke stasiun cisauk dr rumah saya cm rbu tidak lambat terus jadi rb skrang masa jadi rbu udah gitu maps nya di bikin jauh masa yang jarak km jadi km terus yang km jadi km tolong perbaiki lagi system nya karena saya sbgai customers merasa di rugi kan klo kya gini terus saya cek harga tariff akun sebelah biasa saja lebih murah bedanya rbuan kan lumayan bngt,positive,Labeled POSITIVE but has 3 negative keywords vs 1 positive,high,1,3,,
17623,bagus tidak ribet joss proses nya juga hitungan detik tidak pakek lama pokok nya bagus deh bisa di andalkan,positive,Labeled POSITIVE but has 3 negative keywords vs 2 positive,high,2,3,,
18125,suka sekali sekarang sering dpt pengemudi dekat jadi tidak kelamaan nunggu kemarin ada abang nya yang bilang sekarang sistem pemerataan order tapi apapun itu terserah lah lanjutan itu yang penting tidak dpt pengemudi yang jauh lagi cz sering minta batal alasan kejauhan,positive,Labeled POSITIVE but has 3 negative keywords vs 1 positive,high,1,3,,
18497,selama saya memakai apk gojek selalu aman dan lancar walau kadang apk agak lambat mungkin karena error ataupun jaringan tidak stabil dan ada beberapa pengemudi yang mengambil pesanan tapi di peta tidak berjalan menuju lokasi penjemputan semoga gojek ke depannya lebih baik dan lebih maju tetap semangat dan sukses selalu,positive,Labeled POSITIVE but has 4 negative keywords vs 2 positive,high,2,4,,
18572,memang tidak pernah mengecewakan selama selama ini bagus go jek jaya selalu next aku naik kan rank nya,positive,Labeled POSITIVE but has 3 negative keywords vs 1 positive,high,1,3,,
18610,tolong untuk di perbarui petanya kalo jalannya perbaikan jangan di carikan pengemudi yang jlnnya di buntu lewat mana drivernya tak batal cari yang dekat biar tidak lewat jln yang sama malah akun saya yang mau di blokir tolong lah pembaruannya di cek lagii klo gini yang rugi siapa customer juga,positive,Labeled POSITIVE but has 3 negative keywords vs 1 positive,high,1,3,,
18794,jadi hal yang umum goto grup ini tidak bisa menyelesaikan masalah yang dialami customer saldo terpotong dua kali saja dengan entengnya bilang transaksi tidak bisa dibatalkan padahal sudah jelas saldo yang terpotong karena kesalahan sistem,positive,Labeled POSITIVE but has 3 negative keywords vs 0 positive,high,0,3,,
19028,selama makai aplikasi gojek untungnya tidak ada masalah diskonnya juga tidak ribet dan bisa langsung digunakan permintaan untuk diskon goridegocar terus ditambah ya terima kasih,positive,Labeled POSITIVE but has 3 negative keywords vs 1 positive,high,1,3,,
19303,dapet pengemudi muda genit dapet pengemudi tua ugalan pada disuruh pake gps gamau giliran nyasar gamau dianterin sampe tujuan pesen makanan sudah pesen dri jam malem dipencet pesen server penuh terus aku cba berkali pas jam dicoba lagi eh restoran tutup bagaimana tidak marah ada saldo gopay buat pergi di tulisanya kalo case klo gopay saya cba pake gopay tapi yang kesedot bagaimana si bukan mslh uangnya masalah kenapa sering banget dikecewain tidak x x sudah berkali,positive,Labeled POSITIVE but has 3 negative keywords vs 0 positive,high,0,3,,
19347,permintaan upgrade gopay lambat banget ongkir gofood juga gaada tulisannya langsung bikin bingung selain itu ongkirnya juga mahal minimal k kalau pakai tunai mana promonya juga dikit banget mending pake app sebelah banyak promo ongkos murah dan tidak ribet,positive,Labeled POSITIVE but has 4 negative keywords vs 0 positive,high,0,4,,
19431,bagus sih cuma kecewa sedikit klo pesan goride suka di kasih drivernya jauh padahal di sekitar banyak pengemudi yang ngetem jadi waktu tunggu saya jadi lama tidak efisien,positive,Labeled POSITIVE but has 3 negative keywords vs 2 positive,high,2,3,,
19545,sebagai pengguna lambat gopay gopay costumer lebih bagus lagi dan lebih enak lagi bisa tarik tunai langsung lewat aplikasi biar tidak ribet tf dulu baru bisa narik lewat atm,positive,Labeled POSITIVE but has 3 negative keywords vs 1 positive,high,1,3,,
20078,selama menggunakan aplikasi sosial ini saya jadi tahu akan susahnya para pelanggan mendapatkan apa yang ia mau dan perjuangan para seller untuk memenuhi kebutuhan pelanggan nya semangat dan tetap berjuang para pejuang dimana pun berada,positive,Labeled POSITIVE but has 3 negative keywords vs 0 positive,high,0,3,,
20303,di buat transaksi enak tidak ribet cepat masuk tanpa loading lambat sangat memuaskan,positive,Labeled POSITIVE but has 3 negative keywords vs 2 positive,high,2,3,,
20319,sebenarnya kalo dulu aplikasi ini sangat bagus tapi semakin lambat semakin sedikit promosi dan tidak bisa menggunakan promo dan ongkir nya sangat mahal karena tidak bisa menggunakan promosi sekaligus,positive,Labeled POSITIVE but has 3 negative keywords vs 1 positive,high,1,3,,
20339,saran untuk pihak gojek saya sudah sangat lambat menggunakan gojek namun kenapa ya belakangan ini saat saya akan menggunakan gosend selalu kesulitan untuk mengisi alamat pengiriman dll tidak bergerak ke menu berikutnya sementara sinyal saya bagus mohon untuk lebih mudah lagi dapat diakses oleh kami pengguna terimakasih,positive,Labeled POSITIVE but has 3 negative keywords vs 2 positive,high,2,3,,
20397,apk terjelekk terburukk tidak pernah adain promo beda sama grab selalu adain promosi besar besaran langsung uninstall eww,positive,Labeled POSITIVE but has 3 negative keywords vs 0 positive,high,0,3,,
20445,hari ini saya dibikin heran sama gojek saya kan ngorder gocar buat temen dan tidak lambat pengemudi datang jemput sudah ada menit tiba ada tlp masuk katanya mw jemput pesanan saya saya heran saya tidak ngorder lagi dan mungkin teman yang pk gocar sudah mw nyampe ke tujuan pengemudi yang terakhir nyuruh saya batal orderan saya liat diriwayat pesanan emang dicancel dan point jg tidak muncul padahal jelas tadi ada pengemudi jemput kok bisa gitu ya ada pengemudi yang masuk mohon pencerahannya,positive,Labeled POSITIVE but has 3 negative keywords vs 0 positive,high,0,3,,
20451,aplikasi tersampah yang pernah ada gila pesen makanan nunggu jam pas sudah mau nganter dibatalin gojek tidak ada ganti rugi waktu sampah tidak akan pakai gojek lagi sampai kapanpun grab memang paling terbaik di indonesia grabfood paling fast jemput fast bahkan kalau kejadian seperti ini diganti rugi sama grab tidak pernah mengecewakan grab mau nyaman aman pilih grab,positive,Labeled POSITIVE but has 4 negative keywords vs 2 positive,high,2,4,,
20687,sering error pengantar makanan lama ngeluarin fitur hemat makanan datang ber jam jam mending ilangin fitur hemat tidak pake fitur hemat saja makanan datang hampir jam,positive,Labeled POSITIVE but has 3 negative keywords vs 0 positive,high,0,3,,
20725,saya kasi bintang dulu yaa nanti kalo tambah siipp q tambah lagi bintangnya selama pemakaian sihh aplikasi ini sangat membantu apalagi gofoodnya cari makan sekarang jadi tidak ribet terimakasih,positive,Labeled POSITIVE but has 3 negative keywords vs 1 positive,high,1,3,,
165,setelah diperbarui kenapa jadi lambat ya aplikasinya terus sering keluar sendiri tolong dong perbaiki masa tampilan bagus tapi lambat sih,negative,Labeled NEGATIVE but has 2 positive keywords vs 1 negative,medium,2,1,,
171,terima kasih atas perbaikan bug yang dilakukan sebelumnya,negative,Labeled NEGATIVE but has 2 positive keywords vs 0 negative,medium,2,0,,
209,aplikasinya oke namun maaf akun saya tiba tiba tidak ada promonya sama sekali saat saya meminta kejelasan di costumer service alasannya karena saya memiliki gerak gerik yang aneh saya tidak pernah melakukan gerak gerik yang aneh sekalipun mungkin gerak gerik tersebut adalah login di lebih dari divice tapi gojek tidak bisa memulihkan akun saya kembali mohon pulihkan akun saya seperti semula terimakasih,negative,Labeled NEGATIVE but has 2 positive keywords vs 1 negative,medium,2,1,,
408,gojek tolong diperbaiki masalah nya saya baru download terus masuk tetapi ada tulisan kami telah menerima permintaan terlalu banyak bukan nya tidak mau sabar tetapi saya juga buru buru mau memesan makanannya sekian terimakasih saya harap segera diperbaiki masalah nya,negative,Labeled NEGATIVE but has 2 positive keywords vs 1 negative,medium,2,1,,
481,saya mau ngirim uang dengan gopay tpi malah pas ngirim kenapa disuruh upgrade gopay plus padahal sudah berhasil upgrade mohon perbaikannya pihak gopay hal ini penting saya jadi tidak bisa mengirim uang lewat gopay padahal sudah diisi dlm jumlah banyak mohon perbaikannya terimakasih,negative,Labeled NEGATIVE but has 2 positive keywords vs 1 negative,medium,2,1,,
594,transfer gopay ke bank bri nga masuk dah d email katanya sukses di lihat d rekening nga ada yang masuk mohon perbaiki lagi aplikasinya saya d rugikan,negative,Labeled NEGATIVE but has 2 positive keywords vs 1 negative,medium,2,1,,
1012,ok banget sangat membantu tp untuk maps nya masih kacau banget kasihan untuk yang belum paham tolong diperbaiki makasih,negative,Labeled NEGATIVE but has 2 positive keywords vs 0 negative,medium,2,0,,
1153,tim gojek tlong di tertibkan lah driver gojek yang mungkin gps nya pake fake atau gmn sudah berapa kali saya pesan gofood ketika dapat pengemudi lihat di map jarak drivernya ke resto sangat jauh belum lagi diantarnya jadi makan waktu sudah lambat nunggu tiba drivernya sendiri yang cancle dengan alasan terlalu jauh tolong di tindak lanjuti ditunggu perbaikannya terima kasih,negative,Labeled NEGATIVE but has 2 positive keywords vs 1 negative,medium,2,1,,
1362,sebenarnya aplikasinya sudah bagus tapi kenapa saya tidak bisa melihat pin saya lagi karena saya lupa dan kartu saya yang terdaftar sudah hilang tolong diperbaiki agar dapat mengirimkan pin lewat email saja,negative,Labeled NEGATIVE but has 2 positive keywords vs 1 negative,medium,2,1,,
1544,untuk gojek bagus cuman harga nya terkadang terlalu nyecik dan untuk driper nya tolong klu pakai gopay bayar nya jangan suka di suruh censel,negative,Labeled NEGATIVE but has 2 positive keywords vs 0 negative,medium,2,0,,
1816,tidak suka sama aplikasi gojek yang skrg karena klo chat ada pesan cepat nya bikin ganggu aja sering kepencet pas mau ngetik ke drivernya aku kasih bintang dulu yaa,negative,Labeled NEGATIVE but has 2 positive keywords vs 1 negative,medium,2,1,,
1854,aplikasi apaan sh tidak jelas sebelum topup tidak ada suruh masukin pin giliran ditopup harus masukin pin mana nomor sudah hangus lagi kalo mau masukin pin dari daftar saja jngan sudah topup baru disuruh masukin pin tolong diperbaiki lagi,negative,Labeled NEGATIVE but has 2 positive keywords vs 1 negative,medium,2,1,,
1870,gojek d daerah bandung sangat bagus pelayanan nya namun sayang ketika berada d karawang drive gojek menjengkelkan saya d pinta uang tambah karena gps ama dia bisa d utak atik saya minta tolong ke pihak aplikasi untuk d daerah karawang saya selalu dapat hal yang tak menyenangkan untuk menindak tegas apabila saya kasih bintang satu dan untuk drive yang kurang ramah tolong d hilangkan karena itu mengganggu suasana saya d perjalanan,negative,Labeled NEGATIVE but has 2 positive keywords vs 0 negative,medium,2,0,,
2076,kebantu kalo lagi mager beli makan sat sit set sampe makin sering pake makin banyak dapet promo semoga kedepannya makin baik pelayanannya dan fiturnya satu sih yang ngeganggu bukan tidak suka cuma bosen semua apk iklan dah byk yang ada bts nya eh gojek pula ambasador nya bts yg lokal kan banyak,negative,Labeled NEGATIVE but has 2 positive keywords vs 1 negative,medium,2,1,,
2177,sangat memuaskan pelayanannya orangnya ramah walaupun terkadang lambat jemputnya karena macet,negative,Labeled NEGATIVE but has 2 positive keywords vs 1 negative,medium,2,1,,
2471,saya kurang suka sama pelayanan beberapa pengemudi yang tidak sopan baik ke resto atau ke customer tidak sopan hanya perihal pesanan tetapi terkadang tidak sopan perilakunya tolong di tindak lanjuti untuk para drivernya agar lebih sopan kepada customer maupun resto karena saya juga bekerja di resto beberapa kali mendapatkan pengemudi yang kurang sopan untuk pengambilan orderan dan saya juga beberapa kali mendapatkan pengemudi yang membawa pesanan saya sebagai customer tetapi perilaku nya juga tidak sopan,negative,Labeled NEGATIVE but has 2 positive keywords vs 1 negative,medium,2,1,,
2610,tolong pihak aplikasi gojek castamer baru ini setiap saya buka aplikasinya loading nya lambat banget tolong perbaikan biar agak cepat saat buka aplikasinya,negative,Labeled NEGATIVE but has 2 positive keywords vs 1 negative,medium,2,1,,
3250,sudah bisa pakai promonya gojek mantap banyakin terus promonya kalau bisa promonya kayak dulu bisa digabungkan promonya oh ya harta karun tidak bagus diskonnya jadi bagusnya hilangkan saja harta karun ga capaipun tidak ada gunanya,negative,Labeled NEGATIVE but has 2 positive keywords vs 1 negative,medium,2,1,,
3446,ada biaya tambahan rb itu cukup memberatkan liat saja customer nya pada pindah ke aplikasi lain kl untuk lasan layanan yang lebih baik saya kira tidak ada perbaikan sama sekali kecuali buat perbaikan pemasukan laba perusahaan,negative,Labeled NEGATIVE but has 2 positive keywords vs 1 negative,medium,2,1,,
3578,drivernya suka minta di batal kalo kejauhan sama macet kalo emang kejauhan atau macet alesannya kenapa di ambil pesanan dari penumpang suka aneh deh kan jadi buang waktu harusnya bs lebih cepet sampai tujuan gara pengemudi ngasih alesan seperti itu jadi pesan ulang lg terlalu sering saya ngalamin hal kayak gitu sama ditingkatin lagi dong komunikasi antara pengemudi sama penumpang kayak chat whatsapp seperti pny grab thanks,negative,Labeled NEGATIVE but has 2 positive keywords vs 1 negative,medium,2,1,,
3785,bingung dengan maps nya gojek setiap pesan bukannya dikasih jalur alternatif yang cepat malah muter dengan rute yang jauh terus kalau cari pengemudi ada yang terdekat malah dapat yang jauh dicancel kasian sama driver tolong perbaiki lagi aplikasinya terutama untuk maps,negative,Labeled NEGATIVE but has 2 positive keywords vs 0 negative,medium,2,0,,
3808,kode otp tidak kluar d beberapa pembayaran jadi pindah ke aplikasi pembayaran sebelah padahal katanya dompet digital terbaik di indonesia hoaxs ah,negative,Labeled NEGATIVE but has 2 positive keywords vs 1 negative,medium,2,1,,
4036,masukan buat sistemnya tolong diberikan label halalnya supaya tidak salah pesan apalagi salah makan karena msih banyak penjual tidak menjelaskan dengan rinci bahan makanan yang dijual scara spesifikasi dan tidak ada kategori halal haramnya bahaya untuk orang muslim klw bgino terus tolong diperketat lagi seleksi penjualan makanannya di gofood trsebut makasih,negative,Labeled NEGATIVE but has 2 positive keywords vs 1 negative,medium,2,1,,
4149,halo gojek klo boleh ngasih masukan untuk pengembangan aplikasi ke depan semoga gojek bisa menambah fitur label untuk pengemudi yang pernah kita pake jasa aplikasinya misal bawa motornya enak atau jaketnya bau sok tau arah nyasar armada tidak sesuai aplikasi khususnya label negatif itu kami bisa kami hindarin terima kasih,negative,Labeled NEGATIVE but has 2 positive keywords vs 1 negative,medium,2,1,,
4206,saran saya gojek harus tambahkan fitur akurasi di applikasinya saya ingin memesan goride buat temen saya di beda kota susah saya di bekasi dan dia di tangerang sementara saya pake applikasi lain ketemu lokasinya semoga di tambahkan masukan dari saya terimakasih,negative,Labeled NEGATIVE but has 2 positive keywords vs 1 negative,medium,2,1,,
4254,kadang suka eror saldo masuknya telat padahal di aktivitas sudah sukses katanya tapi saldo gopay tidak nambah hadeh,negative,Labeled NEGATIVE but has 2 positive keywords vs 1 negative,medium,2,1,,
4386,saya kenapa ya klo buka aplikasinya berat banget jadi susah kebukanya tolong dong perbaiki selebihnya okey,negative,Labeled NEGATIVE but has 2 positive keywords vs 1 negative,medium,2,1,,
4485,aplikasi tolol gaada gunanya pesen go food selalu gabisa dengan alesan mendeteksi pemakaian yang tidak biasa padahal sebelumnya aman saja ini mau bayar pulsa pascabayar juga gabisa padahal sudah ditop up gopaynya upgrade gopay plus juga gabisa bego banget sih sistem segera diperbaikilah cuma dapet email sedang diproses terus sudah pagi itu karyawan ngapain saja kerjanya kenapa komplain dari jam shubuh sampai jam tidak ada perbaikan gojek bego,negative,Labeled NEGATIVE but has 2 positive keywords vs 1 negative,medium,2,1,,
4615,sudah blnan ini gofood nya susah diakses alhasil lebih sering pake sh food setiap diakses selalu sedang ada perbaikan katanya ntar klw sudah bagus lagi naik lagi bintangnya soalnya saya pake gojek ya karena gofoodnya aje,negative,Labeled NEGATIVE but has 2 positive keywords vs 1 negative,medium,2,1,,
4646,jadi tidak jelas sejak ada privyid otp sudah di isi sesuai dengan yang masuk di sms tapi selalu di bilang tidak sesuai tolong di perbaiki terima kasih,negative,Labeled NEGATIVE but has 2 positive keywords vs 1 negative,medium,2,1,,
4772,saya tidak suka verifikasi link sangat merepotkan kode otp sudah cukup kuat kok gojek jagan bersifat pantang tak top dan mempersulit couatemer atau saya ambil alih ewalet saya ke pada ewalet lain trims,negative,Labeled NEGATIVE but has 2 positive keywords vs 1 negative,medium,2,1,,
4773,aplikasi sangat membantu tapi tolonglah itnya perbaiki jarak jemput jangan terlalu jauh kasian pelanggan nunggu lama dan kasian pengemudi juga boros bbm tadak sesuai pendapatan dan sering kena cancel ayu donk diperbaiki jangan cuma mikirin untung doank maksimalkan semuanya agar saling menguntungkan terimakasih,negative,Labeled NEGATIVE but has 2 positive keywords vs 1 negative,medium,2,1,,
4973,saya topup gopay setelah mau melakukan pembayaran belanjaan selalu gagal padahal kemarin kemarin bisa tapi kalo pembayaran goride berhasil mohon diperbaiki,negative,Labeled NEGATIVE but has 2 positive keywords vs 1 negative,medium,2,1,,
5144,terpaksa kasih bintang soalnya sistemnya tidak bagus klo saya perhatiin kenapa gojek yang ambil cs orang itu mulu bagaimana sama pengemudi yang lain yang gk kebagian saya coba kembali instal gojek lagi klo masih ttp orang itu juga terpaksa kembali ke grab lagi yang sangat bisa memuaskan cs,negative,Labeled NEGATIVE but has 2 positive keywords vs 1 negative,medium,2,1,,
5166,aplikasi baru di perbarui malah suka brenti layanan nya padahal lagi pesan gofood pesanan an yolanda gara gara brenti sendiri pesanan saya jadi di gagal x pesanan saya tolong di perbaiki,negative,Labeled NEGATIVE but has 2 positive keywords vs 1 negative,medium,2,1,,
6085,pencarian pengemudi tidak bagus dan suka ngelag,negative,Labeled NEGATIVE but has 2 positive keywords vs 1 negative,medium,2,1,,
6171,tidak bisa di butuh kan saat lagi butuh klo siang mah bro pergi saja sendiri pengemudi pada manja aplikasi nya suka eror kalo ujan dari jaman dulu tidak ad aperbaikan,negative,Labeled NEGATIVE but has 2 positive keywords vs 1 negative,medium,2,1,,
6248,maaf sebelumnya kurang bijaksana dalam menerima komentar customer yang tidak baik kepada pengemudi gocar yang mana belum tentu customer itu benar bukan apa saya cuma kasian kepada pengemudi gocar yang kena suspen karena komentar customer yang belum tentu customer itu benar bisa saja customer itu mengada ngada harusnya perusahaan mencari dulu kebenarannya jangan mendengar sepihak aja terima kasih,negative,Labeled NEGATIVE but has 2 positive keywords vs 1 negative,medium,2,1,,
6538,dear gojek tolong ya di perbaiki untuk bug nya dulu saya kasih bintang karena mudah banget sekarang banyak bug sehingga sulit di gunakan mau bayar pake gopay saja tidak bisa mulu malah terus di suruh milih metode pembayaran alhasil saya pake aplikasi lain mohon maaf ya saya turunkan bintangnya dulu sampai aplikasinya di perbaiki thanks,negative,Labeled NEGATIVE but has 2 positive keywords vs 1 negative,medium,2,1,,
6657,selalu kembali ke beranda pada saat selesai mengganti alamat yang dituju untuk melakukan pesan gofood ke kota lain dan ketika balik keberanda alamat yang tercantum masih lokasi pribadi selalu seperti itu apakah itu termasuk bug tolong di perbaiki karena saya ingin pesan gofood untuk teman saya fyi saya sudah mencoba berulang kali sejak kemarin kemarin terimakasih,negative,Labeled NEGATIVE but has 2 positive keywords vs 1 negative,medium,2,1,,
6859,kurang puas harus lebih diperbaiki dan di tingkatkan lagi,negative,Labeled NEGATIVE but has 2 positive keywords vs 0 negative,medium,2,0,,
7105,pas pesan makanan di gofood lambat banget makanannya jdi drivernya juga belum dicariin buang buang waktu sampe jam pesanan belum jadi juga udah gitu drivernya blum dicariin juga lebih suka gojek yang dulu dari pada yang sekarang suka bug juga padahal internet adabagus tapi di gojek ny katanya internet kamu mati aneh banget,negative,Labeled NEGATIVE but has 2 positive keywords vs 1 negative,medium,2,1,,
7114,dimantapkan lagi niat bekerja nya buat driver kebiasaan ilang ilang drivernya kalo perlu diperketat sihh kalo seandainya uda dapat pesanan diusahain selesaikan kalo tidak bisa ya kan bisa itikad baik nge chat konsumen kalo ada kendala ini tidak ada angin tidak ada hujan tiba tiba hilang yang tadi laper keburu beli sendiri mana sekarang tidak bisa di cancel mohon ditingkatkan lagi pelayanannya,negative,Labeled NEGATIVE but has 2 positive keywords vs 1 negative,medium,2,1,,
7299,saya pesan layanan gocar sulit sekali dapat drive nya ada beberapa yang bilang kalau aplikasi nya lagi eror jika memang eror tolong dibenahi secepat nya dong terima kasih,negative,Labeled NEGATIVE but has 2 positive keywords vs 0 negative,medium,2,0,,
7632,pas mau pakai gopay latter eehh malah di blokir padahal rutin bayar tiap bulan bagus up gopay pun sering tiap bulan buat bayar gopay latter nya uninstal saja ah pindah aplikasi sebelah moga lebih baik apk seblah,negative,Labeled NEGATIVE but has 2 positive keywords vs 0 negative,medium,2,0,,
7880,tolong bantuannya saya tidak bisa bayar saat pembeliyan tolong di perbaiki dan segera di perbaiki klo gini terus percuma kan saya sering bagus up klo tidak bisa di pakek klo sudh di perbaiki dan bisa di pakai lagi saya kasih bisngtang deh update sudah tapi tetep tidak bisa di coba berkali hasil nya tetep malah saya di tagih berkali kali,negative,Labeled NEGATIVE but has 2 positive keywords vs 1 negative,medium,2,1,,
7928,saya mau transfer lewat bank namun saldonya tidak mencukupi saya hanya mempunyai cash lalu teman saya menyarankan untuk memasukan uang lewat go pay lalu penarikan tunai namun tidak ada pemberitahuan atau notifikasi bahwa prosesnya memakan waktu x tolong uang itu sangat dibutuhkan dan tidak sedikit apabila tidak bisa mempercepat proses nya dihilangkan saja fiturnya saya menyesal,negative,Labeled NEGATIVE but has 2 positive keywords vs 1 negative,medium,2,1,,
8579,aku kasih bintang kenapa gojek sekarang bayak bug tolong perbaiki apk ini mau beli pulsa tidak bisa dan bagus up dm saja tidak bisa jadi mohon perbaiki lagi bug apk gejek,negative,Labeled NEGATIVE but has 2 positive keywords vs 1 negative,medium,2,1,,
8588,wah aplikasi ini bagus sekali walaupun tidak berguna karena saya tinggal di kampung hehe coba ditambahin ke pelosok pelosok biar lebih luas pelosok juga tidak mungkin sepi terima kasih tetap berjuang anak bangsa meskipun cuma membawa perubahan hehe,negative,Labeled NEGATIVE but has 2 positive keywords vs 1 negative,medium,2,1,,
8811,mohon d tingkat kan lagi pencarian drivernya klo pesan tolong yang dapat jangan pengemudi yang jauh dari lokasi penjemputan karena saya sebagai costumer harus nunggu lambat belum lagi macet apalagi klo hujan pdhal perlu banget klo pas hujan bisa dapat cepat dapat pengemudi yang dekat dan pesenan gofood lagi butuh butuhnya klo pas hujan terimakasih,negative,Labeled NEGATIVE but has 2 positive keywords vs 1 negative,medium,2,1,,
8868,lemot sekali loading saat buka aplikasinya payahh kalo bisa diperbaiki terimakasih,negative,Labeled NEGATIVE but has 2 positive keywords vs 1 negative,medium,2,1,,
8884,tolong perbaikan untuk masalah di type perangkatdevice rmx realme c versi android semenjak update terakhir sering terjadi force closebug crash tiba tiba layar terhenti pada saat pengoperasian menu di aplikasi terima kasih,negative,Labeled NEGATIVE but has 2 positive keywords vs 0 negative,medium,2,0,,
9192,tolong segera di perbaiki saya mau beli pls kenapa waktu mau bayar kode pin salah terus saya coba ganti pin baru tetep salah udah terlanjur topup,negative,Labeled NEGATIVE but has 2 positive keywords vs 0 negative,medium,2,0,,
9258,gojek aku error mohon di perbaiki secepatnya,negative,Labeled NEGATIVE but has 2 positive keywords vs 1 negative,medium,2,1,,
9351,app gojek ada trouble kah hari ini saya pesan jasa gocar dari keputih surabaya menuju ke menganti gresik tapi saya berkali kali ditelfon oleh beberapa pengemudi terhitung sampai pengemudi berbeda padahal hanya sekali ketuk untuk memesan mohon diperbaiki kembali sistem appnya karena bukan hanya pelanggan yang tidak nyaman namun pengemudi pun akan merasakan hal yang sama terima kasih,negative,Labeled NEGATIVE but has 2 positive keywords vs 1 negative,medium,2,1,,
9530,app nya bagus tapi pelayanannya kurang bagus beberapakali pesan drivernya tidak jujur pesan gofood juga saya bayar sesuai harga tapi begitu di cek pesanan tidak lengkap kasihan pengemudi yang kerjanya bagus jadi kena imbas gara mereka yang tidak jujur lain kali kalo sleksi calon harus lebih baik lagi terutama masalah etitude nya,negative,Labeled NEGATIVE but has 2 positive keywords vs 1 negative,medium,2,1,,
9987,tolong lah kenapa gojek saya eror terus sih mohon di perbaiki ini saya setiap mau melakukan pembayaran lewat go pay apk gojek saya selalu tidak bisa di gunakan tolong di perbaiki secepatnya,negative,Labeled NEGATIVE but has 2 positive keywords vs 1 negative,medium,2,1,,
10189,ini gojek kenapa lambat kali dapat drever ya padahal dah setengah jam lebih masuk pesanan tolong perbaiki aplikasinya padahal kami itu dah goresto kasihan yang pesan banyak dah di siapin malah drevernya belum dapat dapat klo dah bagusdi perbaiki aplikasinya saya kasih b,negative,Labeled NEGATIVE but has 2 positive keywords vs 1 negative,medium,2,1,,
10224,masukan buat gojek terutama fitur gofood tolong untuk resto dan makanan yang mengandung babi dan sejenis nya di beri tanda di aplikasi non halal karena banyak pelanggan yang agak bingung resto yang dipilih mengandung babi atau tidak terima kasih,negative,Labeled NEGATIVE but has 2 positive keywords vs 1 negative,medium,2,1,,
10602,kenapa titik lokasinya kenapa jarang akurat sih tolong di perbaiki lagi ya titik lokasinya kasihan drivernya muter nyari konsumenya makasih,negative,Labeled NEGATIVE but has 2 positive keywords vs 0 negative,medium,2,0,,
10660,maaf untuk kali ini saya memberikan bintang sebenarnya mau memberikan bintang tapi tidak jadi karena tadi pagi saya pesan grab tapi bukan yang sepeda motor tapi gocar tujuan saya untuk pesan gocar itu karena saya mau kerja setelah saya pesan gocar disitu sama sang pengemudi nya disuruh cancel sampai saya di pecat dari kerjaan tolong di perbaiki semuanya makasih,negative,Labeled NEGATIVE but has 2 positive keywords vs 1 negative,medium,2,1,,
10680,trimakasih gojek karena adanya gojek dapat mempermudah segala urusan dan para pengemudi nya jg sangat ramah tetapi masih ada yang kurang sopan dalam bahasa oh ya buat kalian yang nanyain dimana rating buat pengemudi karena sudah tidak ada masih ada ko tepatnya di pesanan yang diatas gambar note lalu klik kalian bisa memberi rating trimakasih,negative,Labeled NEGATIVE but has 2 positive keywords vs 1 negative,medium,2,1,,
10736,kenapa saya tidak bisa pilih metode pembayaran untuk topup di codashop ya tolong diperbaiki jika sudah saya tambahin bintangnya,negative,Labeled NEGATIVE but has 2 positive keywords vs 1 negative,medium,2,1,,
10781,mohon untuk aplikasi nya di perbaharui lagi masa saya dapat pengemudi jauh jauh padahal disekeliling banyak pengemudi lagi ngangur kan kasihan pengemudi harus jemput jauh jauh mohon untuk di perbaiki lagi terimakasih,negative,Labeled NEGATIVE but has 2 positive keywords vs 0 negative,medium,2,0,,
10935,makin kesini mau masuk ke gofood ajh loadingnya lamaa beneerr dikira belum update tapi udah jaringan bagus tetep ajh lemot mesti keluar beberapakali baru deh itu pun butuh waktu juga haduuh tolong di perbaiki,negative,Labeled NEGATIVE but has 2 positive keywords vs 1 negative,medium,2,1,,
11121,gojek kenapa setiap hujan suka eror dan susah sekali mencari driver semoga selanjutnya bisa lbh baik karena saya adalah pengguna fanatik saya cm pny app gojek tadinya sekarang saya pakai app kompetitor karena lbh jelas dan gampang dpt apalagi sudah bbrp kali ketemu pengemudi yang galak dan kurang sopan,negative,Labeled NEGATIVE but has 2 positive keywords vs 1 negative,medium,2,1,,
11198,banyak sekali penipuan atas namakan gojek dan tau identitasnya tolong dong diperbaiki sistem pengaman takut disalah gunakan data datanya sukses selalu,negative,Labeled NEGATIVE but has 2 positive keywords vs 0 negative,medium,2,0,,
11397,setiap pesan selalu dpt pengemudi jauh jauh terus jadi lambat sampenya beda dengan grab kita jg butuh kecepatan tlong dong sistemnya di bagusin,negative,Labeled NEGATIVE but has 2 positive keywords vs 1 negative,medium,2,1,,
11441,pernah dapat go jek yang curang tapi di laporan malah di tolak padahal pake aplikasi nya dah tahun bagaimana sih bohong kata nya persen yang kembali duh duh duh tapi klo yang lainnya oke bahkan ramah apalagi goret nya,negative,Labeled NEGATIVE but has 2 positive keywords vs 0 negative,medium,2,0,,
11642,nih apk makin kesni makin edan ongkir nya gilaan beda banget sama apk sebelah ongkir masih wajar banget klo buat food grab masih yang terbaik auto uninstal gojek byee,negative,Labeled NEGATIVE but has 2 positive keywords vs 0 negative,medium,2,0,,
11681,tidak ada masalah sama aplikasinya cuman ada masalah sama bbrapa driver yang kurang ramah mimik muka pada manyun d kasih tip bikanny senang malah kucem mukany ngga enak d lihat,negative,Labeled NEGATIVE but has 2 positive keywords vs 1 negative,medium,2,1,,
11732,banyak pengemudi kurang ramah di pontianak mana gofood suka di batalin lagi,negative,Labeled NEGATIVE but has 2 positive keywords vs 1 negative,medium,2,1,,
11914,mohon sering dilakukan perbaikan sistem karena saya sering sekali mengalami gangguan sistem saat melakukan transaksi sayang sekali klo orng sudah terlanjur suka sama aplikasi gojek trs kecewa karena sering terkendala,negative,Labeled NEGATIVE but has 2 positive keywords vs 1 negative,medium,2,1,,
12637,baru kali ini saya mau pesen goride pas dichat ditanya posisi dimana malah dibales diatas bumi kak hahaha oke boleh bercanda tapi ada porsinya ini sesang terjebak macet lagi buru banget malah gitu hmm tapi pelayanannya selalu memuaskan baru kali ini saja sedikit kecewa dengan drivernya,negative,Labeled NEGATIVE but has 2 positive keywords vs 1 negative,medium,2,1,,
12726,sudah pengajuan pengembalian dana sudah hampir hari tidak kembali dan di tlp tidak bisa di email juga tidak bisa sangat menyebalkan menggunakan apps ini tolong pelayanan harap di tingkatkan percuma iklan bagus kalo tidak sesuai pelayanan terima kasih,negative,Labeled NEGATIVE but has 2 positive keywords vs 1 negative,medium,2,1,,
13190,sangat tidak puas isi saldo gopay via bank saja tidak masuk masuk bagaimana ini harus nunggu x jam lagi tidak sesuai expektasi gopay ny bagus pake mbangking bank saya saja tidak masuk masuk,negative,Labeled NEGATIVE but has 2 positive keywords vs 1 negative,medium,2,1,,
13332,harga sangat mahal jadi maafkan saya bila saya memberi kalian peringkat seperti ini dan terima kasih buat semuanya karena sampai sekarang saya sangat suka pakai aplikasi ini jadi maafkan saya,negative,Labeled NEGATIVE but has 2 positive keywords vs 1 negative,medium,2,1,,
13398,tolong segera di perbaiki masalah di gopulsa saya mau transaksi pulsa selalu gagal akhirini tolong perbaiki terimakasih,negative,Labeled NEGATIVE but has 2 positive keywords vs 1 negative,medium,2,1,,
13591,nyaman kami sangat terbantu namun terkadang sedikit masukan pengemudi masih tidak tau jalan atau belum hapal dan belum paham menggunakan jps makasih,negative,Labeled NEGATIVE but has 2 positive keywords vs 1 negative,medium,2,1,,
13599,padahal saya pengguna lambat gojek tapi makin kesini malah makin eror suka keluar sendiri dari aplikasinya tolong dong min perbaiki ini kenapa bisa bgini,negative,Labeled NEGATIVE but has 2 positive keywords vs 1 negative,medium,2,1,,
13962,sangat sangat sangat tidak memuaskan awalnya sangat membantu tapi sekarang sangat tidak membantu saya sampai uninstal dan download lagi karena saya pikir eror tapi ternyata memang aplikasi ini di hp saya tidak bisa di pake karena setiap kali saya mencoba untuk memilih tujuan pasti muncul tulisan tidak tertera pada peta untuk pesan makanan pun tidak bisa terus bagaimana coba tolong perbaiki aplikasi ini seperti semula,negative,Labeled NEGATIVE but has 2 positive keywords vs 1 negative,medium,2,1,,
14006,ko akun saya sudah seminggu lebih tidak bisa di pake apa yah selalu setiap mau masuk aku pasti ada peringatan permintaan di tolak tolong dong perbaiki bagaimana caranya agar akun saya bisa berfungsi lagii terima kasih,negative,Labeled NEGATIVE but has 2 positive keywords vs 1 negative,medium,2,1,,
14498,baru tau gopay kalo belum bagus up harganya murah banget pas sudah bagus up sesuai harga eh jadi mahal harganya topup lagi gitu lagi terus saja gitu ahaha,negative,Labeled NEGATIVE but has 2 positive keywords vs 1 negative,medium,2,1,,
14539,kenapa versi terbaru nyaa sering eror minta tlg di perbaiki terimakasih,negative,Labeled NEGATIVE but has 2 positive keywords vs 0 negative,medium,2,0,,
14656,aplikasi nya si baguss tapi pas buat gofood apalagi gerimis cuman gerimis lo ya bukan hujan deras angin topan nunggu pengemudi jam tidak dapet padahal pilih tarif nya juga yang diatas reguler tapi masih tidak dapet pengemudi apa mungkin ongkos nya kurang pembagian nya yang dari aplikasi ke pengemudi makanya pas cuaca gerimis saja tidak ada yang mau ngambil karena ongkos tidak seberapa tolong di evaluasi perihal ini harusnya gofood bisa memudahkan disaat seperti ini,negative,Labeled NEGATIVE but has 2 positive keywords vs 1 negative,medium,2,1,,
14682,baik hanya saja kadang kalau mitra super tidak bisa pilih yang lain atau pasangan menu yang lain kura tidak suka yang super kadang permintaan tambahan tidak ditanggapi,negative,Labeled NEGATIVE but has 2 positive keywords vs 1 negative,medium,2,1,,
14699,sever benerin dulu setiap mau pesen go food selalu muter gajelas padahal sinyal sudah bagus terimakasih,negative,Labeled NEGATIVE but has 2 positive keywords vs 0 negative,medium,2,0,,
14745,ini apaan dah lokasi sulit ditentukan padahal gps nyala sinyal oke gitu gitu terus sudah ku restart masih sama padahal ini mau beli buat berbuka keluarga terimakasih gojek sudah membuat keluargaku kecewa sama aku,negative,Labeled NEGATIVE but has 2 positive keywords vs 1 negative,medium,2,1,,
14832,dear gojek mohon untuk tidak menyebarkan nomer customer hal ini sangat mengganggu tolong diperbaiki sistem kalo misalkan menghubungi saat pesanan berlangsung okelah ini pesanan sudah berakhir tetapi ojol bisa save nomer customer dan mengganggu seenaknya tolong diperbaiki kinerja,negative,Labeled NEGATIVE but has 2 positive keywords vs 1 negative,medium,2,1,,
15482,aplikasi nya ada bug nya saat saya sudah memesan lalu pindah ke aplikasi lain saat kembali lagi ke go jek malah terpesan lebih dari pengemudi tolong gojek diperbaiki sekian terimakasih,negative,Labeled NEGATIVE but has 2 positive keywords vs 0 negative,medium,2,0,,
15497,mantap tanpa ribet bawa keranjang ke pasar tenteng capek beli ini beli itu cuman satu menu doang ngapain ribet ambil hp pesan go jek semua ada jalan apapun gunakan aplikasi go jek saja sukses go jek,negative,Labeled NEGATIVE but has 2 positive keywords vs 1 negative,medium,2,1,,
16073,sering cari pengemudi dan butuh cepat disekitar ada banyak driver eehh pas pesan dapetnya pengemudi yang jauuh krn takut telat saya cancel pesan lagi dapat lebih jauh tolong dong diperbaiki aplikasinya kita pesan pasti pengennya cepet dapet klo ada yang dekat kenapa kita dikasih yang jauh apa untungnya kebijakan seperti ini buat konsumen banyak konsumen yang mengalami hal seperti ini tolong diperbaiki ya aplikasinya,negative,Labeled NEGATIVE but has 2 positive keywords vs 0 negative,medium,2,0,,
16429,teruntuk pt karya anak bangsa mohon diperbaiki dong untuk sistemnya jadi gini saya pesan makanan tapi saya lupa liat harga dan sayapun batal pesanan saya sebelum mendapatkan driver lalu saya pesan makanan yang sama dan saat pengantaran makanan saya bingung kenapa pesanan saya yang datang ada kenapa jadi double pesan gini kenapa yang saya batal awal tadi masih terus berjalan mohon diperbaiki lagi terima kasih,negative,Labeled NEGATIVE but has 2 positive keywords vs 1 negative,medium,2,1,,
16878,kurang update bugs makin kesini makin tidak bagus jaringan saya bagus cm aplikasi lo saja tidak beres updatenya perbaiki saldo gopay saya msh ada,negative,Labeled NEGATIVE but has 2 positive keywords vs 1 negative,medium,2,1,,
17787,saya pesan goride sedang dlm proses mengantar lalu saya buka aplikasi tidak bisa di buka keterangan nya aplikasi sudah di nonaktifkan dan harus di perbarui menurut saya itu mengganggu ya harus di perbarui sementara status pesanan pengemudi sedang mengantar pesanan misal pesan untuk orang lain kita tidak bisa pantau dan tidak tenang kecuali sudah selesai pesanan oke lah update saya benar merasa terganggu untuk ini mohon perbaiki sistem nya,negative,Labeled NEGATIVE but has 2 positive keywords vs 1 negative,medium,2,1,,
17827,banyak pengemudi gocar yang tidak suka terima komplainan waktu di kalimantan barat pernah sampai ada yang datang ribut ke rumah perusahaan gojek harus lebih bisa me manage pengemudi gocar dengan baik apalagi yang tidak tau diatur bahkan dijakarta ada gocar dengan plat palsu kacau,negative,Labeled NEGATIVE but has 2 positive keywords vs 1 negative,medium,2,1,,
18080,aplikasi tolol ini gua bagus up di indomaret kenapa tidak masuk ya harus nunggu hari kerja gila kali gua butuh duitnya kocak biasanya juga langsung masuk mau topup saja harus verifikasi mulu padahal sudah aktifin bca oneklik nyusahin gua aja,negative,Labeled NEGATIVE but has 2 positive keywords vs 1 negative,medium,2,1,,
18349,setiap kali saya pindah kota app gojek tidak bisa buat pesen saya mau tulis tujuan saya blank putih abis itu kembali ke menu awal begitu seterus nya sinyal bagus update juga sudah tapi tetep gitu mulu kenapa ya makasih,negative,Labeled NEGATIVE but has 2 positive keywords vs 1 negative,medium,2,1,,
18888,overall baik tapi kadang ada pengemudi yang menjengkelkan dan kurang ramah,negative,Labeled NEGATIVE but has 2 positive keywords vs 0 negative,medium,2,0,,
19532,lambat soal transfer gopay proses nya mohon di perbaiki terimakasih,negative,Labeled NEGATIVE but has 2 positive keywords vs 1 negative,medium,2,1,,
19685,terlalu lambat dalam mencari pengemudi tolong perbaiki terimakasih,negative,Labeled NEGATIVE but has 2 positive keywords vs 1 negative,medium,2,1,,
20026,setiap kali pesen gocar pasti dicancel terus drivernya kebanyakan alasan nyuruh batal saja mb jadi pengemudi tuh yang niat ngapain diterima ordernya klo ujung nya dicancel juga tolong pihak gojek perbaiki secepatnya,negative,Labeled NEGATIVE but has 2 positive keywords vs 1 negative,medium,2,1,,
20086,min kenapa saya tidak bisa mendaftar padahal akun nomor telpon sudah bener semua tp kenapa tidak dapat kode masuk otp tolong perbaiki lagi jika sudah baru kukasih bintang lagi thanks,negative,Labeled NEGATIVE but has 2 positive keywords vs 1 negative,medium,2,1,,
20135,mohon perbaiki kualitas aplikasi jgn upgrade terus sedangkan persi yang baru ttp bermasalah jadi percuma upgrade jika aplikasi ttp tidak ada perubahan atau perbaikan terimakasih,negative,Labeled NEGATIVE but has 2 positive keywords vs 1 negative,medium,2,1,,
20214,tidak suka dengan biaya peningkatan kualitas dan ongkir yang terus naik selain itu juga voucher saya semenjak ke retas pada hilang lali saya laporkan melalui aplikasi harus upload bukti ketika upload bukti gaada fitur upload album foto setelah itu saya telepon lewar call center ketika baru dijelaskan sebentar malah langsung dimatikan teleponnya sangat menyesal akhir akhir ini saya menggunakan gojek tolong perbaiki yang benar jangan hanya tarifnya saja yang dibebankan ke kita,negative,Labeled NEGATIVE but has 2 positive keywords vs 1 negative,medium,2,1,,
20490,pada saat mau mengkonfirmasikan akun bank agar bisa di tarik via atm tidak bisa di klik kolom kirim mohon diperbaiki membingungkan customer antara tidak bekerja sama dengan bank yang dipilih atau bagaimana saya bingung makasih,negative,Labeled NEGATIVE but has 2 positive keywords vs 1 negative,medium,2,1,,
20590,all service baik tapi sayang nya untuk registrasi gofood di app gobiz selalu sulit tidak bisa di submit dan seringkali di saat pengisian data harus mgulang lagi pegisiannya karena tiba hilang mohon diperhatikan terimakasih,negative,Labeled NEGATIVE but has 2 positive keywords vs 1 negative,medium,2,1,,
223,masih bingung bagaimana cara yang pas buat pesen gojek agar tidak salah alamat tempat tujuan soalnya masih belum begitu phm aplikasi gojek yang sebenarnya kadang sering dimarahin sama kang gojek nya karena salah tempat an sebelumnya maaf sebenarnya sich mudah banget klu sudah punya aplikasi gojek mau kemana saja ada yang nganterin tpi kenapa salah mulu caranya mau pesen ada yang mau bantu jelasin nggk terimakasih,neutral,"Labeled NEUTRAL but has strong sentiment (pos:1, neg:3)",medium,1,3,,
246,pakbuk admin kenapa sekarang pesanan susah dan banyak pengemudi yang tidak ke deteksi lokasi nya lalu untuk versi trus naik tetapi pesanan makin sepi apakah kalian keteteran selama di tinggal pak nadiem kalo iya tolong lah minta solusinya dari beliau kenapa sistem nya jadi hancur kami rakyat kecil hanya bisa pasrah dengan keadaan sekarang yang gacor ya gacor dan yang sepi hanya jadi penonton kami juga punya keluarga yang harus di beri kebutuhan untuk hidup pakbuk tolong lah kami,neutral,"Labeled NEUTRAL but has strong sentiment (pos:0, neg:3)",medium,0,3,,
1016,min saya ingin bertanya apakah kalau menggunakan voucher pengemudi tidak mau pick up karena jarak yang jauh saya memesan gocar hemat dengan voucher namun ketika mendapatkan driver pengemudi tidak berkenanan menjemput dengan alasan terlalu jauh titik jemputnya saya hingga x melakukan batal pesan karena pengemudi alasannya begitu semua sehingga ketika sekarang saya mau cari pengemudi lagi butuh waktu lebih lambat dan susah untuk bukti ss an chat saya ada terimakasih,neutral,"Labeled NEUTRAL but has strong sentiment (pos:1, neg:4)",medium,1,4,,
1138,tidak pernah dapat pengalaman bagus pake gojek pengemudi jauh lah pengemudi tidak datang sudah ditungguin padahal posisi map sudah deket banget dari harga juga lebih mahal daripada aplikasi sebelah heran dah padahal katanya app asli merah putih tpi kualitas kurang bersaing,neutral,"Labeled NEUTRAL but has strong sentiment (pos:1, neg:3)",medium,1,3,,
1570,aplikasinya bagus membantu juga tapi fitur chat ke ojolnya kenapa tidak bisa ah padahal mau nambah pesan pas mau di batal juga tidak bisa ah baru kali ini mengecewakan,neutral,"Labeled NEUTRAL but has strong sentiment (pos:1, neg:3)",medium,1,3,,
1606,salam buat go jek team izinkan saya menyampaikan sedikit masukkan bagi go jek team khususnya bagi yang beroperasi diwilayah bukittinggi sumatera barat terkait layanan go send saya biasa mengirim bekal makan anak ke sekolah dengan layanan go send jarak tempuh diaplikasi terlihat km biasanya saya membayar rp namun minggu terakhir tarifnya naik menjadi rp saya konfirmasi ke driver kata mereka tidak masuk akal klo naik dengan angka bombastis begitu biasanya klo naik pun cuma atau saja saya coba bandingkan dengan go send ke tempat lain yang biasa saya tuju juga nilainya tidak berubah sama sekali masih seperti biasa jadi ada yang aneh dan kurang logis demikian masukkan dari saya semoga ke depannya go jek semakin sukses dengan layanan yang semakin baik terima kasih,neutral,"Labeled NEUTRAL but has strong sentiment (pos:3, neg:1)",medium,3,1,,
1858,aplikasi bagus pengemudi nya buruk kl tidak sanggup nerima pesan diem saja tlp tidak diangkat message tidak di bales berharap kita yang membatalkan mungkin harus ada sanksi atau apa lah supaya gax seenaknya,neutral,"Labeled NEUTRAL but has strong sentiment (pos:1, neg:3)",medium,1,3,,
2047,alamat saya susah di tentukan ya padahal sudah ketik alamat yang jelas tetep saja tidak muncul nyari lewat peta juga bgtu,neutral,"Labeled NEUTRAL but has strong sentiment (pos:0, neg:3)",medium,0,3,,
2223,kalo ada masalah tentang gopay cs nya lambat balas keluhan loading aplikasi lamanya suka eror kalo order ada limit cashback tapi fitur nya tidak da,neutral,"Labeled NEUTRAL but has strong sentiment (pos:1, neg:3)",medium,1,3,,
2373,mau buka layanan gofood susahh banget di keterangan server error terus kalau mau buka goride oke go car oke mau buka go food doank ni tunggu berjam jam tidak kebuka apk nya kecewa,neutral,"Labeled NEUTRAL but has strong sentiment (pos:1, neg:4)",medium,1,4,,
2828,aplikasi ini cukup membantu tapi saya ada kecewa karena ada restoran cepat saji yang tidak bisa dibatalkan setelah membuat pesanan dalam sekian detik padahal itu terjadi tidak sengaja kepencet dan gojeknya pun belum jalan karena ini merugikan saya sebagai customer dan juga gojeknya yang harus tetap membeli pesanannya alhasil saya harus tetep membeli pesanan meski tak sesuai dengan estimasi dan lokasinya yang berbeda mungkin bisa dibenahi untuk diberi waktu membatalkan sblum psanan dibeli thanks,neutral,"Labeled NEUTRAL but has strong sentiment (pos:2, neg:4)",medium,2,4,,
3045,bintang dulu sebagai tanda terima kasih sudah sering dpt diskon kurang bintang karena ketika aku lagi susah khujanan lagi waktu plg sekolahberangkat tidak pernah dapet gojek jadi sering terlambat deh,neutral,"Labeled NEUTRAL but has strong sentiment (pos:1, neg:3)",medium,1,3,,
3263,bulan ini saya kecewa terhadap go food dan go ride yang kerap tidak mau dengan banyak alasan pesan go food dengan gopay sampai x br ad yang belikan pesan goride menggunakan gopay jg kerap mnt di batalkan sudah tidak spt dulu lg saat ini saya akhirnya pindah ke tetangga yang lbh cepat bahkan selisi lebih murah,neutral,"Labeled NEUTRAL but has strong sentiment (pos:1, neg:3)",medium,1,3,,
3629,tolong dong untuk gofood pembatalan pesan diperbaiki lagi kedepannya misal dikasih waktu menit setidaknya karena ketika tidak sengaja untuk melakukan pembelian pesanan terus ingin membatalkan pesanan lagi sudah tidak bisa karena cepatnya proses waktu pembatalan pesan tersebut sebelumnya terimakasih dan mohon segera diperbaiki yaa,neutral,"Labeled NEUTRAL but has strong sentiment (pos:3, neg:2)",medium,3,2,,
3784,benar benar mengecewakan drivernya menunggu lambat dalam keadaan panas dan balita juga bawaan belanja tiba tiba di batalkan begitu saja padahal sudah nego tarifnya jadi nambah walau uangnya sedikit setidaknya beri tahu dlu jika mau membatalkan agar jelas alasannya dan saya tidak menunggu lagi,neutral,"Labeled NEUTRAL but has strong sentiment (pos:0, neg:4)",medium,0,4,,
3791,susah banget cari pengemudi sekalinya sudah dapet malah main batalin saja tidak ada konfirmasi juga plis donk bikin custamer nyaman pakek aplikasi ini,neutral,"Labeled NEUTRAL but has strong sentiment (pos:0, neg:3)",medium,0,3,,
4256,sekarang suka otomatis ke klik pesanan pdhal belum d klik mau masukin vocher atau apa tiba malah otomatis di pesan kan pernah d batalin tiba pengemudi dtg marah merusak nilai pengemudi katanya wajr lah aku batalin sistem nya yang salah sudah ng klik sendiri aneh ternyata baca ulasan yang lain pny pengalaman yang sama jg pernah gofood jg otomatis ky gini mau d batalin sudah tidak bs,neutral,"Labeled NEUTRAL but has strong sentiment (pos:1, neg:5)",medium,1,5,,
4370,lumayan bagus tapi buruk nya sistem tidak peka kalau pesan goshop sudah tau dibatalin karena pengemudi tidak cukup bawa uang pesan lagi malah pilih pengemudi itu lagi,neutral,"Labeled NEUTRAL but has strong sentiment (pos:1, neg:3)",medium,1,3,,
4441,aplikasi yang sangat membantu tapi sangat mengecewakan juga karena banyak pengemudi yang sering minta dicancel susah dapet driver dan kadang harga tidak sesuai aplikasi karena kondisi jalana n yang diluar dugaan mohon tingkatkan lagi pelayanan agar sama sama nyaman dan saling menguntungkan,neutral,"Labeled NEUTRAL but has strong sentiment (pos:0, neg:3)",medium,0,3,,
4481,kalau untuk go food nya kadang suka bikin sedih lagi laper banget di kantor terus pesan gofood eh drivernya tidak mau anter sampai atas padahal minta tlg karena saya kerjanya itu terbatas di waktu untuk turun ke loby susah kadang suka berfikir apa gunanya ada go food kalau antar makanan sampai tujuan saja pengemudi nya suka minta di batal karena tidak mau anter ke kantor padahal kalau lihat di iklan di bioskop sampe ke atas pohon kuntilanak pesan go food saja di aterin hehe,neutral,"Labeled NEUTRAL but has strong sentiment (pos:1, neg:3)",medium,1,3,,
4734,kenapa pencairan insetif prakerja lambat prosesnya tolong donk di perbaiki lagi agr kami puas trimakasih,neutral,"Labeled NEUTRAL but has strong sentiment (pos:3, neg:1)",medium,3,1,,
5013,untuk gofood ya semenjak pesanan langsung konfirmasi resto terkait sekarang sering mendapat masalah dengan kesalahan pesanan saya dan pengemudi tidak mau tau dengan pesanan yang salah tersebut seandainya ada cara untuk komplain langsung ke resto mungkin lebih baik jadi jika ada kesalahan pesanan atau pesanan kurang bisa langsung di perbaiki terkadang saat kita pesan gofood itu karena mau makan atau pengen sesuatu tapi dengan pesanan yang salah jadi ribet sana sini,neutral,"Labeled NEUTRAL but has strong sentiment (pos:1, neg:3)",medium,1,3,,
5630,kenapa sekarang tidak ada go market padahal sangat membantu sekali go market jadi kita bisa belanja yang dekat situ di go shop agak susah mesti tulis alamat lagi,neutral,"Labeled NEUTRAL but has strong sentiment (pos:0, neg:3)",medium,0,3,,
5680,makin kesini makin kecewa sama app gojek resto yang jelas cuma sekilo dari rumah berubah jadi kiloan naikin ongkir tidak gtu jg kali min dan sekarang suka nunggu lama pernah jam lebih saya menunggu gofood tidak dapat driver,neutral,"Labeled NEUTRAL but has strong sentiment (pos:1, neg:3)",medium,1,3,,
6080,terkadang aplikasi nya kek nge bug gtu padahal pengemudi nya dekat tpii saya tidak di kasih cepat padahal hari baguss loo tidak ada hujan tolong di perbaiki min,neutral,"Labeled NEUTRAL but has strong sentiment (pos:3, neg:1)",medium,3,1,,
7381,untuk pesan mc d hati y gabisa dibatalin jadi mesti dipastikan dlu klo mau beli mc d uda gitu kenapa sih mc d pake makanan lagi disiapin segala bikin rugi aja mau bayar pake gopay malah kepencet tunai gabisa dibatalin gopay sih banyak tapi gaada cash mau tidak mau minjem temen deh,neutral,"Labeled NEUTRAL but has strong sentiment (pos:0, neg:3)",medium,0,3,,
7554,tidak pernah sekecewa ini dengan aplikasi gojek aplikasi akhir ini sering banget lemot belum diklik promo tiba sudah diterima saja pesanan oleh resto dan tidak bs dibatalkan mana pesanan besar lg promosi br bs diklik ketika harga saldo sebesar harga sebelum promosi,neutral,"Labeled NEUTRAL but has strong sentiment (pos:0, neg:3)",medium,0,3,,
7647,gofood sangat membantu saya suka dengan promosi dan go club dengan harta karunnya tapi akhir ini mengecewakan harta karun yang ditawarkan tidak menarik malah ada yang promosi yang tidak ada penjualnya lha bagaimana ini apakah itu promosi bodong program loyalitasnya diperbaiki lagi costumer yang loyal itu susah lho carinya apalagi sekarang banyak alternatifnya,neutral,"Labeled NEUTRAL but has strong sentiment (pos:2, neg:3)",medium,2,3,,
7700,kpd gojek yth kenapa akun saya di gobiz pawon dhe ram tiba dinonaktifkan memang sebelumnya ada kesalahan apa terhadap akun saya atau mungkin makanan saya mendapat rating buruk dari pelanggan yang tidak menyukai saya padahal sebelumnya akun saya dengan pelanggan tidak ada yang bermasalah mohon bersifat profesional sebelum menonaktifkan akun mohon maaf kalau ada kata yang tidak pantas terimakasih,neutral,"Labeled NEUTRAL but has strong sentiment (pos:1, neg:3)",medium,1,3,,
8322,apk sudah lumayan bagus tapi ada kekurangan yang saya alami berulang ulang pada topup saldo sering kendala saldo tidak masuk dan waktu penanganan selama hari sebaik nya jgn terlalu lama untuk waktu penanganan cukup menit atau menit saja,neutral,"Labeled NEUTRAL but has strong sentiment (pos:3, neg:2)",medium,3,2,,
8545,sebenernya bagus c harga lmyn standar kadang sering ada voucher tapi yang bwt saya kurang kl abis batal kenapa gopay nya lambat banget baliknya ya jadi kalo pas lagi pasan saldonya tidak bs mesen ulang apalagi pas tidak bawa uang bwt bayar tunai dan kl bs paylater nya bs utk goridegocar jg jgn gofood saja,neutral,"Labeled NEUTRAL but has strong sentiment (pos:1, neg:3)",medium,1,3,,
8573,beberapa bulan terakhir ini pesanan saya baik kendaraan atau mobil yang jemput saya selalu jauh diaplikasi sering terbaca sekitar mnt dtgnya bs mnt jd lama katanya mencarikan yang terdekat tapi kenapa jauh saya tanya pengemudi mrk juga heran sering dapat pesanan yang jauh sehingga mereka sering minta pelanggan untuk mbatalkan karena jarak tempuh jemputan yang jauh kadang tidak sebanding dengan jarak yang diantar tolong pihak admin gojek perbaiki pelayanannya agar benar mencarikan yang terdekat tks,neutral,"Labeled NEUTRAL but has strong sentiment (pos:1, neg:3)",medium,1,3,,
8827,buat gojek tolong segera perbaiki sistem setiap mau pesan kadang susah dapat driver padahal di sekitar saya banyak pengemudi yang mangkal kadang di aplikasi nya juga tidak muncul driver malah kadang dapatnya pengemudi jauh dr saya padahal kadang saya pengen cepat terimakasih,neutral,"Labeled NEUTRAL but has strong sentiment (pos:3, neg:2)",medium,3,2,,
9230,secara keseluruhan apk ini bagus cuma hari ini saya disuruh memperbarui tapi malah tidak bisa dan berulang notifikasi kesalahan tambahan satu lagi sekarang kalau pesan gojek kenapa agak susah ya drivernya banyak alasan lokasinya kejauhan atau harus bagus up biar poinnya memenuhi padahal penumpangnya lagi tidak ada uang buat bagus up trus kalo penumpangnya tidak bisa bagus up ehh minta di batal aja begitu di cancel kan aku juga jujur dong itu permintaan driver ehh si drivernya malah marah marah dan minta tolong jangan di centang atas permintaan driver bagaimana saya tidak sedikit terganggu trus di itung itung setiap kali pesan gojek dari kampus ke rumah selalu tidak pernah kurang dari kali,neutral,"Labeled NEUTRAL but has strong sentiment (pos:1, neg:5)",medium,1,5,,
9359,apk nya bagus tapi sekarang kalo mau mau cari drivernya suka lambat padahal lagi buru buru kadang lokasi pengemudi terlalu jauh pengemudi suka tiba tiba batal tidak ada kabar walaupun pake fitur prioritas tetep saja tidak dapet dapet tolong diperbaiki banyak pengemudi di sekitar tapi kenapa pencarian pengemudi nya sangat lama saya juga pernah dapat pengemudi yang tiba tiba marah tidak ada pelayanan ramah,neutral,"Labeled NEUTRAL but has strong sentiment (pos:4, neg:5)",medium,4,5,,
9557,pesan nya dekat dari rumah tpi malah selalu dpt pengemudi yang jauh di tambah pesanan dak bisa di batalin lagi mau cepat malah jadi lambat belum lagi pengemudi nya tidak mau ambilin karena jauh lokasi,neutral,"Labeled NEUTRAL but has strong sentiment (pos:1, neg:3)",medium,1,3,,
9611,buat transportasi nya bagus tapi klo buat gofood kurang banget karena sudah ditunggu sejam ttpi tidak kunjung berubah juga statusnya disuru nggu berjam akhirnya harus dibatalin kejadian nya tidak sekali dua kali saja tapi sering sayang banget ya padahal saya pengguna gojek banget tapi kecewa sama layanan gofood nya,neutral,"Labeled NEUTRAL but has strong sentiment (pos:1, neg:3)",medium,1,3,,
10150,lumayan membantu saya sering pake karena gampang topupnya tapi pertimbangkan tes para driver sering saya dapet pengemudi yang kayanya tidak tau apa apa tentang aplikasi seringnya gagal baca maps yang paling parah pengemudi jemputnya di titik tujuan hari ini dapet yang tidak bisa edit pesanan go food padahal gopay saya masih ada tidak dipotong dari situ aja mana cuma seribu tolong pengemudi dites dulu okelah baru asalkan lulus uji bintang dulu ya,neutral,"Labeled NEUTRAL but has strong sentiment (pos:2, neg:3)",medium,2,3,,
10570,akhirnya aplikasi ini jadi bukan prioritas lagi setelah sll dikecewakan di probolinggo saat urgent sll eror aplikasi tidak tersedia ya masih saja selalu lambat mendapatkan pengemudi dan sll yang jauh nda seperti b cepat ternyata potongan harganya di b selalu ada di gojek nga tau bagaimana perhitungannya kadang ada kadang nga ada beberapa kali setiap scan qris suka saja bermasalah makasih ya gojek sukses selalu,neutral,"Labeled NEUTRAL but has strong sentiment (pos:4, neg:3)",medium,4,3,,
10755,maaf kemana nih alamatnya untuk customer complain masalahnya saya baru pakai layanan paylater pakai kali tok yang ke dan ke saya coba lagi pakai paylater tapi gopay saya kepotong dan tagihan paylater saya totalnya pemakaian tersebut bagaimana sih mohon bantuannya dong dicek ulang saya tidak mau rugi lo,neutral,"Labeled NEUTRAL but has strong sentiment (pos:0, neg:3)",medium,0,3,,
10876,tolong perbaiki aplikasi dan beri fitur saran terbaik dimana harus naik dan turun gojek setelah pesanan yang gagal gojek tidak bisa akses ke alamat yang d tentukan pemesan,neutral,"Labeled NEUTRAL but has strong sentiment (pos:2, neg:3)",medium,2,3,,
10960,tolong algoritma penentuan pengemudi diperbaiki lagi soalnya sering pesen makanan tapi drivernya jauh dari resto sudah jauh pengemudi tidak langsung gerak menuju resto estimasi waktu tiba seenak jidat kecepatan dalam pelayanan itu penting setidaknya ketepatan kalo tidak bisa cepet jangan buat estimasi tiba dalam menit gw nungguin jam lebih masbro tolong ya terimakasih,neutral,"Labeled NEUTRAL but has strong sentiment (pos:3, neg:1)",medium,3,1,,
11212,tolong untuk verifikasi e ktpnya dipermudahkan sudah berkali kali gagal tidak tau kesalahannya dimana foto e ktp sudah jelas tidak blur foto selfie juga sama tolong untuk pihak gojek di permudahkan kembali terimakasih,neutral,"Labeled NEUTRAL but has strong sentiment (pos:1, neg:3)",medium,1,3,,
12009,pas beres ujan cari pengemudi susah dapetnya bukan pas ujan lho tapi selesai hujan padahal si doi ada di sepan mata tapi tetep tidak ketarik hampir menit tidak nyangkut dapetin itu driver akhirnya pake ojol sebelah yang harganya lebih mahal padahal tadinya aku beralih ke gojek tarifnya lebih murah tapi pas momen ujan beres ujaan udahlah jangan berharap dapetin cepet smoga system gojek kedepan nya makin oke ya,neutral,"Labeled NEUTRAL but has strong sentiment (pos:1, neg:3)",medium,1,3,,
12111,setiap login ada notif ya internet mati padahal buka semua aplikasi lancar coba di perbaiki lagi bugnya jangan malah dihitung melakukan kesalahan terus disuruh coba mnt lagi pas di klik selengkapnya malah ada tulisan server sedang padat merayap seakan akan lepas tangan dan tidak mau ribet gitu padahal saya buka aplikasi di pagi pagi buta,neutral,"Labeled NEUTRAL but has strong sentiment (pos:1, neg:3)",medium,1,3,,
12414,terus terang pembaruan demi pembaruannya bikin pake gojek nya jadi tidak enak risih terlalu ribet dan yang jelas jadi lemot lebih suka tampilan lambat yang simpel tapi mantep,neutral,"Labeled NEUTRAL but has strong sentiment (pos:1, neg:3)",medium,1,3,,
12729,masih sering kecewa pas pesen mknan trus salah alamat tpi tidak bisa ganti alamat pdhal belum jalan pas komplain emang dikasih solusi tpi sama saja tidak guna bangedt keeceewaa banget nget pas disitu untung drever nya baik mau disuruh,neutral,"Labeled NEUTRAL but has strong sentiment (pos:1, neg:3)",medium,1,3,,
12758,tolong semua pengemudi nya lebih sopan lagi waktu itu saya pesen kebab monster dan saya sudah bilang bapak nya untuk ngikutin detail alamat dan jangan ikutin maps karena yang di maps itu alamat nya beda karena alamat asli nya tuh tidak ada pas di cari tpi bapak gojek nya malah marah ke saya karena dia ngikutin maps padahal sudah saya suruh buat ngikutin detail alamat bukannya maps,neutral,"Labeled NEUTRAL but has strong sentiment (pos:0, neg:3)",medium,0,3,,
13053,jadi kesal si saya penguna baru sudah kali pesan makanan tapi selalu ngak dapat pengemudi dan hasil nya pembatalan pemesanan pdhal sudah nunggu berjam jam dan tidak bisa komplen ke tokoh awal nya sering beli makanan pakek hp temen hasil nya bagus bagus saja kenapa kena ke saya penguna baru susah amat dah,neutral,"Labeled NEUTRAL but has strong sentiment (pos:1, neg:4)",medium,1,4,,
13075,bner kecewa kmren salah satu angka nomer jadi salah topup dan pihak gojek tidak ada solusi sama sekali seenggaknya kasih solusi jika harus buka akun pakai nomer yang salah topup itu kode otp dikasih ke kita jangan dikirim ke nomer tersebut begitu setidaknya solusinya tidak ada org yang sempurna setiap org psti pernah melalukan kesalahan,neutral,"Labeled NEUTRAL but has strong sentiment (pos:2, neg:3)",medium,2,3,,
13095,kenapa siih gojek makanan suka lambat banget dapat drivernya butuh waktu hampir menit dulu tidak kek gitu deh paling menit paling lamanya kemaren pernah hampir jam tidak dapat driver mau di batalin kagak bisa tolong doong gojek perbaiki lagi,neutral,"Labeled NEUTRAL but has strong sentiment (pos:2, neg:4)",medium,2,4,,
13352,kecewa go food hari minggu tidak ada yang ngambil ada yang ngambil tapi langsung dibatalkan sudah keburu lapar juga udh bagus up juga pake gopay,neutral,"Labeled NEUTRAL but has strong sentiment (pos:1, neg:3)",medium,1,3,,
13647,tolong dong ini susah banget mau cht pengemudi malah tidak bisa terus padahal notif dri pengemudi masuk tpi tidak bisa ngebuka nnti salah paham lagi klo lngsung batalin,neutral,"Labeled NEUTRAL but has strong sentiment (pos:0, neg:3)",medium,0,3,,
14019,alamak mahalnyoo berkali kali beli gacoan di sini ongkir ribu sudah gojek plus tetap tidak ada potongan sudah waktunya unsubscribe gojek plus karena hampir gaada bedanya dari gojek biasa,neutral,"Labeled NEUTRAL but has strong sentiment (pos:0, neg:3)",medium,0,3,,
14075,gojek sekarang lemot banget ya loading nya lambat banget bahkan sampai gagal berkali kali padahal wifi dirumah stabil stabil aja coba buka aplikasi lain juga lancar jaya tolong dong lebih di tingkatkan lagi saya suka kesal sendiri dan sering banget tidak nafsu lagi kalo mau pesen gofood karena kelamaan load,neutral,"Labeled NEUTRAL but has strong sentiment (pos:1, neg:5)",medium,1,5,,
14220,gojek kenapa sekarang ginii banget yaa padahal udaa dr lambat pke apk inii sy mauu pesen mlah gada yang ngmbil pesanan saya trs padahal di dket stuu bnyk gojek yang diem disna udaa di batal bbrp kli coba lgii ttp sj tidak adaa yang ngmbil padahal jg saya gapake voucher tapi ttp saja tidak ad yang mengambil lain kli lebih profesional ya utamakan penumpang,neutral,"Labeled NEUTRAL but has strong sentiment (pos:0, neg:3)",medium,0,3,,
14226,untuk gojek mungkin ada saran bisa tambahin fitur chat kepada resto di gofood karena sy pribadi sering berpengalaman saat pesan kepencet atau lupa menambahin jadi saat waktu pesan tidak bisa di batal jadi mungkin diadakannya fitur tersebut dapat membantu para pengguna lain seperti saya terima kasih,neutral,"Labeled NEUTRAL but has strong sentiment (pos:1, neg:3)",medium,1,3,,
14291,selama nie saya lbh nyaman semenjak ada gojek tpi saya kecawa untuk yng prtma kalinya saya tidak bisa meng batal pemesanan bkn karena saya slh pesan tetapi menu yang saya pesan sudah habis saya kcwa bngt,neutral,"Labeled NEUTRAL but has strong sentiment (pos:0, neg:3)",medium,0,3,,
14415,kak ini masukan dari saya berdasarkan pengalaman tolong untuk rute map diperbaiki lagi kak di awal itu sudah tepat tapi ketika drivernya jalan itu di tengah map nya berubah dan malah ambil jalur yang lebih jauh dri jalur awal otomatis pengemudi yang belum kenal jalan nya tetap ngikutin itu maps kak kasian saja sama pengemudi nanti bakal lebih jauh ambil jalannya makasih sukses terus gojek,neutral,"Labeled NEUTRAL but has strong sentiment (pos:4, neg:1)",medium,4,1,,
14647,sudah lambat aku tidak pake gojek ini aku aktifin lg pengalamanku pake gojek ok sih cm klo lagi laper suka lambat dtgnya,neutral,"Labeled NEUTRAL but has strong sentiment (pos:1, neg:3)",medium,1,3,,
14881,kalau pesanan habis dibatalkan oleh pengemudi pastinya apps akan meminta pengguna untuk pesan ulang dan anehnya alamat pemesanan pertama yang sudah benar bisa berubah sendiri ketika pesan ulang suka kesal karena dianggap salah memberi alamat padahal berubah sendiri di apps nya,neutral,"Labeled NEUTRAL but has strong sentiment (pos:1, neg:3)",medium,1,3,,
15055,aplikasinya bagus sih tapi lambat kelamaan jadi tidak ada promosi,neutral,"Labeled NEUTRAL but has strong sentiment (pos:1, neg:3)",medium,1,3,,
15250,di update terus bukannya bagus tapi koq malah buruk ya ada voucher gofood tapi pas mau pesen harganya tidak berkurang tetep pake harga normal pdhal ada vouchernya tidak kaya biasanya nih gofood kecewa deh,neutral,"Labeled NEUTRAL but has strong sentiment (pos:1, neg:3)",medium,1,3,,
15271,gps sering tidak pas sama titik pengemudi jadi malah komplain ke kita selaku pemesan sering juga pesan gofood sudah on gps titik anter malah alamat kita yang lain yang kebetulan ke save ribet kalo buru kan suka lupa cek tapi gps on mestinya langsung saja di lokasi kita berada,neutral,"Labeled NEUTRAL but has strong sentiment (pos:1, neg:3)",medium,1,3,,
15463,sebaiknya pesanan dibatalkan tetap ada all resto tanpa terkecuali menit setelah psn atau pengemudi belum ambil pesanan karena kadang ada kesalahan yang tidak disengaja pengalaman pribadi smntra milih resto liat lokasi yang dkt dr alamat tapi tiba ada telfon masuk selesai kmbali ke menu kan yang tadi dliat tersimpan terus hp loading kepencet sendiri pesan mau klik batalkan tidak bisa jadi ongkir lbh mhl dr mkanan pesanan tidak boleh dibatalkan pas pesanan sudah diantarkan atau diperjalanan itu baru bijak,neutral,"Labeled NEUTRAL but has strong sentiment (pos:1, neg:4)",medium,1,4,,
15837,yth gojek saya beli jas hujan di gojek rb belum dua minggu reslitingnya sudah rusak sedangkan saya beli di pinggir jln sudah belum masih bagus masih nyaman di pake maksudnya gojek kan perusahaan gede jangan jual jas hujan yang ecek dong kasihan mitra anda beli mahal di pake dua minggu rusak kalo tidak ada mitra yang rela kehujanan kepanasan gojek tidak jadi perusahaan gede seperti sekarang,neutral,"Labeled NEUTRAL but has strong sentiment (pos:1, neg:3)",medium,1,3,,
15865,suka sama promonya gasuka sama pelayanan customer nya komplain gabisa kirim duit padahal sudah premium tanggapan tidak memuaskan bls emailnya lama pengen nelpon cs males banget ngabisin pulsa tolong diperbaiki,neutral,"Labeled NEUTRAL but has strong sentiment (pos:3, neg:2)",medium,3,2,,
16595,ini kenapa ya pesanan sampe sejam belum di anterin dibatalin tidak bisa alamat sudah sesuai pihak resto jg tidak ngehubungi,neutral,"Labeled NEUTRAL but has strong sentiment (pos:0, neg:3)",medium,0,3,,
16829,kadang ada go jek yng marah tidak ketemu alamat aneh emng tidak bisa lihat kah lokasi kita di hp nye tetapi tidak semua si ade juga yang baik tiap ada promosi di wa kan terimakasih sandra go jek sering nongkorng di gama,neutral,"Labeled NEUTRAL but has strong sentiment (pos:2, neg:3)",medium,2,3,,
16932,sekarang cari pengemudi ny kelamaan coba klo di gofood cepat banget menit pun tidak sampe giliran di goride lambat bngett bahkan sampe tidak dapat driverr sudah dicoba sampe berapa kali pun masih tetap gitu tolong ditingkatkan lagi pembagian drivernya terimakasih,neutral,"Labeled NEUTRAL but has strong sentiment (pos:2, neg:3)",medium,2,3,,
16939,tolong ya utk iklan apapun tentang gojek jgn pernah muncul lg karena sangat mengganggu apalagi ketika saya sedang chat nonton youtube dll tanpa di adanya iklan gojek saya sudah tahu bahwa gojek aplikasi terbaik yang selalu saya pakai mohon perhatian nya terimakasih,neutral,"Labeled NEUTRAL but has strong sentiment (pos:3, neg:0)",medium,3,0,,
17107,mohon maaf sebelum nya saya mau komplen masalah transaksi pakai gopay saya belanja di alfamart dng total dan saldo saya sekitar dan ketika saya mau bayar pakai gopay di aplikasi keterangan sukses dan saldo saya sudah terpotong tetapi transaksi di alfamart nya gagal atau tidak berhasil pertanyaan saya apakah saldo saya bisa kembali yang sudah terpotong sdgkan tidak berhasil di transaksi alfamart nya mohon di cek dng cepat terimakasih,neutral,"Labeled NEUTRAL but has strong sentiment (pos:3, neg:2)",medium,3,2,,
17708,selama ini tidak mengecewakan banget tapi pernah kecewa di tolak karena rush hour,neutral,"Labeled NEUTRAL but has strong sentiment (pos:0, neg:4)",medium,0,4,,
17807,klo menurut q gojeg membantu sekali tpi kadang bikin kesal juga antara penjemputan agak lambat pesan makanan tidak sesuai jdi harus nya confrim dulu sama yang pesan tpi sejauh ini ok,neutral,"Labeled NEUTRAL but has strong sentiment (pos:0, neg:3)",medium,0,3,,
17832,saya suka dengan gojek dari dulu karena pelayanan drivernya sat set tidak pernah batal selalu bisa tapi sekarang drivernya itaitu banyak alesan apalagi pas hujan aduh buruk tidak ada driver apa munkin tidak ada bonus apa karena tarif murah yang diperoleh bapak drivernya,neutral,"Labeled NEUTRAL but has strong sentiment (pos:1, neg:3)",medium,1,3,,
17942,semoga pengemudi bisa memberikan pelayanan yang lebih baik salah satu pengalaman kurang menyenangkan buat saya adalah permintaan customer utk pick up di titik jemput yang sebenarnya tidak terlalu jauh dri titik di aplikasi karena kondisi kesehatan customer yang tidak berjalan jauh harusnya bisa dimaklumi oleh driver sejauh pengalaman saya menggunakan gojek ada saja mitra pengemudi yang seperti ini saya sedikit kecewa semoga kualitas pengemudi nya bisa ditingkatkan lagi,neutral,"Labeled NEUTRAL but has strong sentiment (pos:1, neg:3)",medium,1,3,,
17983,apaan langganan gojek plus malah jadi mahal tarifnya sana saja kaya tidak pake promo malah rugi yang belum langganan gausa langganan aja vc banyak di gosend saya kan butuhnya goride malah vc dikit banget,neutral,"Labeled NEUTRAL but has strong sentiment (pos:0, neg:3)",medium,0,3,,
18183,baru saya update saya beri rating yh lihat ulasan teman byk yang kecewaketidakpuasan tapi mudahn next memberikan yang terbaik buat pelanggan ehh tolol sudah gua update tapi pas buka ko masih pengen di update lagi sh waduh gax beber nieh saya turunin lh ratingnya jadi,neutral,"Labeled NEUTRAL but has strong sentiment (pos:3, neg:2)",medium,3,2,,
18411,untuk custamer mohon maaf saya sebagai pengemudi sudah bekerja dengan cepat baik sebisa mungkin jika ada yang bilang pengemudi terlalu jauh ini karena sistem perataan jadi ni adalah system barunya kami mohon maaf untuk tidak memberikan kami report karena alasan kami terlalu lambat karena kita hanya mitra yang merubah formasi seluruhnya hanya aplikasi dan pihak yang berwenang di pusatnya semakin system seperti ini diperlanjut akan smakin banyak yang kecewa entah dari pengemudi custamer nya,neutral,"Labeled NEUTRAL but has strong sentiment (pos:2, neg:3)",medium,2,3,,
18505,terima kasih dan sukses selalu gojek saya senang menggunakan gojek karena selama ini yang saya temui gojek mau menerima pengemudi dengan kebutuhan khusus dan itu akan memberikan harapan mata pencaharian berpotensi untuk mereka dan hidup lebih baik tapi yang mengesalkan adalah pengemudi fiktifnya diestimasi tiba cuma menit giliran ditunggu jam tidak sampe sampe camcel x pindah grab lgsg dapat,neutral,"Labeled NEUTRAL but has strong sentiment (pos:4, neg:2)",medium,4,2,,
18713,gojek makin lambat makin mahal yaa jrg banget dapet voucher harga jga makin mahall ngisi gopay atau tidak sama aja trus apa gunanya ngisi gopay pertama dulu murah banget smp kasihan ama drivernya kalau terlalu murah ehh sekarang malah mahal banget jrg ada promosi lagi jdi pengen unfolow saja,neutral,"Labeled NEUTRAL but has strong sentiment (pos:0, neg:3)",medium,0,3,,
18728,agak kecewa sih sekarang sama gopay karena tidak maksimal kayak dulu sering ada notif yahh internet mati lah tidak dapet sinyal lah padahal kondisi sinyal full dan internet lancar kalo gini terus jadi rugi kadang transaksi double ngelamain juga harus reset terus tolong diperbaiki ya gopay layanannya sudah bagus lumayan lengkap jangan karena masalah dalam transaksi gini malah jadi buruk ratenya dan pada pindah platform lain terima kasih,neutral,"Labeled NEUTRAL but has strong sentiment (pos:3, neg:5)",medium,3,5,,
18818,peta dan alamat tidak sesuai posisi saya di jln kedung rukem gang surabaya tapi di aplikasi gojek alamatnya bulak rukem bisa di cek di gmaps mohon segera di perbaiki biar tidak ada yang di rugikan dari pihak customer maupun driver thanks terus maju dan berkembang gojek,neutral,"Labeled NEUTRAL but has strong sentiment (pos:2, neg:3)",medium,2,3,,
18969,dulu aku secinta itu sama gojek apa gojek mau kemana saja gojek tapi sekarang udha tidak terlalu karena kadang nunggu lamagak maslah lah namanya juga pakai gojek hemat padahal jaraknya cuma dekat tapi harganya mahal,neutral,"Labeled NEUTRAL but has strong sentiment (pos:0, neg:3)",medium,0,3,,
19098,mohon maaf ini ya kalo gabisa di batalin dari pembeli setidaknya bisa dibatalin dari driverresto buat nolong pembeli yang tidak sengaja pesan tapi salah alamat seperti kejadian saya hari ini saya tau ini kecerobohan saya tapi saat mencoba melaporkan masalah ke pihak gojek pun tak ada jalan keluar,neutral,"Labeled NEUTRAL but has strong sentiment (pos:0, neg:3)",medium,0,3,,
19242,saat ini pengalaman berkali kali di batal hanya karena posisi pengemudi jauh sementara saat psan byk yang lewat depan mata ato posisi mrk ada tidak jauh dari kita pemesanan tapi tidak ada yang dapet justru yang jauh umumnya kita menggunakan aplikasi gojek karena ingin cepat tuk ke tujuan klo sampe berulang kali wktu sudah abis akhirnya terlambat ke tmpat tgs dan pengemudi dengan seenak ya minta di batalin utk apa mrk bekerja dan mo mnjadi gojek online inilah aplikasi gojek saat ini beda dengan di awal,neutral,"Labeled NEUTRAL but has strong sentiment (pos:1, neg:4)",medium,1,4,,
19653,jika bisa adakan fitur membatalkan pesanan jadi biar tidak ribet kadang suka tidak sengaja ke pejet pesan gabisa di batalkan emang saya saya yang salah tapi mau tidak mau bakal ribet kalau bisa adakan fitur tunggu selama detik untuk mengkonfirmasi pesanannya jadi kita bisa lihat dalam detik pesanannya bisa di batalkan ngerti ga setelah detik di pesan sudah tidak bisa di batalkan lagi menurut saya segitu lumayan,neutral,"Labeled NEUTRAL but has strong sentiment (pos:1, neg:4)",medium,1,4,,
19679,aku kasih bintang dulu dari pengalaman tiap buka apk ini suka keluar dengan sendiri nya pernah lagi urgent apk nya tidak bisa di andalkan kalo susah di buka ya kadang keluar terus huhuhu,neutral,"Labeled NEUTRAL but has strong sentiment (pos:1, neg:3)",medium,1,3,,
19769,aplikasi nya tolong diperbaiki lagi kadang suka error lokasi pengemudi bisa stuck jadi tidak tau pengemudi nya sudah sampe mana alamat yang dicantumkan bisa berubah sendiri padahal sudah diatur dengan benar,neutral,"Labeled NEUTRAL but has strong sentiment (pos:2, neg:3)",medium,2,3,,
20374,saya sangat suka aplikasi ini bnyak membantu apalagi saya mitra mapan yang bekerja sama dengan gojek dr mulai bayar arisan pembelian pulsa token dan mapan martblibli dan bulan ini yang bikin saya kecewa kenapa gopaylater saya di block alasannya ada aktivitas yang tidak wajar dan trnyata banyak teman saya mengalami hal yang sama hampir grup akun gopaylater di block karena ada aktivitas yang tidak wajar mnurut saya ini aneh tolong di perbaiki sistemnya karena kami pengguna setia gojek,neutral,"Labeled NEUTRAL but has strong sentiment (pos:3, neg:2)",medium,3,2,,
20375,pesan gofood yoshinoya yang dikirim tidak sesuai sama pesanan sy dan yang dikirim pesanan yang harganya lebih murah tidak ada struk jg sudah saya kirim email keluhan tidak ada respon dan tiba laporan saya dengan no keluhan saya ditutup gitu aja sungguh buruk pelayanan gojek buat keluhan laporan beda bgd sama grab food yang sgt fast respon klo ada pesanan salah dan dana langsung dikembalikan harap teliti untuk beli gofood jgn sampai ada kesalahan yang membuat anda rugi,neutral,"Labeled NEUTRAL but has strong sentiment (pos:0, neg:4)",medium,0,4,,
20504,kadang suka kecewa sama abangnya emng klw pesan tidak ada pemberitahuan lokasi apa sudah d konfrim nanti minta di batalin alasan lokasi terlalu jauh,neutral,"Labeled NEUTRAL but has strong sentiment (pos:1, neg:3)",medium,1,3,,
15,semua bagus cm ada kendala di update terbaru yang tidak bisa di update dengan ketrangan kesalahan sistem,positive,Labeled POSITIVE but has 2 negative keywords vs 1 positive,medium,1,2,,
105,sangat membantu kondisi susah tempat parkir mobil saat laper tapi mager tinggal pesan gofood mendadak pulsa ponsel kosong tidak perlu repot cari diluar,positive,Labeled POSITIVE but has 2 negative keywords vs 0 positive,medium,0,2,,
129,buruk akh mahal ongkir mending beli mixue beli makan dtg langsung saja guys praktis murah tinggal bagi rezeki ke tukang parkir supaya idup berkah panjang umur amin,positive,Labeled POSITIVE but has 2 negative keywords vs 0 positive,medium,0,2,,
307,sangat membantu banget aplikasi gojek ni hidup kita menjadi lebih mudah praktis tidak ribet luar biasa pokoknya dah,positive,Labeled POSITIVE but has 2 negative keywords vs 0 positive,medium,0,2,,
308,sudah bagus tolong di pertahankan hanya punya saran custemer gojek yang sudah lama lebih di perhatikan misalnya kasih voucher setiap berapa kali penggunaan aplikasi contoh nya x make dapat diskon k untuk di pakai bisa goride bisa gofood karena saya perhatikan akun gojek yang baru punya anak saya di kasih harga lebih murah dr pada saya yang sudah lambat make gojek ayo lah sayangi custemer yang sudah lambat dan loyal dengan gojek,positive,Labeled POSITIVE but has 2 negative keywords vs 1 positive,medium,1,2,,
345,tolonglah buat para customer gojek bijaklah dalam memberi rating jangan kesalahan dari resto tapi kasih bintang buruk ke driver tugas pengemudi hanya mengantar pesanan bukan memasak atau menyiapkan pesanan driver hanya memastikan pesanan sudah sesuai dan lengkap kalo memang ada yang kurang baiknya hubungi pengemudi kembali supaya di selesaikan masalahnya jangan asal langsung kasih bintang buruk ke driver karna sebelum mengantar pengemudi pasti sudah pastikan kalo pesanannya sudah lengkap,positive,Labeled POSITIVE but has 2 negative keywords vs 1 positive,medium,1,2,,
355,aplikasi yang sangat amat menolong saya terima kasih lebih ditingkatkan jaminan keselamatan pelayanan nya dan jangan di mahalkan ongkosnya,positive,Labeled POSITIVE but has 2 negative keywords vs 1 positive,medium,1,2,,
446,dear gojek bagi saya penawaran untuk go point sudah tidak menarik lagi dari pada gopoint saya sia sia tidak kepake lagi mending buat donasi saja saya iklas kok donasi seperti palu atau selamatkan satwa laut tolong banget gopoint bisa dipake untuk donasi juga,positive,Labeled POSITIVE but has 2 negative keywords vs 0 positive,medium,0,2,,
460,sudah di updat kenapa malah tidak bisa pesen go food ya tulisannya aktifkan lokasimu terus padahal jelas lokasi sudah aktif dan satu lagi sekarang ini pengemudi selalu minta offline dengan berbagai alasan apa itu tidak berdampak pada akun saya ketika pengemudi sudah sampai menjemput dan menyuruh saya untuk membatalkan pesanan agar jadi offline,positive,Labeled POSITIVE but has 2 negative keywords vs 0 positive,medium,0,2,,
562,banyak diskon serba ada cocok utk yang mau irit tapi gamau ribet mungkin sedikit saran untuk gofood ditambahin label halal atau non halalnya biar tidak banyak yang salah beli,positive,Labeled POSITIVE but has 2 negative keywords vs 0 positive,medium,0,2,,
570,kenapa ada yah tukang gojek yang tidak pake atribut lengkap kaya jacket helm flat nya juga beda pas di tanya katanya itu aplikasi punya sodaranya yang punya aplikasi nya lagi kerja klo kaya gitu kan jadi kurang meyakinkan agak sedikit takut juga sihh tapi syukurlah sampe rumah dengan selamat,positive,Labeled POSITIVE but has 2 negative keywords vs 0 positive,medium,0,2,,
590,tidak bisa menjemput ke alamat lengkap saya,positive,Labeled POSITIVE but has 2 negative keywords vs 0 positive,medium,0,2,,
613,dengan adanya gojek gocar sangat mempermudah perjalanan sedangkan untuk gofood tidak susah cari makan kirim barang pun bisa pakai gosend dan belanja ada gomart serta masih yang lainnya pokoknya sekarang teknologi makin canggih dan praktis so gunakan terus ya guys,positive,Labeled POSITIVE but has 2 negative keywords vs 0 positive,medium,0,2,,
631,saya pesan grabcar lokasi yang saya tuju cumang km tapi tiba pas mau di klik kilometer nya berubah jadi km alhasil harganya selangit jadi rb kenapa tiba bisa berubah gitu sih kilometer nya mohon penjelasannya gojek terus dpt point juga jlek banget skarang makin sedikit nominal angka yang keluar di tambah pilihan nya voucher semua tidak ada hadiah real nya lagi tidak kaya dulu promonya juga makin lambat makin sedikit diskon grab apa car nya,positive,Labeled POSITIVE but has 2 negative keywords vs 0 positive,medium,0,2,,
639,sebaiknya gojek itu tidak perlu memberi bonus voucher kepada pelanggan karena drivernya dipalembang ini selalu membtalkan pesanan kalau pake voucher saya sampe x pesan go ride selalu dibatalkan dengan banyak alasan yang jauhlah tolong drivernya itu kalau memang tidak mau terima pesanan mending suruh tidur saja dirumah,positive,Labeled POSITIVE but has 2 negative keywords vs 1 positive,medium,1,2,,
670,selamat pagi akun gojek customer saya setelah di update tidak bisa dibuka di hp ini tapi di hp lain bisa sudah email tapi belum ada tanggapan lagi mohon segera perbaiki versi tidak cocok di hp saya,positive,Labeled POSITIVE but has 2 negative keywords vs 1 positive,medium,1,2,,
712,map untuk go car nya kenapa tidak sesuai dengan di google map ataupun waze ya alamatnya beda blok dengan yang seharusnya,positive,Labeled POSITIVE but has 2 negative keywords vs 0 positive,medium,0,2,,
827,bagus banyak promo banyak vocher juga tapi semakin sering pake semakin mahal itupun jaraknya sama tidak berubah,positive,Labeled POSITIVE but has 2 negative keywords vs 1 positive,medium,1,2,,
848,dear pt gi note bahwa utk pengiriman produk gosend reguler dengan kurir gokilatsameday sebaiknya sbelum user mengklik pesan ada baiknya tertera aturan samday yang mana di dalamnya beruba dimensi dan berat barang yg tujuanya utk menghindari pengiriman yang overload dan barang beresiko seperti aquarium cermin kue apalagi barang kulkas bs saja itu terjadi yang mudah rusak spy user tidak asal klik jasa kiriman yang wajar karena kalo barang beresiko tersebut dikirim pake jasa same day yang tanggung jawab driver,positive,Labeled POSITIVE but has 2 negative keywords vs 1 positive,medium,1,2,,
853,sebenarnya saya pelanggan setia gojek baik gokar atau gofood sygnya sekarang semuanya terlalu mahal jadi saya lbh banyak menggunakan aplikasi lain voucher mknan jg tidak banyak membantu tetap jatuhnya mhl,positive,Labeled POSITIVE but has 2 negative keywords vs 1 positive,medium,1,2,,
950,pelayanannya ramah aplikasinya mudah tidak ribet,positive,Labeled POSITIVE but has 2 negative keywords vs 1 positive,medium,1,2,,
1073,alhamdulillah sangat membantu upgrade gopay plus nya tidak lambat mudahn lancar tidak ada kendala buat pencairan prakerja nya terima kasih,positive,Labeled POSITIVE but has 2 negative keywords vs 1 positive,medium,1,2,,
1080,ku kira go send klw kirim kena potongan k ternyata tidak bisa rugi k gua tidak tau caranya klw ada komplain ku komplain belum dipakai voucher nya mau coba pakai lewat tokopedia tidak tau caranya,positive,Labeled POSITIVE but has 2 negative keywords vs 0 positive,medium,0,2,,
1108,promonya udan tidak pernah mnarik klo bikin resto bikin saja tidak usah ngilangin voucher gofood yang lain bikin resto rasa standar harga mahal voucher gomart juga tidak pernah nempel lagi padahal sering saya pakai voucher itu,positive,Labeled POSITIVE but has 2 negative keywords vs 0 positive,medium,0,2,,
1123,tagihan sudah dibayarkan saldo gopaylater full tapi pas mau dipake buat bayar tagihan selalu gagal padahal jaringan bagus dicoba lagi gabisa lagi sampe di instal ulang aplikasi tetap saja gabisa apasih maunya kalo sudah tidak niat ngasih gopaylater ya gausah ditampilin,positive,Labeled POSITIVE but has 2 negative keywords vs 1 positive,medium,1,2,,
1165,fitur di aplikasi tidak ribet mempermudah bagi yang gaptek,positive,Labeled POSITIVE but has 2 negative keywords vs 0 positive,medium,0,2,,
1183,ada kesalahan dalam pembayaran di driver dikira nya lokasi total harga nya jadi pas ke lokasi kedua bayar double padahal niat hati mau bayar lebih buat fee drivernya nah di apk sudah total semuanya padahal setelah itu komplain di halaman bantuan jam saldo kelebihan di balikin terimakasih banyak atas pelayanannya,positive,Labeled POSITIVE but has 2 negative keywords vs 1 positive,medium,1,2,,
1209,duh cinta banget sama aplikasi lokal tidak mau beralih ke app lain soalnya pesen gofood saja sampe jam padahal jaraknya cuma km an mana tidak bisa di cancel saldo sudah kepotong sudah telepon cs di halaman bantuan ngabisin banyak pulsa buat cancel pihak cs gojeknya cuma maaf saja tidak ada solusi lain selain nunggu benar membantu good job pake banget,positive,Labeled POSITIVE but has 2 negative keywords vs 0 positive,medium,0,2,,
1261,kerja aplikasinya lambat bngt kelamaan loading padahal jaringan bagus bagus saja,positive,Labeled POSITIVE but has 2 negative keywords vs 1 positive,medium,1,2,,
1436,jadi customer gojekgofood bertahun tiba tidak dapet promosi gofood lagi saya tanya pusat bantuan katanya ada pelanggaran promo saya tanya pelanggarannya dmana saya merasa tidak melakukan pelanggaran saya pesan seperti biasa cuma dijawab tidak bisa bantu saya si gpp tidak dapet promosi gofood lagi cuma jangan seenaknya tuduh orang melakukan pelanggaran tanpa menjelaskan pelanggaran yang dimaksud jeleknya complain pake chat gt ngasal saja jawabnya diminta jelaskan malah diulang jawabannya,positive,Labeled POSITIVE but has 2 negative keywords vs 0 positive,medium,0,2,,
1545,akun saya di bekukan batere hp saya dan saya buru buru pesen sudah dapet dan tidak lambat hp saya mati dan belum sempat ketemu driver akhirny saya naik ojek biasa mohon bantuanny,positive,Labeled POSITIVE but has 2 negative keywords vs 0 positive,medium,0,2,,
1550,sekarang gofood banyakan biaya printilannya biaya bungkus biaya penanganan biaya aplikasi jadi mahalan biayanya drpd harga makanannya main payah kalau goride dan gocar bagus krn mempermudah transportasi,positive,Labeled POSITIVE but has 2 negative keywords vs 1 positive,medium,1,2,,
1582,semakin lambat semakin tidak enak menggunakannya padahal saya pengguna setia gojek sekrang harga bisa berubah ubah dari sebelumnyakalau lebih murah sih gapapad uda gitu aku dapat voucer gratis potongan potongan tapi tetep saja tidak bisa digunakan saya kira karena belum update ke versi baru ehh ternyata tidak juga pas uda di update malah dapat potongan cuma ya kalau boleh jujur sebagai mahasiswa kan pengennya harga murah gitu,positive,Labeled POSITIVE but has 2 negative keywords vs 0 positive,medium,0,2,,
1597,menurut saya aplikasi ini membantu saya menjadi resseler selama saya pakai tidak ad masalah namun kadang agak staklag mungkin karena android saya namun jika bisa dibenari mohon di sempurnakan lagi saya gunakan aplikasi ini untuk berjualanresseler untuk fitur gopulsa tolong nominal saldo pulsa di tambah yang k di setiap kartu kalau bisa untuk fitur lainnya belom tau sekian,positive,Labeled POSITIVE but has 2 negative keywords vs 1 positive,medium,1,2,,
1599,pembayaran gopaypinjam lancar sampai lunas giliran mau pinjam lagi pas konfirmasi selalu muncul tampilan oops ada yang salah dan disuruh balik ke halaman utama gitu terus sampe budekk sudah kirim email tapi belum teratasi juga sampe sekarang malah laporan ditutup solusi tidak dikasih masalah juga tidak selesai anehh,positive,Labeled POSITIVE but has 2 negative keywords vs 0 positive,medium,0,2,,
1626,awalnya nyaman pakai gojek sekarang tidak lagi pelit kasih voucher pakai mode hemat dimaki pengemudi padahal mode hemat di gojek biayanya masih lebih mahal ketimbang apk sebelah,positive,Labeled POSITIVE but has 2 negative keywords vs 0 positive,medium,0,2,,
1680,sudah lebih dari kali lebih entah beli di alfagift beli reksa di bibit sudah pilih klik promosi waktu mau bayar dan ada keterangan cashback tapi cashback tidak pernah masuk aplikasi buruk,positive,Labeled POSITIVE but has 2 negative keywords vs 0 positive,medium,0,2,,
1704,kecewa berat sih belanja tengah malam pake gomart karena ada voucher gratis ongkir pas sampe di lokasi ada beberapa barang yang tidak ada padahal di aplikasi masih ada stock nya kaya di sengaja gitu tidak diadain lalu secara tidak langsung biar voucher gratis ongkit dengan minimal belanja itu tidak kepake alhasil bayar ongkir bengkak wkwkwk sumpah licik tidak lagi lagi saya pake nih aplikasi titik paling kecewa banget ama aplikasi ini malem kalo tidak niat ngasih voucher gausah ngasih,positive,Labeled POSITIVE but has 2 negative keywords vs 0 positive,medium,0,2,,
1733,sangat membantu mobilitas semoga uinya bisa lebih ditingkatkan supaya tidak cluttered selamat mergernya dengan tokopedia tempo hari semoga semakin memajukan karya anak bangsa t,positive,Labeled POSITIVE but has 2 negative keywords vs 0 positive,medium,0,2,,
1758,semua nya bagus untuk aplikasi nya yang kurang hanya di ojek nya saja yang kadang jemput kelamaan di hubunggi tidak bisa dan sms cuma di baca kesel,positive,Labeled POSITIVE but has 2 negative keywords vs 1 positive,medium,1,2,,
1829,sangat membantu buat kami kaum berkebutuan qusus divable apalagi sekarang banyak promonya yaah klu tidak pinter nyiasati ya lama akan kalah saing dengan aplikasi transportasi yang ln,positive,Labeled POSITIVE but has 2 negative keywords vs 0 positive,medium,0,2,,
1853,sekarang kenapa cari drivernya agak lambat ya kadang sampai mnit tp kadang juga cepat cuma sering lamanya,positive,Labeled POSITIVE but has 2 negative keywords vs 1 positive,medium,1,2,,
1883,tidak bisa bagus up di indomart yang muncul metode pembayarannya cuman bank jago dan lewat kartu kredit dari bank lainnya bikin ribet saja,positive,Labeled POSITIVE but has 2 negative keywords vs 1 positive,medium,1,2,,
1909,bagus terpercaya satu koreksi dari saya mohon ada pilihan tambah pesanan ketika pengemudi masih menuju restoran karena dengan begitu akan memudahkan bagi customet yang ingin tambah porsi dan tidak merugikan driver karena pengemudi sendiri masih dalam perjalanan,positive,Labeled POSITIVE but has 2 negative keywords vs 1 positive,medium,1,2,,
2012,buat manajemen gojek kalo laganan voucher emang diskon nya itu yang fair aza diskon rb tp dpt nya cuma rb kalo di hitng kami cuma dpt diskon rb loh pliz kita nih beli voucher juga bayar lo bukan gratis lagi pula hrga makanan juga uda di tambah jadi makasi sblm nya kalo di perbaiki karena jujur kecewa banget apalagi kami ini pekerja sapa sih tidak mau hemat dan tolong kalo tidak brani jgn buat promosi ya sorry kalo ada kata yang salah,positive,Labeled POSITIVE but has 2 negative keywords vs 1 positive,medium,1,2,,
2067,masalah belum selesai main tutup aja bilangmya nanti di email sudah ganti bulan tidak ada email apa pun chat cs di twitter sudah seminggu tidak dibales telpon juga jawabnya cuma baik kak baik kak kalian makin kesini makin parah beda sama sebelah yang kalo komplain via apps saja gercep nanggapinnya kalian ada customer komplain sampe mau sebulan masih tidak ditanggapin wkwkwk inget inget saja kalo sebelah masih hidup promonya juga makin mantep kalian tuh butuh customer untuk tetap berjalan,positive,Labeled POSITIVE but has 2 negative keywords vs 1 positive,medium,1,2,,
2124,aplikasi sangat membantu hanya saran kalau bisa carikand pengemudi yang lebih dekat dengan titik penjemputan agar customer tidak menunggu lambat terima kasih,positive,Labeled POSITIVE but has 2 negative keywords vs 1 positive,medium,1,2,,
2190,keseringan pengemudi tidak mau narik kl kejauhan ambil sendiri batalin sendiri sampai kali jadi habis waktu unt tunggu yang mau narik,positive,Labeled POSITIVE but has 2 negative keywords vs 0 positive,medium,0,2,,
2222,bagus tapi saat kalo go food sebagian tidak ada gambar jadi agak buruk milihnya kalo bisa semua pilihan ada gambar dipertingkatkan lagi ya gojek,positive,Labeled POSITIVE but has 2 negative keywords vs 1 positive,medium,1,2,,
2226,sampai saat ini saya pake app ini masih aman aja semoga seterusnya tetap aman dan tidak ada kendala apapun atau bahkan sampe menerima kerugian,positive,Labeled POSITIVE but has 2 negative keywords vs 0 positive,medium,0,2,,
2320,oke aplikasi ini tidak terlalu ribet menggunakannya menunya jelas dan lengkap sangat membantu melakukan transaksi yang saya butuhkan,positive,Labeled POSITIVE but has 2 negative keywords vs 1 positive,medium,1,2,,
2358,pembayaran sih mudah tp tiap mau belanja di alfamart pagi bilangnya tidak bsa nunggu jam terus malem jam bilangnya sudah closing coba dong diperbaiki lagi gopaynya mau belanja mudah jadi ribet,positive,Labeled POSITIVE but has 2 negative keywords vs 1 positive,medium,1,2,,
2390,minta tolong diaktifkan lagi untuk mode hemat gratis nya paling tidak seminggu sekali ini akan lebih menarik minat orang untuk pesan go food oh ya uadmin nya minta tolong di delete note batal salah pencet nya yaa agar tidak membuat bingung driver tolong dibantu ya min terima kasih,positive,Labeled POSITIVE but has 2 negative keywords vs 1 positive,medium,1,2,,
2437,selama menggunakan aplikasi ini saya merasa sangat nyaman karena sikap drivernya pada ramah semua dan juga tidak pernah terjadi masalah dengan pesanan saya,positive,Labeled POSITIVE but has 2 negative keywords vs 1 positive,medium,1,2,,
2476,gojek aneh banget si dikasih promosi murah buat naik gocar ehh pengemudi nya minta batalin semua alasannya jauh padahal dekat cuma menit kalau tidak pake kode promosi banyak driver pengemudi nya nerima semua tolong dong gojek pengemudi nya di perhatikan lagi percuma dapat promo tapi tidak bisa di pakai drivernya minta batalin terus kalau mesan pakai promo,positive,Labeled POSITIVE but has 2 negative keywords vs 0 positive,medium,0,2,,
2606,mohon diperbaiki untuk bisa pesan ulang pesanan yang di batalkan jadi kita tidak harus menekan ulang dr awal pesanan tersebut cukup dengap pesan ulang atau reply,positive,Labeled POSITIVE but has 2 negative keywords vs 1 positive,medium,1,2,,
2614,aku seringnya pake buat layanan go food sih karena untuk rekomendasi makanannya dia jago banget nampilin yang bagus dan variasi nya menarik ditambah voucher diskon yang gokil abis haha selalu jadi penyelamat untuk jajan bareng temen temen kantor sudah gitu untuk ui nya dia tidak berat tidak kaya apk kompetitor yang kalo ngeklik satu fitur saja lola abiss jadi bikin males gitu hope it continues to grow well gojek,positive,Labeled POSITIVE but has 2 negative keywords vs 1 positive,medium,1,2,,
2615,bagus banget aplikasinya buat aku tidak ada masalah apa apa lagi kalao untuk pemesanan lambat karena jaringan aja tingkatin trs ya tim gojek localpride,positive,Labeled POSITIVE but has 2 negative keywords vs 1 positive,medium,1,2,,
2701,mohon untuk di tindak lanjuti untuk perusahan gojek saya berlokasi di subang kalo pesen food di atas jam itu pesanan dapat pengemudi nya susah minta ampun tolong buka lagi pendaftaran untuk pengemudi baru agar customer tidak jera pake gojek di subang khusus nya pengemudi gojek itu sedikit mungkin kalo di ratakan lagi akan mendongkrak customer juga pasti balik lagi dari segi promosi sudah sangat menarik ayo tingkatkan lagi pelayanan customer untuk bisa pesan di jam malam tq,positive,Labeled POSITIVE but has 2 negative keywords vs 0 positive,medium,0,2,,
2752,sangat mudah bila di butuhkan langsung tidak repot tidak lambat menunggu driver dan pelayanannya memuaskan,positive,Labeled POSITIVE but has 2 negative keywords vs 1 positive,medium,1,2,,
2765,sejauh ini pengalamannya menarik dan menyenangkan menggunakan gojek sangat membantu di saat penting dan sedang tidak bisa melakukannya sendiri,positive,Labeled POSITIVE but has 2 negative keywords vs 0 positive,medium,0,2,,
2790,sekarang saya males pakai gojek tiba tiba akun gopay saya terblokir tanpa ada alasan yang jelas sudah berkali kali banding tapi selalu di tolak sangat mengecewakan lebih baik taruh uang kalian di e wallet yang lebih aman seperti dana atau ovo sekedar saran saja agar kalian tidak menyesal seperti saya,positive,Labeled POSITIVE but has 2 negative keywords vs 1 positive,medium,1,2,,
2797,promosi cashback tidak saya dapatkan padahal sudah memenuhi persyaratan yang ada tapi cashback tidak msk kecewa lah kalau sampai tidak ada kbr jg padahal saya sudah info cs gojek jgn kaget kalau rating nya menurun ya,positive,Labeled POSITIVE but has 2 negative keywords vs 0 positive,medium,0,2,,
2856,sudah hari bagus up uang tidak masuk masuk sudah di email belum ada tanggapan juga bikin susah orang aja saya mau refund,positive,Labeled POSITIVE but has 2 negative keywords vs 1 positive,medium,1,2,,
2922,saya suka sekali pesan go food karena jadi tidak repot repot pergi keluar tapi kalau bisa ongkirnya jangan terlalu mahal,positive,Labeled POSITIVE but has 2 negative keywords vs 1 positive,medium,1,2,,
3007,awalnya nyaman saja pakai gojek bertahun tapi kenapa semakin di upgrade malah voucher gofood gapernah dapet sekalipun dapet jadi susah di gabung tidak kayak sebelumnya maaf saya turunin rating nya,positive,Labeled POSITIVE but has 2 negative keywords vs 0 positive,medium,0,2,,
3029,bagus dan membantu untuk transportasi juga tidak pakai ribet,positive,Labeled POSITIVE but has 2 negative keywords vs 1 positive,medium,1,2,,
3036,saya sudah lambat menggunakan gojek awalnya lancar aja pesanan selalu datang tepat waktu tapi hari ini hampir satu jam makanannya baru sampai padahal biasanya menit sudah sampai alasannya rantai motor putus pertanyaan saya apakah tidak ada aturan khusus dari perusahaan agar yang bekerja pakai apk gojek tidak ambil orderan jika memang ada kendala ini demi kenyamanan semua pihak pengguna thanks,positive,Labeled POSITIVE but has 2 negative keywords vs 1 positive,medium,1,2,,
3065,layanan dari pak gojeknya baguss tapi ada beberapa yang bingung sama map dan tidak tau alamatnya semangat buat bapak dan ibu yang sudah mengantarkan kamimakanan kami semua sampai ketujuan,positive,Labeled POSITIVE but has 2 negative keywords vs 1 positive,medium,1,2,,
3140,sangat terbantu dengan gojek bisa semua nya transfer antar bank adm lebih murah bisa bayar semua tagihan lewat gopay sdh tahun pake gojek ok semua cuma tarif gocar agk lbh mahal di banding apk sebelah itu saja sih trus tidak ada sistem poin lagi cm voucer,positive,Labeled POSITIVE but has 2 negative keywords vs 0 positive,medium,0,2,,
3159,saat mendapat promo contohnya penyelamat tanggal tua paylater tapi drivernya tidak bersedia maunya dibayar hari itu juga itu gimana terus untuk apa ada promosi penyelamat tanggal tua,positive,Labeled POSITIVE but has 2 negative keywords vs 0 positive,medium,0,2,,
3216,sudah beberapa minggu ini server tidak akurat yang awal nya alamat tidak terbaca dll sampai yang memperhatinkan pada saat saya pesan food yang jelas jelas saldo gopay saya terpotong di aplikasi membayar tunai tolong lah perbaiki lagi manajemen gojek saya sudah tahun selalu setia menggunakan jasa gojek bilamana prihal ini tidak di tanggapi saya pindah ke kompetitor saja,positive,Labeled POSITIVE but has 2 negative keywords vs 1 positive,medium,1,2,,
3315,semakin mengecewakan tidak seperti dulu lagi voucher banyak lah ini kebalik pake di beli yg dulunya pesan tw kali dpt voucher miris nyesal kalian pakai jasa gojek yang sekarang,positive,Labeled POSITIVE but has 2 negative keywords vs 0 positive,medium,0,2,,
3334,gomart pake voucher diskon ongkir dengan min pembelian eh produknya ada yang kosong memang sih jumlah bayarnya dkurang produk yang gdaa tapi jadi tidak dpt diskon ongkirnya kan lumayan mahal lebih baik bnr free pake alfagift dpt point yang bisa dtukar jga ini dah ongkirnya lebih dr hrg produk flash sale jadi mls pesen gomart produk yang kosong di store ya mnaa tau yang mnaa ntr dkurang hrgnya jadi tidak dpt diskon ongkir lagi,positive,Labeled POSITIVE but has 2 negative keywords vs 1 positive,medium,1,2,,
3369,aplikasi ini bagus go shop bisa byar ditempat tpi lbih bgus lagi klo playanan go shop bisa sllu membawa uang dan bisa bayar meskipun hrga yang mahalkarna kseringan batal nnti dblok akunya,positive,Labeled POSITIVE but has 2 negative keywords vs 1 positive,medium,1,2,,
3392,saat pesen gofood selalu saja foto makanan nya tidak tampil jadi ingin memesan pun susah padahal sering di update app nya tapi tetap foto tidak tampil terus meskipun dalam keadaan bagus jaringannya,positive,Labeled POSITIVE but has 2 negative keywords vs 1 positive,medium,1,2,,
3440,perjalanan lebih mudah gak ribet dijemput dianterin tidak perlu cape setir sendiri karena sudah ada drivers,positive,Labeled POSITIVE but has 2 negative keywords vs 0 positive,medium,0,2,,
3469,saran saya apabila system it gojek bisa mohon riwayat pesanan goride gocar itu tersimpan dan bisa dipesan kembali di rute yang sama krn kendalanya pada saat saya keluar kota dan keluarga minta pesankan gojek goride gocar lewat aplikasi gojek di hp sy saya kesulitan cari alamat jemput atau tujuan harus lewat peta dan ini sangat susah men detek geser peta karena harus detail dan jarak jauh seperti kita pesan di aplikasi pesawat rute yang sama bisa dipesan lagi dengan cepat,positive,Labeled POSITIVE but has 2 negative keywords vs 1 positive,medium,1,2,,
3491,tolong dong di buatin kotak kritik dan saran di aplikasinya saya pengguna aplikasi gojek kenapa memilih gojek karena cukup menarik atas pelayanan dan penawarannya tapi tolong jika pengguna membatalkan pesanan sudah kali karena permintaan drivernya alasannya restaurant cukup jauh dengan kondisi sedang hujan jangan sampe di bekuin juga akunnya lah kita cukup ngerti dengan kondisi driver tapi kenapa tidak untuk anda kepada para penggunanya,positive,Labeled POSITIVE but has 2 negative keywords vs 0 positive,medium,0,2,,
3545,selamat malam admin gojek saya mau kasih saran kepada perusahaan anda tolong di dalam indikator gofood itu tolong dikasih indikator atau tanda di pojok kanan atas pakai tulisan halal dan non halal soalnya banyak sekali makanan di gofood yang ada di sana tidak ada indikator atau tanda atau gambar atau logo halal dan non halalnya tolong dipertimbangkan saran saya ini terima kasih banyak,positive,Labeled POSITIVE but has 2 negative keywords vs 1 positive,medium,1,2,,
3601,oke banget untuk keseluruhan cuma satu saran aja untuk pelayanan go food klo bisa rate untuk toko nya di tampilkan juga di halaman utama kasian mereka nyari bintang susah,positive,Labeled POSITIVE but has 2 negative keywords vs 1 positive,medium,1,2,,
3659,saldo bagus up tidak masuk payahh,positive,Labeled POSITIVE but has 2 negative keywords vs 1 positive,medium,1,2,,
3671,cukup bagus tapi boleh minta tolong misalnya kalo sudah pesan gojek atau gocar tapi tidak datang datang kelamaan langsung maksimal menit langsung ganti driver ok,positive,Labeled POSITIVE but has 2 negative keywords vs 1 positive,medium,1,2,,
3687,mau tanya kalau kita nabung atau nyimmpen uang di gopay dan dsimpan dalam waktu lambat bisa tidak atau misalkan bagus up hari ini rb lalu baru digunain saldo gopay nya ribu tpi sudah bagus up lagi rb sehingga saldo terus ditambah tapi kbanyakan nya d simpen sampe jutaan bisa tidak,positive,Labeled POSITIVE but has 2 negative keywords vs 1 positive,medium,1,2,,
3762,siip makin maju dan memudahkan sayang harga gofood seringkali lebih mahal daripada kalau kita beli di tempat belum lagi ongkos layanan dan biaya antar makin mahal alhasil harga makanan yang kita bayar makin memberatkan pelanggan dikasih diskon pun kadang masih lebih mahal tidak seperti awal awal gofood ada membantu banget diskon nya,positive,Labeled POSITIVE but has 2 negative keywords vs 0 positive,medium,0,2,,
3915,minta tolong dong untuk pihak gojek segera ditindak lanjuti permasalahan customernya termasuk saya ngisi pulsa lewat gopay diriwayat transaksi berhasil tapi pulsa belum masuk katanya suruh tanya ke pihak provider setelah tanya katanya tidak ada riwayat pembelian pulsa melalui gopay sama sekali saya benar merasa dirugikan saya tau nominalnya memang sedikit tapi ini masalah tanggung jawab dari gojek saya cuma meminta hak saya mohon segera ditindak lanjuti terima kasih,positive,Labeled POSITIVE but has 2 negative keywords vs 1 positive,medium,1,2,,
3951,kesulitan saat ingin memesankan diluar wilayah maka alamat selalu tidak ditemukan,positive,Labeled POSITIVE but has 2 negative keywords vs 0 positive,medium,0,2,,
3980,go jek sangat membantu pekerjaan saya supaya tidak terlalu ribet segala hal tentang transportasi gojek lah andalannya good lah pokonya buat aplikasi ini,positive,Labeled POSITIVE but has 2 negative keywords vs 0 positive,medium,0,2,,
3995,berdasarkan pengalaman saya sendiri selama menggunakan ojol online drivernya byk yang kurang ajar tdk sopan kasar ugal ugalan serta suka melanggar aturan lalulintas menurunkan penumpang seenaknya tanpa sesuai titik lokasi tujuan penumpang suka mengatur penumpang memaksakan penumpang untuk menjumpai pengemudi karena pengemudi mls menjemput penumpang sesuai titik klo konsumen ato customer komplain tidak prnh ditanggapi tidak prnh direspon tidak sprt aplikasi grab lgsg cpt respon menelpon penumpang tny mslh,positive,Labeled POSITIVE but has 2 negative keywords vs 1 positive,medium,1,2,,
4030,saya sudah membayar paylatter kenapa status tidak berubah dan ada denda keterlambatan padahal bayar sblm waktunya,positive,Labeled POSITIVE but has 2 negative keywords vs 0 positive,medium,0,2,,
4039,kelamaan kalau sudah hujan dan juga sekalinya dapat drivernya kejauhan aktivitas hari biasa juga tidak seindah bintang lima,positive,Labeled POSITIVE but has 2 negative keywords vs 0 positive,medium,0,2,,
4047,saya sangat suka dengan aplikasi ini untuk upgred gopay plusnya sangat mudah tidak makan waktu lambat,positive,Labeled POSITIVE but has 2 negative keywords vs 1 positive,medium,1,2,,
4109,klo mau coba cari tahu ongkir gojek dan gocar beda propinsi susah banget mesti cari titik mapnya padahal tidak ngerti tuh titik mapnya tidak bisa disearch ketik karena munculnya hanya lokasi sekitar kita aja padahal dibutuhkan banget untuk bikin plan budgeting pas mau keluar kota minta tolong donk,positive,Labeled POSITIVE but has 2 negative keywords vs 0 positive,medium,0,2,,
4171,tahun lbih dri jman sekolah sampe kerja pakai aplikasi ini awalnya enak ya yang sring pesan kyk aku sllu dpt voucher rb bakhan lebih dan ongkirnya lumayan miring kalau sekarang ongkir jauh ma deket sama saja mahal dan sllu dapt voucher rb ma rb tapi banyak kan syg dpt cuman dipakai kalau bisa untuk vouchernya selalu dapat banyak saja semisal rb x atau x jadi tidak mubazir sama kalau abis pesan pakai gopay dptnya koin dikit banget tapi aku ttp suka pakai gojek untuk saat ini ku nilai dlu,positive,Labeled POSITIVE but has 2 negative keywords vs 1 positive,medium,1,2,,
4197,selamat siang admin saya sudah berapa hari ini ingin upgrade gopay plus tapi tidak bisa tolong di permudah padahal saya sudah ngikutin ttep tidak bisa terima kasih,positive,Labeled POSITIVE but has 2 negative keywords vs 1 positive,medium,1,2,,
4215,gopay sangat membantu dalam transaksi namun saat memperbaharui fiturnya menu transfer antar sesama gopay jadi tidak ada kecewa sekalii atau menu nya tersembunyii ya tolong dong fitur transfernya adain lagi,positive,Labeled POSITIVE but has 2 negative keywords vs 0 positive,medium,0,2,,
4223,aplikasi ini sangat membantu kami namun saya sempat mengalami tersesat dijalan namun tidak membawa uang sepeser pun dan saldo gopay saya habis saya bingung untuk melakukan apapun dari pengalaman yang saya dapat bolehlah saya mengajukan sebuah saran bagaimana kalau gopay bisa dikirimkan ke sesama pengguna gojek karena kalau ini bisa dilakukan itu akan tambah membantu kami yang berada disituasi tersebut terimakasih,positive,Labeled POSITIVE but has 2 negative keywords vs 1 positive,medium,1,2,,
4226,tolong dong gopay gausah di upgrade ke gopay plus segala yang mempersulit proses registrasi enakan kek dulu simple ini disuruh selfie berkali sudah jelas katanya buram giliran sudah jelas banget selfienya malah prosesnya lambat banget gatau bakal diterima atau ditolak kalo masih ditolak mending saya pake v saja sama dan kedua aplikasi itu sama sekali tidak pernah mempersulit proses registrasi foto buram dikit saja lgsg dikonfirmasi tidak kek gopay matanya rabun jadi nolak proses registrasi terus,positive,Labeled POSITIVE but has 2 negative keywords vs 0 positive,medium,0,2,,
4277,ini kenapa ya akhir ini saya sering dapet cashback tapi tidak masuk saldonya berkurang sama saja padahal tulisannya selamat anda dapat cashback dan diliat di gopay coins jg gaada nol semua,positive,Labeled POSITIVE but has 2 negative keywords vs 0 positive,medium,0,2,,
4340,ternyata enak ya nyebut jujur di awal kalimat pantesan temen temen aku pada suka jujur lama lama ku ikutan jujur di versi ini lum ada fitur baru masih disiapin sama anak anak kantor tapi jujur aku mau kamu tetep update ke versi ini karena walau tidak ada fitur baru aku tetep optimalin terus fungsi app lainnya biar selalu lancar pas kamu pake jadi jujur menurut aku kamu harus update hehe,positive,Labeled POSITIVE but has 2 negative keywords vs 1 positive,medium,1,2,,
4364,mau bagus up terus pas masuk tidak bisa pilih metode pembayaran setelah update malah susah buat bagus up,positive,Labeled POSITIVE but has 2 negative keywords vs 1 positive,medium,1,2,,
4470,sangat membantu saya dalam ber mobilisasi yang notabene tidak memiliki kendaraan tetap tapi tolong untuk gofood nya jgn mahal plis masa ya sudah kena adm ongkir makanan yang tadinya k adm ongkir bisa k sendiri,positive,Labeled POSITIVE but has 2 negative keywords vs 0 positive,medium,0,2,,
4473,tidak terlalu baik tapi juga tidak buruk kok,positive,Labeled POSITIVE but has 2 negative keywords vs 1 positive,medium,1,2,,
4531,saya tidak bisa kasih alamat lengkap di aplikasi alamat selalu tidak masuk di app malah masuk ke alamat tetangga itu merepotkan tolong di perbaiki,positive,Labeled POSITIVE but has 2 negative keywords vs 1 positive,medium,1,2,,
4539,kenapa saya tidak pernah dpt voucher go ride gocar dan voucher gratis ongkir lagi padahal sering pake gojek voucher goride dan gocar tidak ada lg saya tidak pernah dpt lagi sekarang ini katanya saya sudah ada voucher goride tapi saya tidak pernah dpt voucher lg bagaimana sih gojek ini masak saya mau masukin kode promosi katanya kamu tidak memenuhi syarat utk promosi ini susah banget ya mau dapetin promosi go ride saja,positive,Labeled POSITIVE but has 2 negative keywords vs 0 positive,medium,0,2,,
4563,gua kenapa jadi kesal lagi ya sama sistem go jek sekarang sebelum bagus up sudah mau pesen nih dari a ke c tarif rp k dengan metode pembayaran tunai voucher berlaku untuk all payment niat hati mau lebih praktis dong dengan cara bagus up saldo tapi yang ada apa harganya naik jadi k hah ini yang bikin gua ogah lagi bagus up saldo makin boros pengeluaran buruk,positive,Labeled POSITIVE but has 2 negative keywords vs 1 positive,medium,1,2,,
4651,ntah kenapa rumah saya tidak bisa terdeteksi di gojek padahal rumah saya di ibukota provinsi dan di google maps itu jelas alamatnya tapi ketika kurir nya sudah sampe selalu nyasar dan tidak pernah yang bener bener sampe ke rumah sudah saya bantu jg pakai titik untuk menentukan rumah saya dan hasilnya malah ke gang sebelum rumah saya ini bagaimana sih gojek nya tolong di perbaiki lagi,positive,Labeled POSITIVE but has 2 negative keywords vs 1 positive,medium,1,2,,
4652,ketika mager kita tinggal menggunakan aplikasi ini untuk memenuhi kebutuhan kita ditunggu sebentar dan tidak berapa lambat pesananpun datang bagus kan,positive,Labeled POSITIVE but has 2 negative keywords vs 1 positive,medium,1,2,,
4698,barusan pesan trus pake pembayaran tambahan biar tidak telat tpi resto nya telat trus gofood seenaknya nukar jadwal keterlambatan hahaha lucu,positive,Labeled POSITIVE but has 2 negative keywords vs 0 positive,medium,0,2,,
4709,aplikasi haram mau upgrade premium saja susah tidak smua kamera depan hp bagus kali klo ktp pas selfi hrus jelas banget brarti yang bisa upgrade cuma orang yang kameranya bagus hangdeh,positive,Labeled POSITIVE but has 2 negative keywords vs 1 positive,medium,1,2,,
4745,apapun kebutuhannya ya go jek selalu di hati jangan instal klw hanya untuk opikorder fiktif kasihan ni lah driver pejuang keluarga semua pasti ada balasannya allah swt maha tau walaupun sistem tidak tau semoga allah swt mengampunin dosa kpd yang melakukan pesan fiktif amin bertobatlah sebelum terlambat,positive,Labeled POSITIVE but has 2 negative keywords vs 0 positive,medium,0,2,,
4768,awalnya coba lama nyaman akhirnya susah pisah kan kalo sudah nyaman tinggal nunggu jadian,positive,Labeled POSITIVE but has 2 negative keywords vs 0 positive,medium,0,2,,
4843,jarang sekali promosi untuk go send padahal banyak sekali pebisnis online ini lah yang membuat kami tidak terikat ingin pilih gojek grab sama saja sama bermanfaat namun tidak ada yang lebih spesial,positive,Labeled POSITIVE but has 2 negative keywords vs 0 positive,medium,0,2,,
4903,setelah di update malah tidak bisa dipakai merasa dirugikan sudah beli voucher notif update tapi akhirnya tidak bisa dipakai send keluhan jg belum dibalas padahal voucher ada masa berlakunya,positive,Labeled POSITIVE but has 2 negative keywords vs 0 positive,medium,0,2,,
4931,mengapa tidak bisa menentukan sendiri vocer gofood mana yang ingin saya gunakan saya ingin mwngunakan vocer diskon namun tidak dapat memilihnya dan dipaksa untuk menggunakan vocer cashback di update makin buruk saja aplikasinya,positive,Labeled POSITIVE but has 2 negative keywords vs 0 positive,medium,0,2,,
4935,jalankan m situasi tidak aman jalankan kendaraan melihat penumpang wanita khususnya dengan nyaman jangan asal ngebut dan cepat yang penting nyaman dan selamat,positive,Labeled POSITIVE but has 2 negative keywords vs 1 positive,medium,1,2,,
4940,saran saja selama ini kan pengemudi dan penumpang jarang komunikasi alangkah baiknya bisa komunikasi saat diperjalanan pihak gojek bikin inovasi di helm pengemudi atau penumpang dikasih microphone langsung tersambung dengan driver ada switch khusus di helm punumpang untuk mengaktifkan atau tidak kalo pada pengemudi selalu aktif,positive,Labeled POSITIVE but has 2 negative keywords vs 1 positive,medium,1,2,,
5004,aku sudah install gojek dari lamaa banget sudah favorit banget deh pokoknya tapi kenapa belakangan ini gojek ku gabisa dibuka ya padahal di playstore tidak ada notif update atau apa gitu hi developer tolongin aku dong,positive,Labeled POSITIVE but has 2 negative keywords vs 0 positive,medium,0,2,,
5025,saya tidak sengaja pesan dan sudah sempat tekan pembatalan namun pesanan tetap berlanjut dan pembatalan tidak bisa dilakukan padahal saya sudah meminta bantuan chat consumer namun sama sekali tidak bisa membantu,positive,Labeled POSITIVE but has 2 negative keywords vs 0 positive,medium,0,2,,
5110,buat custmr ini tolong banget klo ada makanan yang tidak sesuai dr yang dipesan tolonglah jgn komen untuk pengemudi apalagi sampai kasih bintang kalian tidak tau susahnya nyari order klo ada bintang kita langsung anyeb tolong dong pengertianya kita jg pengemudi hnya ambil orderan tidak mungkin kita buka bungkus makananya,positive,Labeled POSITIVE but has 2 negative keywords vs 0 positive,medium,0,2,,
5131,apliasi paling mudah dan tidak ribet klo pesen apa mantul dah pertahankan ya pt gojek indonesia,positive,Labeled POSITIVE but has 2 negative keywords vs 1 positive,medium,1,2,,
5142,jujur saja secara uiux enak yang lama tampilan menu langsung di depan jadi tidak perlu cari cari mana gosend mana go yang lain tampilan yang sekarang kebanyakan konten kesannya kaya sosmed saya pribadi butuh kemudahan fiturnya bukan kontennya konten di sosmed sudah ada ngapain di sini ada lagi usul saja klo mau pake konten dan promo dibikin slide bergerak saja kaya aplikasi yang lain,positive,Labeled POSITIVE but has 2 negative keywords vs 0 positive,medium,0,2,,
5210,pesanan sudah diset aplikator jadi pesanan tidak fair yang gacor jam tupo yang anyeb trip saja susah setengah mati kadang tidak tupo sampe jam malam lelah lebih baik pensi aja,positive,Labeled POSITIVE but has 2 negative keywords vs 1 positive,medium,1,2,,
5247,saya kecewa ama gopaylater gak pernah pake tapi harus bayar belinya saja di rm kelapa gading kapan saya makan enak gimana tidak ada respon sama sekali lebih baik gopay yang dulu daripada mab lebih baik saya tidak mau pakai gopay lagi mohon tindak lanjut kami,positive,Labeled POSITIVE but has 2 negative keywords vs 1 positive,medium,1,2,,
5266,good selama ini aplikasinya lancar dan jarang ada gangguan pengemudi nya juga baik baik sopan dan tidak macem macem,positive,Labeled POSITIVE but has 2 negative keywords vs 1 positive,medium,1,2,,
5277,kalau bisa untuk opsi batalkan pesanan lebih baik dihilangkan atau dinonaktifkan saat pesanan telah ditentukan menghindari kecurangan atau kejahatan yang terjadi pd driver spy tertera bahwa pesanan yang sudah terpesan tidak dapat dibatalkan spy tidak ada yang main,positive,Labeled POSITIVE but has 2 negative keywords vs 1 positive,medium,1,2,,
5279,kendala saya setiap mencari alamat sll tidak pernah sesuai titik lokasi kendala nya sll alamat tidak ditemukan padahal saya butuh banget untuk usaha jadi srg pk gosend at goshop pdhl ne aplikasi sudah di update mulu tp ttp sama,positive,Labeled POSITIVE but has 2 negative keywords vs 0 positive,medium,0,2,,
5480,hallo kk gopay saya tiba terpotong pembayaran apk inshoot padahal saya tidak pernah mendownload atau bahkan berlangganan tolong bantuannya untuk membatalkan transaksi terimakasih,positive,Labeled POSITIVE but has 2 negative keywords vs 1 positive,medium,1,2,,
5560,aplikasinya bagus lancar sistemnya tidak bikin hp lemot promonya kadang asik tpi drivernya males an ambil pesanan saya pernah pesan food pengemudi tidak jalan di chat tidak nanggapi alhamdulilah hubungi cs bentar lewat chat langsung dapet pengemudi lagi sand jga gitu lambat banget daper drivernya dan pada nolak pesanan ride pun jga,positive,Labeled POSITIVE but has 2 negative keywords vs 1 positive,medium,1,2,,
5571,mode hemat daerah ramai banyak yang uda terima otomatis lalu mereka tidak gerak menunggu penumpang membatalkan uud ini pak menteri nadiem,positive,Labeled POSITIVE but has 2 negative keywords vs 0 positive,medium,0,2,,
5593,performa bagus tapi agak kecewa dikit di mapgps kurang akurat kadang pengemudi nya tidak jalan jalan tapi tiba tiba sampe,positive,Labeled POSITIVE but has 2 negative keywords vs 1 positive,medium,1,2,,
5637,pengemudi tidak pernah mengecewakan ramah selalu sesuai pesanan,positive,Labeled POSITIVE but has 2 negative keywords vs 1 positive,medium,1,2,,
5647,sangat bagus dengan aplikasi ini ketika saya lapar bisa tinggal langsung pesan pakai go food jadi tidak ribet lagi deh,positive,Labeled POSITIVE but has 2 negative keywords vs 1 positive,medium,1,2,,
5649,sangat membantu saya sekali dlm belanja kirm barang pesen barang mudah sudah tu ongkirnya murah n tidak ribet sukses trs gojek indonesiaku like full,positive,Labeled POSITIVE but has 2 negative keywords vs 1 positive,medium,1,2,,
5673,aku suka amplikadi ini sangat berguna banget dimana saya butuh proses tidak lambat tidak ada iklan,positive,Labeled POSITIVE but has 2 negative keywords vs 1 positive,medium,1,2,,
5704,selama ini tidak ada kendala sih dan perna sekali ada kendala tapi bisa teratasi setelah kontak admin,positive,Labeled POSITIVE but has 2 negative keywords vs 0 positive,medium,0,2,,
5707,paket ribu cuma untuk gratis ribu tidak dpt di pakai kalau ada gratis ongkir terus apa beda nya dengan gratis ongkir k bagus tidak usah beli paket kalau gitu kenapa promosi makin buruk tolong hapus saja gofood nya kalau promosi gitu yg bagus dari gojek cuma transaksi game dan pembayaran lain,positive,Labeled POSITIVE but has 2 negative keywords vs 1 positive,medium,1,2,,
5715,lebih suka gojek jaman dulu sekarang pesen gofood nunggu dapat pengemudi nya hampir setengah jam belum lagi nunggu masak nya jadi tambah lambat kalo dulu dapat pengemudi dulu baru ke restoran langsung dan itu tidak lambat dapat pengemudi nya,positive,Labeled POSITIVE but has 2 negative keywords vs 1 positive,medium,1,2,,
5729,mudah diakses tapi saya menggunakan aplikasi punya teman kalau download sendiri ko susah sudah dicoba ulang tapi tidak bisa kenapa ya,positive,Labeled POSITIVE but has 2 negative keywords vs 0 positive,medium,0,2,,
5792,ketika pesan gofood makanannya tidak ada dan diganti menu lain dengan harga yang lebih murah seharusnya saldo gopay yang dipotong disesuaikan dong kecewa pakai gopay mending bayar manual,positive,Labeled POSITIVE but has 2 negative keywords vs 0 positive,medium,0,2,,
5821,bagus aplikasi yang berani tanggung jawab atas kesalahan sengaja maupun tidak,positive,Labeled POSITIVE but has 2 negative keywords vs 1 positive,medium,1,2,,
5970,apk gojek benar benar membantu karena mudah di gunakan dan praktis sangat di rekomendasikan untuk yang tidak ingin ribet dan juga banyak promosi di gojek lohh tunggu apa lagi ayo download gojek sekarang,positive,Labeled POSITIVE but has 2 negative keywords vs 0 positive,medium,0,2,,
6077,selama pake aplikasi gojek smua yang saya butuhin n mau jadi mudah tanpa harus kmana n nyusahin orang seeing jga sih d rekomendasiin aplikasi transportasi lain tpi saya lebih milih aplikasi ini ya selain tidak ngerti makek ny malas saja gitu ganti aplikasi yang sudah biasa dpakek sukses slalu gojek,positive,Labeled POSITIVE but has 2 negative keywords vs 1 positive,medium,1,2,,
6112,cuma mau kasih saran bisa tidak kalo kita mesen pulsa yang diprosesnya hampir jam itu ada menu batalkan karena kasian bngt yang bnr bnr urgent dan jauh dari konter pulsa dll,positive,Labeled POSITIVE but has 2 negative keywords vs 0 positive,medium,0,2,,
6155,apk sangat menyusahkan saya baru bagus up tadi siang trus tb tidak bisa dibuka suruh pasang pin lah padahal saya tidak mau pasang pin tapi tidak bisa alasan saya tidak mau karena itu no lambat dan jelas la tidak bisa karena tidak terkirim no verify nya sudah laporan kali sama saja alasan tidak jelas la katanya makan lah itu duit k anj,positive,Labeled POSITIVE but has 2 negative keywords vs 1 positive,medium,1,2,,
6163,sangat sangat membantu naik depan rumah sampai tidak ribet dari pada jalan ke depan jalan kaki untuk naik transportasi umum mending pakai gojek atau gocar simpel sangat membantu sekali,positive,Labeled POSITIVE but has 2 negative keywords vs 0 positive,medium,0,2,,
6174,sangat membantu tapi saya tidak bisa buka lagi karena harus di update dan ketika di update gagal terus ada yang bs bntu,positive,Labeled POSITIVE but has 2 negative keywords vs 0 positive,medium,0,2,,
6217,sikap pengemudi sangat sopan penjemputan juga tidak nunggu lambat,positive,Labeled POSITIVE but has 2 negative keywords vs 0 positive,medium,0,2,,
6261,wah bagus nih semua serba praktis serba simple serba gampang jadi tidak perlu susah ke pangkalan ojekke resto tinggal buka app gojek langsung kelar semua permasalahan tapi di sisi lain ni aplikasi bikin orang jadi mager kalo sudah mager jatohnya gendut orang gendut biasanya penyakitan kalo penyakitan ujungnya mati dini saya tidak install deh temen saya nawarin ojek gratis kok via wa kan sama saja online wkwk tks gojek,positive,Labeled POSITIVE but has 2 negative keywords vs 1 positive,medium,1,2,,
6290,sebelum saya sampai diresto saya selalu tanya pakbumbanon apakah pesanan sudah sesuai pasti selalu dijawab sudah sesuai pak dan pas sampai ke tujuan selalu saya suruh cek kembali pesanannya dan allhamdullillah tidak pernah ada kesalahan tapi kenapa saya dilaporkan bahwa saya mengantarkan pesanan yang tidak sesuai distruk belanja dasar pelanggan gada akhlak,positive,Labeled POSITIVE but has 2 negative keywords vs 0 positive,medium,0,2,,
6358,go pay later tidak bisa didaftarkan tanpa alasan jelas padahal di aplikasi lain normal aja cicilan jg sblm jatuh tempo sudah lunas apa karena kasus saldo gopay saya di hack dari tokopedia dengan santai pihak tokopedia bilang kesalahan saya padahal jelas keamanan e walletnya yang tidak beres buktinya saya msh bs login tp transaksi bs dari akun org lain tanpa verifikasi bs lolos lucu bos,positive,Labeled POSITIVE but has 2 negative keywords vs 0 positive,medium,0,2,,
6461,aplikasi ini sangat membantu apalagi selama pandemi covid kita di anjurkan tidak keluar rumah jadi aplikasi ini sangat membantu,positive,Labeled POSITIVE but has 2 negative keywords vs 0 positive,medium,0,2,,
6507,makin ke sini mala makin jelekk buka apk saja lodingnya lambat padahal sebelumnya lancar lancar ajaa,positive,Labeled POSITIVE but has 2 negative keywords vs 0 positive,medium,0,2,,
6513,sangat berguna mudah di aplikasinya dan upgrade nya tidak lambat yu buruan dwonload teman teman,positive,Labeled POSITIVE but has 2 negative keywords vs 0 positive,medium,0,2,,
6665,jujur aplikasi ini jauh lebih rapi nyaman dan lebih baik di banding kompetitor walaupun masih ada cacat yang masih bisa di maklumi cuman ya itu harga terlalu amat sangat mahal vs kompetitor dengan rute yang sama seakan tim gojek bilang lu tidak pilih wa tidak papa yang lain masih banyak pakai wa dan brati lu bukan klas wa terkusus untuk saya pribadi perbedaan rb dengan rute yang sama sekali jalan cukup berasa minimal x trip sehari di kompetitor dapat x trip sehari,positive,Labeled POSITIVE but has 2 negative keywords vs 1 positive,medium,1,2,,
6670,setelah baca komenan ternyata tidak sendirian wkwk kirain sudah ada peningkatan ternyata belum pengemudi masih ada yang sesuka hati kalo nerima pesanan di lamain padah sudah nunggu menit di chat lagi baru jalan bilangnya saya sudah di jalan tapi tidak gerak di tambah apk nya suka motong saldo org tbtb dengan noted pengeluaran gaya hidup di cek lah gaada ikut langganan apa yang terncantum di gopay tapi malah ken potongan tiap bulan hpir k gaya hidup apa woilah pake apknya saja cuma buat pesen ojl,positive,Labeled POSITIVE but has 2 negative keywords vs 1 positive,medium,1,2,,
6821,parah sekarang voucher gofood toko tidak otomatis kepasang jadi tidak bisa pake voucher padahal yang bikin betah yang gara bisa pake voucher gofood sekaligus semoga segera ada perbaikan dan diubah kayak sebelumnya,positive,Labeled POSITIVE but has 2 negative keywords vs 1 positive,medium,1,2,,
6849,tolong titik jemput dan anter sesuai jika tidak sesuai tolong kasih noted atau patokan yang gampang dicari kalo susah juga coba berbaur sama tetangga biar tetangga tau nama anda kalo ditanya heheh,positive,Labeled POSITIVE but has 2 negative keywords vs 0 positive,medium,0,2,,
6876,harus di stabilkan sesuai perintah pusat dan pengalaman yang potensial dan mengemudi paham jalan dan ahli dalam semua kondisi yang sedang beraktivasi di jalankannya penting inti agar di jauh kan dari keluhan yang fatal dan non fatal di pengguna dan pemakai aplikasi ini salam semangat lurus saja secara naluri kita,positive,Labeled POSITIVE but has 2 negative keywords vs 0 positive,medium,0,2,,
6891,aplikasi ini sangat membantu apalagi buat yang tidak mau ribet soal transportasi gojek adalah jawabannya pertahankan terus kalau bisa ada layanan belanja seperti pakaian trims,positive,Labeled POSITIVE but has 2 negative keywords vs 0 positive,medium,0,2,,
6901,setelah di update tidak ada masalah seperti yang lain pada tidak bisa login dll tapi tetep masih suka sama versi awal gojek yang kalau masukin voucher tidak ribet menu voucher nya keliatan trus bisa nebak voucher nya apa tapi yaa sudahlah sekarang sudah gada promosi gratis ongkir lagi syedihh dehh,positive,Labeled POSITIVE but has 2 negative keywords vs 1 positive,medium,1,2,,
6917,sudah kali pesan go send tapi kenapa tidak jalan jalan yang pertama minta batalkan pesanan yang kedua dibatalkan dan yang ketiga sudah menunggu setengah jam tidak datang datang jemput barang tanpa komunikasi,positive,Labeled POSITIVE but has 2 negative keywords vs 0 positive,medium,0,2,,
6995,kenapa saya isi saldo gopay sudah sukses tapi di aplikasi tidak ada saldo yang masuk alias tetep rp kalo gini kan saya jadi ngerasa rugi,positive,Labeled POSITIVE but has 2 negative keywords vs 1 positive,medium,1,2,,
7014,kenapa setiap pesan gofood selalu besar biaya jasa aplikasi sebelum ada versi terbaru gojek biaya aplikasi hanya ribu kenapa sekarang makin naik bahkan biaya aplikasi lebih besar dibanding ongkir setidaknya jika ada diskon jgn nanggung nanggung ngasi diskon cuma seribu pembayaran juga harus pakai gopay jika tidak ada gopay tidak mendapatkan diskon makin kesini makin aneh aja saya sebagai pengguna apl gojek jadi sedikit kecewa,positive,Labeled POSITIVE but has 2 negative keywords vs 0 positive,medium,0,2,,
7042,selamat pagi gojek nih napa ya mau daftar eh otp nya belum terkirim nomor aku exist memang tidak bisa ya exist tolong perbaikan dari otp nya dari tadi aku nunggu otp tidak bisa,positive,Labeled POSITIVE but has 2 negative keywords vs 1 positive,medium,1,2,,
7043,sekarang mau cek gopay saja ribetnya minta ampun kebanyakan loading dan lemot pdhal tidak ada masalah sama kuota saya buka youtube saja tidak lemot tpi pas malah buka gojek lemotnya melebihi keong,positive,Labeled POSITIVE but has 2 negative keywords vs 0 positive,medium,0,2,,
7051,pesan makanan nunggu menit belum dikerjakan dengan alasan dari resto belum dapat driver alasan dari pengemudi sistem berubah padahal banyak pengemudi online mau bintang resto dan pengemudi jelas ini bukan kesalahan mereka gojek petingginya sudah tidak beres potongan banyak kasihan para resto dan driver semoga yang diperjuangkan di dpr didengar petinggi gojek karena potongan yang terlalu sadis,positive,Labeled POSITIVE but has 2 negative keywords vs 0 positive,medium,0,2,,
7083,sejak di kepalai andre pembagian pesan sangat tidak adil kalau tidak bisa mensejahterkan pengemudi lebih baik mundur terutama untuk para it ingat status mitra bukan pekerja jadi jangan memaksa pengemudi mengambil semua order dan untuk pesan baru masuk dan langsung dicancel harap tidak dinilai sebagai kesalahan pengemudi,positive,Labeled POSITIVE but has 2 negative keywords vs 1 positive,medium,1,2,,
7087,dengan go jek murah simple and cepat dari pada anglot ngetem lama kalau hujan pake go car sangat praktis no ribet,positive,Labeled POSITIVE but has 2 negative keywords vs 1 positive,medium,1,2,,
7102,pesanan dibatalin voucher ikut hilangg tidak jelass pesanan dibatalin gara tidak dapat driver,positive,Labeled POSITIVE but has 2 negative keywords vs 0 positive,medium,0,2,,
7117,abis di update malah lebih sering eror padahal jaringan sudah bagus tapi tidak bisa mesen di layar tertulis ada kesalahan mohon di tinjau kembali,positive,Labeled POSITIVE but has 2 negative keywords vs 1 positive,medium,1,2,,
7162,pengemudi ramah dan utuk alamatnya pas jadi tidak bingung ketika memilih lokasiyang dituju,positive,Labeled POSITIVE but has 2 negative keywords vs 1 positive,medium,1,2,,
7223,aplikasi nee sangat membantu saya kmn saja dengan mudah aman dan nyaman sehingga saya dan keluarga tidak khwatir wlau rumah atau tempat tujuan jauh dri angkutan umum karena ada go jek dan go ride yang siap mengantar semoga semakin jaya keluhan saya npa sih drive go jek sering batal pesenan go food se enk ny tlong dong d perbaiki,positive,Labeled POSITIVE but has 2 negative keywords vs 1 positive,medium,1,2,,
7244,sebenary bagus apliksinya tapi syank kadang gojeky tidak jln ladang juga kita pesen siapa datangy siapa beda sama yang d aplikasi tanpa pembatalan terlebih dahulu,positive,Labeled POSITIVE but has 2 negative keywords vs 1 positive,medium,1,2,,
7315,alamat rumah saya d map kadang tidak sesuai titik rumah saya masuk d gang kecil jadi tidak ada d map banyak nyasar gojeknya tolong d perbaiki,positive,Labeled POSITIVE but has 2 negative keywords vs 1 positive,medium,1,2,,
7342,waktu penjemputan tepat waktu tidak lambat pelayanan baik,positive,Labeled POSITIVE but has 2 negative keywords vs 1 positive,medium,1,2,,
7348,kenapa ya saya tidak bisa menerima kiriman gopay dari akun temen sudah coba pakai bomer ataupun barcode selama ini saya bagus up gopay lewat atm tolong di bantu min ini menyulitkan saya banget,positive,Labeled POSITIVE but has 2 negative keywords vs 1 positive,medium,1,2,,
7384,aplikasi gojek gopay sangat bagus sangat memberikan kemudahan layanan dan kemudahan bertransaksi tidak ribet proses upgrade pun sangat mudah sangat saya rekomendasikan untuk teman teman semua,positive,Labeled POSITIVE but has 2 negative keywords vs 1 positive,medium,1,2,,
7400,saya pengguna aplikasi ini sudah sejak lambat dan menurut saya aplikasi ini sangat membantu sy tapi terkadang ad beberapa pengemudi yang agak kurang sopan tapi cs nya sangat sigap dalam menyikapi laporan ketidak nyamanan konsumen semoga kedepannya bisa lebih baik lagi,positive,Labeled POSITIVE but has 2 negative keywords vs 1 positive,medium,1,2,,
7441,aplikasi bagus dan tolong biaya pengiriman nya jangan mahal dan banyakin promosinya biar tidak kalah sama kompetitor nya,positive,Labeled POSITIVE but has 2 negative keywords vs 1 positive,medium,1,2,,
7453,kenapa ini sudah di update pas selesai update kenapa pas dibuka apk gojek nya gabisa ya admin ini knpa toh jaringan saya lancar terus ntn ig dll pas buka gojek malah keluar terus masuk nya lambat cuman tulisan gojek saja daritadi ini mohon diperbaiki lah ya seharusnya kalo sudah di update lebih baik tidak ngeleg,positive,Labeled POSITIVE but has 2 negative keywords vs 1 positive,medium,1,2,,
7618,aplikasi paok pesan lewat go sent semua dibatalkan driver giliran saya mau pesan lagi di block padahal kesalahan driver aplikasi paok coba kalo go food semua pengemudi cepat,positive,Labeled POSITIVE but has 2 negative keywords vs 1 positive,medium,1,2,,
7622,punya diskon banyak yang kepasang cuma satu mana yang paling kecil pula yang kepasang katanya diskon yang paling oke yang terpasang padahal minimal pesan dan metode pembayaran untuk diskon yang lebih besar sudah terpenuhi itukah yang dibilang diskon paling oke gini terus uninstall ajadah intinya aplikasi ini sudah tidak direkomendasi alias mengecewakan,positive,Labeled POSITIVE but has 2 negative keywords vs 1 positive,medium,1,2,,
7667,maaf saya rubah ke bintang dulu karena barusan yang saya pesan salah kirimnya rugi lumayan ribuan sudah buat laporan tapi infonya akan di tindak lanjuti hari kerja kalau sudah ada tindak lanjut dan pengembalian dana saya akan naikan ke bintang kembali notedana sudah dikembalikan penuh ternyata tidak sampai hari seperti kata csnya terimakasih,positive,Labeled POSITIVE but has 2 negative keywords vs 1 positive,medium,1,2,,
7731,saya menggunakan aplikasi gojek sudah thn bahkan x ganti hp tetep gojek awal nya membantu cepat meriah paling tidak sama dengan angkutan kota angkot eeh makin kesini makin terus naik tarif nya jadi malah mencekik ekonomi kami banget banget banget kecewa,positive,Labeled POSITIVE but has 2 negative keywords vs 1 positive,medium,1,2,,
7804,sangat informatif dan tidak ribet shg mudah tuk dilihat dipilih serta tampilan yang menarik dan formatif okey banget,positive,Labeled POSITIVE but has 2 negative keywords vs 1 positive,medium,1,2,,
7856,dari dulu emang tidak kecewa sama gojek selalu pas waktu menjemput,positive,Labeled POSITIVE but has 2 negative keywords vs 0 positive,medium,0,2,,
7869,sebetulnya saya suka pakai gojek cuma sering banget pesen makanan toko nya tutup atau kehabisan stock kan kesian drivernya tolong lah aplikator dan toko kl tutup kasih tau biar abang drivernya tidak rugi,positive,Labeled POSITIVE but has 2 negative keywords vs 1 positive,medium,1,2,,
7896,terkadang mudah digunakan sangat membantu tapi terkadang susah saat sudah dapat orderan drivernya nya tak mau antar go send mgkin alasan harga saat itu sedikit murah jadi alasan mereka banyak bukan hanya org sj bahkan lebih lalu tidak ada lagi yang jual untuk depositgo pay,positive,Labeled POSITIVE but has 2 negative keywords vs 0 positive,medium,0,2,,
7922,saran untuk program cashback seperti go bill untuk berapa jumlah perkiraan cashback yang didapat seharusnya tercantum pada saat akan membayar pemberitahuan dapat cashback yang setelah membyr merepotkan karena misal stlh membayar tidak mendpat cashback tentu merugikan pengguna go jek,positive,Labeled POSITIVE but has 2 negative keywords vs 0 positive,medium,0,2,,
7953,selama ini lancar dan baik saja tapi kenapa tiba mau go investasi sudah tidak bisa pake paylater nya ya,positive,Labeled POSITIVE but has 2 negative keywords vs 1 positive,medium,1,2,,
8013,aplikasi terjelek yang saya temui sudah bayar tagihan ada pemberitahuan tahuan terimakasih telah membayar setelah beberapa menit pay later mau jatuh tempo terus saja kasi tahu pemberitahuan kayak limit besar saja sedang pay later yang besar saja tidak seperti itu kalau belum siap meluncur kan pay later jgn setiap menit pemberitahuan cek dulu pembayarannya tolong aplikasi nya dibenerin dulu sama it,positive,Labeled POSITIVE but has 2 negative keywords vs 1 positive,medium,1,2,,
8014,sejauh bulan aku pakai gojek sangat baik aplikasinya mudah dipakai penyelamat laparku hehe tapi tidak tau akhir akhir ini promosi jarang ada mungkin kedepannya makin banyak saja promonya,positive,Labeled POSITIVE but has 2 negative keywords vs 1 positive,medium,1,2,,
8019,suka tapi kalo bisa gofood nya di bikin yang bisa chat ke pengemudi ya agar tidak susah komunikasi nya,positive,Labeled POSITIVE but has 2 negative keywords vs 1 positive,medium,1,2,,
8202,tolong dong paylater di naik in agar saya bisa belanja untuk kebutuhan rumah kan selama ini saya tidak lamakalau byr patlater pinjam y cuma hari sudah saya kembalikan paylater y jadi tlng dong di naik in lagi limit y,positive,Labeled POSITIVE but has 2 negative keywords vs 0 positive,medium,0,2,,
8225,saya sbg pemilik resto waktu tunggu pengemudi laama sekali notifnya harap tunggu instruksi selanjutnya dan itu memakan waktu mengingat kita sbg pemilik resto tidak bisa setiap saat cek hp kalau di aplikasi sebelah jarak menerima pesanan kedatangan pengemudi cepat tidak sampai menit pengemudi sampe ke resto kalau d gojek lamaa sekaligus kadang sampai menit mohon ditingkatkan lagi,positive,Labeled POSITIVE but has 2 negative keywords vs 1 positive,medium,1,2,,
8229,diskon gratis ongkir pas di pake vocer nya bisa pas di pesen harga nya tetep harga restoran nya tidak ada diskon nya sudah kali begini untuk saya yang pencari diskonan sangat kecewa,positive,Labeled POSITIVE but has 2 negative keywords vs 0 positive,medium,0,2,,
8240,fitur go tix tidak ada biar tidak ribet pesen tiket bioskop dari rumah,positive,Labeled POSITIVE but has 2 negative keywords vs 0 positive,medium,0,2,,
8243,assalamualikum saya fara adiba saya pengguna app gojek saya ingin meminta maaf pada staf gojek karana saat itu saya ditelfon oleh salah satu staf gojek kata nya saya mendapat hadiah yaitu jt focer belanja onlin saat itu saya juga mendapat pesan dari gojek tapi saat di tengah telfon saya terpaksa mematikan telfon bukan berarti saya tidak mau hadiah itu tetapi saya di marahi oleh orang terdekat saya karena kata nya itu penipuan sekali lagi saya minta maaf ya pokok nya app gojek baguss,positive,Labeled POSITIVE but has 2 negative keywords vs 1 positive,medium,1,2,,
8282,membantu perjalanan dan banyak promosi nya semoga semakin banyak terus promonya tapi tetap tidak merugikan pengemudi,positive,Labeled POSITIVE but has 2 negative keywords vs 0 positive,medium,0,2,,
8299,saya menyesal sih berkali kali saya pesan bagus sih ada voucher gratis ongkir eh ternyata harga makanan beda dengan yang ada di aplikasi terus beda nya setara dengan harga ongkir kan sama ajah terus pengemudi tidak mau kasih nota katanya sudah di jalan dan ini sudah berkali kali kecewa masalah nya ini masalah kepercayaan saya harusnya harga makanan diupdate supaya tidak membingunkan pelanggan padahal saya selalu update aplikasi gojek tapi kenapa gini yah beda harga makanannya bisa sampai selisih ribu,positive,Labeled POSITIVE but has 2 negative keywords vs 1 positive,medium,1,2,,
8311,gojek sangat terbantu tidak menunggu lambat dan aman,positive,Labeled POSITIVE but has 2 negative keywords vs 0 positive,medium,0,2,,
8383,kecewa banget berlangganan gofood ditulis jelas voucher dpt rb paket goplay dan syarat lain tapi kenapa saat mau berlangganan tidak ditulis minimal belanja rb baru bsa dipake vouchernya setalah saya berlangganan baru muncul min blnja rb voucher rb bsa dipake sama saja bohong tau gitu tidak langganan saya kasih promosi yang jujur dong,positive,Labeled POSITIVE but has 2 negative keywords vs 0 positive,medium,0,2,,
8423,hari ini pesan makanan di lokasi tempat wisata ya ampun go jek biaya penanganan nya mahaall bangeett lebih banyak daripada harga makanannya dr sistem tidak langsung menyematkan untuk voucher diskonnya jadinya bayar mahall padahal sudah langganan,positive,Labeled POSITIVE but has 2 negative keywords vs 0 positive,medium,0,2,,
8453,tolong baca keluhan saya saya menggunakan paylater rp kenapa saya harus bayar rp bertahun thn saya percaya dengan app gojek or go food tapi bru kali ini saya sangat kecewa saya tidak akan mau bayar yang rp nya karena di app jg dijelaskan untuk menggunakan paylater gratis admin dan tadi siang saya pesan go food ketoprak dan minuman tapi yang datang cm ketopraknnya saja tdk ada penjelasan apa pun,positive,Labeled POSITIVE but has 2 negative keywords vs 1 positive,medium,1,2,,
8493,tolong lah masa bagus up berhasil bukti tf nya berhasil dari bank tapi saldo tidak masuk pas buat laporan malah suruh tunggu hari kecewalah sama gopay,positive,Labeled POSITIVE but has 2 negative keywords vs 1 positive,medium,1,2,,
8523,lebih bagus lagi kalo metode pembayaran bisa diubah setelah pesan gofood misalkan karena fitur pembatalan dari pihak konsumen sudah tidak bisa kalau kita salah pilih metode pembayaran jadinya agak repot lebih enak lagi kalau ada fitur untuk x pergantian metode pembayarannya seperti di app sebelah biar tidak kalah userfriendly saran ku,positive,Labeled POSITIVE but has 2 negative keywords vs 1 positive,medium,1,2,,
8554,membantu sii tapi kesal banget njir seribu kali gua nyoba upgrade ke gopay plus tidak bisa capek gua capek banget mana butuh banget lagi ini banyak tingkah pula,positive,Labeled POSITIVE but has 2 negative keywords vs 0 positive,medium,0,2,,
8563,mudah mudahan dengan bintang pelayanan dan kecepatan transaksinya bertambah tidak perlu nunggu lambat,positive,Labeled POSITIVE but has 2 negative keywords vs 1 positive,medium,1,2,,
8585,kenapa sekarang jadi mahal ya apa sudah tidak sanggup lagi nyediain promosi ya maaf ya saya pindah saja pake aplilasi yang lain kalau ada yang lebih murah aman dan nyaman kenapa karus di pertahan kan,positive,Labeled POSITIVE but has 2 negative keywords vs 0 positive,medium,0,2,,
8629,klo pake voucher promosi sbnrnya tidak mahal dr rb dpt potongan rb jadi rb aja tapi yang cuma dpt voucher saja sama bayar ny khusus pake gopay klo tunai tidak bisa klo bisa sering ngasih voucher promosi apalagi voucher promosi yang go food,positive,Labeled POSITIVE but has 2 negative keywords vs 0 positive,medium,0,2,,
8631,bad experience pake gojek car pengemudi nya lamaa banget sampai dititik jemput ada hampir menitan padahal normalnya menitan dan jalan lagi tidak macet cuaca cerah sudah gitu gamau berangkat sebelum ditambahin tip mentang mentang pake diskon pengguna baru jaid ogah ogahan lol si pengemudi,positive,Labeled POSITIVE but has 2 negative keywords vs 0 positive,medium,0,2,,
8666,lht komentar tidak ada yang bagus setelah ku coba aplikasinya baru aku paham alur cerita yang tertulis d dlm aplikasi tak sesuai kenyataan upgrade saja susahnya minta ampun,positive,Labeled POSITIVE but has 2 negative keywords vs 1 positive,medium,1,2,,
8672,aplikasinya bagus cukup membantu dalam perjalanan namun sekarang kenapa pihak pengemudi meminta biaya tambahan mengecewakan sekali tidak sesuai dengan nominal yang tertera,positive,Labeled POSITIVE but has 2 negative keywords vs 1 positive,medium,1,2,,
8679,parah mo pesan gomart tidak bisa tulisan pesannya warna abu apa karena saya punya voucer diskon jadi tidak bs pesan tmn saya yang lain tidak ada voucer bs pesan gomart kl begitu permainannya mah mending tidak ush naro promo tidak jelass,positive,Labeled POSITIVE but has 2 negative keywords vs 0 positive,medium,0,2,,
8722,kadang suka merasa kecewa sama drivernya kita sudah ketik tujuan kita dan nominal pun sudah jelas tapi kebanyakan pengemudi kl tarifnya murah suka tidak mau ambil sekalipun mau bnyk alasannya yang tidak sesuai lah dengan titik tujuan alhasil kita jadi mau tidak mau ya ksh tips lagi ke driver tlg di perhatikan donk,positive,Labeled POSITIVE but has 2 negative keywords vs 1 positive,medium,1,2,,
8728,untuk layanan go ride sama go car nya bagus cuman saya kecewa sama gopay later nya sudah di bayar tagihan nya tapi masih ada tagihan nya sudah tidak mau lagi gunakan gopay later nya sudah jelas jelas berhasil pembayarannya di complain masih saja begitu jawabannya harus di bayar,positive,Labeled POSITIVE but has 2 negative keywords vs 1 positive,medium,1,2,,
8735,mohon bantuannya kenapa saya tidak bisa mengupdate gojeg ke versi baru dan selalu ada kesalahan dan mengharuskan memasukkan kode saya sangat membutuhkan aplikasi gojeg ini karena sangat membantu perjalanan keseharian saya,positive,Labeled POSITIVE but has 2 negative keywords vs 0 positive,medium,0,2,,
8778,selamat siang min saat ini saya tidak bisa login dikarena nomor saya hilang dan tidak bisa diaktifkan kembali sudah mengikuti artikel cara pemulihan untuk ganti nomor tetapi tidak bisa keterangannya ada sedikit masalah tenang sedang dicari solusi nya lalu sudah email tapi belum ada balasan lagi sedang kan saldo gopay saya ada juta itu hasil kerja saya tetapi tidak ada kejelasan sampai saat ini apakah benar jika belum diupgrade menjadi gopay plus saldo tidak bisa dikembalikan,positive,Labeled POSITIVE but has 2 negative keywords vs 0 positive,medium,0,2,,
8863,thankyouu gojek atas promonyaa pas bokek selama kuliah heheh bokek pun tetep bisa makan enak berkat gojek sejauh ini tidak ada trouble apapun sih aplikasi tidak berat dan cukup akurat petanya semoga terus maju dan berkembang kedepannya,positive,Labeled POSITIVE but has 2 negative keywords vs 1 positive,medium,1,2,,
8866,so far selama ini baik baik dan tidak ada kendala semoga semakin baik pelayanan dan promosi gratis ongkir nya di perbanyak hehhe,positive,Labeled POSITIVE but has 2 negative keywords vs 1 positive,medium,1,2,,
8957,serba praktis byk promosi termasuk untuk bagus up yang tidak ribet minim biaya,positive,Labeled POSITIVE but has 2 negative keywords vs 1 positive,medium,1,2,,
8984,sangat nyaman dan praktis mudah di pahami dan tidak ribet pokoknya the best,positive,Labeled POSITIVE but has 2 negative keywords vs 0 positive,medium,0,2,,
9022,saya mau tanya bedanya voucher ketika berlangganan gojek plus dan biasa itu apa saya coba berlangganan hari tidak ada perbedaan pakai gojek plus atau tidak voucher hanya padahal tulisannya rugii dongg mohon jawaban nya update dan ternyata setelah di cek berlangganan gojek plus cuma dapet voucher tok hehe mending nda sah yaa,positive,Labeled POSITIVE but has 2 negative keywords vs 0 positive,medium,0,2,,
9107,bagus sangat membantu aktifitas dikala perlu tranpotasi dan perlu makan jadi tidak susah mudah simple cuma mainin jari,positive,Labeled POSITIVE but has 2 negative keywords vs 1 positive,medium,1,2,,
9198,mudahan ad yang baca saya selaku driver untuk yang baru menggunakan aplikasi gojek custmer tolong bagi pengguna aplikasi gojek pelajari dulu aplikasinya sebelum menggunakan dan pesan layanan di gojek karna banyak sekali titik jemput yang salah ordernya double bahkan melihat pesanan yang sedang berjalan saja tidak bisa bahkan yang pesan tidak bisa di hubungi dan untuk sistem gojek mohon di beri kemudahan pengguna baru untuk mempelajari aplikasi agar tidak merugikan driver,positive,Labeled POSITIVE but has 2 negative keywords vs 0 positive,medium,0,2,,
9199,saya sudah lambat sebagai pengguna aplkasi gojek dan sering bagus up melakulan mobile bangking pada tanggal maret sd sekarang maret bagus up yang saya lakukan senilai jt tidak ada kejelasannya setiap hari saya email setiap hari saya telp setiap kali di minta bukti bagus up saya kirim kan di email tapi alhasil tidak memberikan hasil yang memuadkan sama saya sampai sekarang tidak masuk bagus up saya jadi buat aplkasi gojek silahkan saja ambil dan tidak usah kembalikan uang saya,positive,Labeled POSITIVE but has 2 negative keywords vs 1 positive,medium,1,2,,
9226,bagus sih gofood ngebantu banget kalo lagi males keluar tapi biaya jasa aplikasi nya makin hari makin mahal terus semakin levelnya naik bukannya makin murah banyak diskon tapi malah makin jarang ada voucher minimal belanjanya juga jadi k harusnya sama costumer yang loyal sudah lambat pake gojek tuh ditambah promonya bukan malah makin diporotin,positive,Labeled POSITIVE but has 2 negative keywords vs 1 positive,medium,1,2,,
9303,auto delet setelah tahun pakai apk sangat membantu yang lucu habis dikasih limit pinjam jt awalnya tidak minat karena iming naik limit kalau lunas akhirnya pinjam setelah lunas sesuai ketentuan makin lucu bukannya naik limit malah sama sekali ke php cuma di janjikan bulan depan mulu sampai x bulan dah bos fokus sama kurir dan ojek aja dari pada bikin konsumen kecewa untung sekarang banyak apk ojek lain yang lebih bagus bye gojek,positive,Labeled POSITIVE but has 2 negative keywords vs 1 positive,medium,1,2,,
9325,mohon ketika lagi memesan tolong jangan mengubah alamat secara otomatis apalagi di gomart tiba tiba berubah alamat saya ke alamat lain dan juga untuk fitur address tambahkan note untuk menaro alamat dengan benar tidak di note yang di setiap kali harus di ketik,positive,Labeled POSITIVE but has 2 negative keywords vs 0 positive,medium,0,2,,
9364,selamat malam kenapa pas saya mu go ride map nya tidak jalan ya pakbu tulisannya gokek lagi bermasalah dengan layanan google play mohon dibantu ini kenaapa saya sudah instal ulang tetap tidak bisa,positive,Labeled POSITIVE but has 2 negative keywords vs 1 positive,medium,1,2,,
9453,kode bisa kirim via wa ngapa biar tidak ribet waktu kartu tidak kepasang,positive,Labeled POSITIVE but has 2 negative keywords vs 0 positive,medium,0,2,,
9456,untuk gojek aku dari kemaren daftar ko tidak jadi jadi kode otp nya tidak dikirim kirim padahal sinyal aku bagus no ku masih baru harusnya pesan sms nya cepet dong eh ini aku sudah coba berkali kali tetep saja tidak ada pesan kode otp padahal sinyal nya bagus dahlah cape sampe kesal sendiri,positive,Labeled POSITIVE but has 2 negative keywords vs 1 positive,medium,1,2,,
9504,pecat saja tuh developnya masak pihak gojek jg gada data historis pesanan pas lagi errorny aplikasi at least ketika komplain ada jalan keluarnya costumer bisa minta nomer pengemudi langsung dan gojek juga ada auto back up data jadi semuanya tidak kacau pelanggan tidak bakal nelpon kalo tidak ngeluh apalagi kalo urgent gini,positive,Labeled POSITIVE but has 2 negative keywords vs 0 positive,medium,0,2,,
9536,selamat malam kak saya mau konfirmasi kenapa ya paylater saya sudah saya bayar tapi tetap tidak ada perubahan tidak ada kata lunas padahal saldo sudah berkurang,positive,Labeled POSITIVE but has 2 negative keywords vs 0 positive,medium,0,2,,
9538,emang tidak ada tandingannya ini aplikasi beda sama apk sebelah maaf utuk summary di akhir thn saya sampaikan bila saya memesan gofood dan gojeknya saya selalu memberi tips kepada drivernya biasanya gojek kan ada nihh summary diakihr thn utk pnggunanya saya dpt rapot buruk karena tidak memberi tips bagi saya memberi itu tidak hrus diketahui oleh aplikasi gojek nya dan saya sangat keberatan oleh hasil rapot di setiap akhir thn lebih baik hpus sajalah sy sudah kali sperti ini,positive,Labeled POSITIVE but has 2 negative keywords vs 1 positive,medium,1,2,,
9581,saya kasih bintang penguna baru saya baru upgrade gopay semoga proses cepat sehingga tidak mengecewakan,positive,Labeled POSITIVE but has 2 negative keywords vs 1 positive,medium,1,2,,
9685,bagus sih sebagai pengguna selama ini lancar manteb ada uneg dari teman driver katanya kemarin dapet pesanan double go ride go food sekaligus x katanya mau ngechat kustomer untuk konfirmasi tidak bisa kasihan teman saya kalau di report bagaimana terakhir tolong tindak tegas buat resto yang masang harga tidak sesuai dengan aplikasi perhatikan kesejahteraan driver tanpa pengemudi aplikasi anda tidak jalan,positive,Labeled POSITIVE but has 2 negative keywords vs 1 positive,medium,1,2,,
9696,aplikasi sangat bagus selama ini tidak ada masalah tapi dari tgl kemarin saya mau bayar tagihan gopaylater tidak bisa biasanya sebelum jatuh tempo saya bayar bisa,positive,Labeled POSITIVE but has 2 negative keywords vs 1 positive,medium,1,2,,
9763,sistem lu ganti jek jangan nyari akun prioritas cari akun yang terdekat untuk pengemudi itu menguntungkan pihak pihak pengemudi untung karena tidak jauh untuk ambil pesanan hemat waktu dan biaya bensin pihak customer untung karena pesanan datang lebih cepat tolonglah ganti sistem lu jek kalo sistem lu masih gini gini aja dengan berjalannya waktu lu bakal di tinggalin sama customer lu yang makin hari makin banyak yang kecewa gara sistem lu jek jek ayolah berubah jek berubaah,positive,Labeled POSITIVE but has 2 negative keywords vs 1 positive,medium,1,2,,
9810,suka heran sama gojek banyak drver yang on tapi tidak terima orderan buat apa ada goride kalo mmg tidak bisa digunakan buat kecewa pegguna uda ganti bukan pakai yang hemat tetap tidak ada terima,positive,Labeled POSITIVE but has 2 negative keywords vs 1 positive,medium,1,2,,
9814,mudah menggunakan dan pengemudi sangat dekat jadi tidak usah nunggu lama,positive,Labeled POSITIVE but has 2 negative keywords vs 0 positive,medium,0,2,,
9821,tolong bagi para pengguna ojek online berilah penilaian sesuai pengalaman ke abangnya ya kl enak rating bagus kl tidak enak ya retingnya jgn bagus mksh,positive,Labeled POSITIVE but has 2 negative keywords vs 1 positive,medium,1,2,,
9822,aplikasi ojol paling pelit paling mencekik ongkir pembeli mahal ongkos pengemudi terlalu murah lah terus kalo orang pesan duitnya kemana dong lu makan sendiri rakus memang lu ya kerja juga kagak modal bikin apk saja serakah org yang kerja lu yang nikmati hasilnya jahanam banget lu makan duit yang bukan hak lu hati tidak berkah hidup lu developer mau sekaya apapun lu tidak bakal pernah puas tidak bakal berkah karena lu makan dri duit org yang kerja keras dan lu cuma santai nikmati hasil keringat orang,positive,Labeled POSITIVE but has 2 negative keywords vs 1 positive,medium,1,2,,
9861,saya sangat puas dengan aplikasi ini dia rela menerjang dinginnya malam panasnya matahari siang yang belum updatedownload rugi deh aku punya pengalaman waktu itu aku mesen go food nah waktu itu hp pengemudi ny mati dia berusaha mencarinya dan akhirnya ketemu salutt saya,positive,Labeled POSITIVE but has 2 negative keywords vs 1 positive,medium,1,2,,
9873,saya mau meng update ulang kenapa tidak bisa padahal baru diupdate tgl dan tidak bisa beli voucher alasan harus diupdate padahal halaman update tidak tersedia apa ini permainan gojek,positive,Labeled POSITIVE but has 2 negative keywords vs 0 positive,medium,0,2,,
9905,dari sekolah pake gojek tidak pernah mengecewakan bagus,positive,Labeled POSITIVE but has 2 negative keywords vs 1 positive,medium,1,2,,
9906,apk sudah bagus hanya saja mohon agar lebih akses lagi dengan pembaca layarnya tunanetra misalnya untuk pembatalan pesanan itu tidak akses sama pembaca layarnya tunanetra dan kalau bisa pada ikon cat dan telphon menggunakan font jadi bisa kebaca untuk ngangkat telphon dari pengemudi juga agak kesulitan trima kasih,positive,Labeled POSITIVE but has 2 negative keywords vs 1 positive,medium,1,2,,
9927,sudah beberapa kali pake applikasi gojek dengan berbeda beda akun karena applikasinya sering log out sendiri dan tidak bisa menggunakan akun yang lambat pasti harus daftar baru lagi padahal belum lambat baru isi gopay mohon diperbaiki,positive,Labeled POSITIVE but has 2 negative keywords vs 1 positive,medium,1,2,,
9951,lebih d tingkat kn lagi aplikasi nya biar tidak lemot trs kpnhari hujan tidak susah cari driver karna lebih byk pengemudi yang mangkal dr pada ngambil penumpang,positive,Labeled POSITIVE but has 2 negative keywords vs 0 positive,medium,0,2,,
10034,tolong buat aplikasi waktu maksimalnya jangan buat nunggu driver tapi untuk maksimal makanan sampainya masa ya menit cuma buat nungguin dapet pengemudi dan alhasil tidak dapet dan di menit itu baru bisa batalin,positive,Labeled POSITIVE but has 2 negative keywords vs 0 positive,medium,0,2,,
10158,dari pengalaman saya menggunakan fitur go ride saya menyarankan untuk memberikan kuesioner kepribadian customer di apk gojek seperti gender cust dan apakah cust merupakan orang yang suka berbicara atau tidak hal ini penting karena nama saya sering dikira laki laki yang padahal saya perempuan dan itu berkali kali terjadi yang membuat saya risih banyak pengemudi suka ngobrol basa basi dengan saya mungkin mereka berpikir agar cust nyaman tetapi saya adalah tipe yang tidak suka diajak ngobrol,positive,Labeled POSITIVE but has 2 negative keywords vs 1 positive,medium,1,2,,
10194,selama memakai gojek atau gocar tidak ada masalah mudah pemakaiannya harga jasa standar dan terjangkau,positive,Labeled POSITIVE but has 2 negative keywords vs 0 positive,medium,0,2,,
10212,kenapa saya mau login akun saya susah banget loading mulu ini kenapa biasanya juga lancar jangan salah kan saya klo ada tagihan paylater ya soalnya saya mau bayar juga tidak bisa login,positive,Labeled POSITIVE but has 2 negative keywords vs 0 positive,medium,0,2,,
10215,sangat membantu bagi saya yang susah untuk keluar rumah tapi sekarang voucer nya tidak banyak dan diskon nya kurang besar dan sekarang untuk ongkir gofood nya cuma bisa untuk sebagian saja dan yang superparnert tidak berlaku klo bisa sich gratis ongkir nya bisa dipakai untuk semua toko yang ada di gojek,positive,Labeled POSITIVE but has 2 negative keywords vs 0 positive,medium,0,2,,
10225,good selama pemakaian dari dulu tidak pernah ada kendala bintang lima buat aplikasi ini,positive,Labeled POSITIVE but has 2 negative keywords vs 0 positive,medium,0,2,,
10266,bagus up saldo gopay tapi tidak masuk sudah nunggu x jam masih juga tidak ada padahal saldo di bank juga sudah kepotong hubungi bantuan di gojek tapi tidak ada penyelesaian dm via instagram juga tidak direspon parah hati hati buat yang mau bagus up gopay entar uang kalian malah ditilep,positive,Labeled POSITIVE but has 2 negative keywords vs 1 positive,medium,1,2,,
10326,aplikasinya sangat membantu tapi tlnglah jarak jemput jangan terlalu jauh kemarin saya pesan khusus penumpang drivernya minta di batalin karena jaraknya terlalu jauh mau tidak mau ya harus saya batalkan,positive,Labeled POSITIVE but has 2 negative keywords vs 0 positive,medium,0,2,,
10337,sangat membantu cepat dan tidak pernah mengecewakan mksh gojek atas pelayananya aq pengguna setiamu,positive,Labeled POSITIVE but has 2 negative keywords vs 1 positive,medium,1,2,,
10344,tolong lebih ditingkatkan lagi ya performa aplikasinya saya beli voucher buat nonton pas mau bayar pakai gopay malah gabisa bayar rugi banget beli voucher dari dulu punya voucher selalu tidak kepake karena selalu gabisa buat bayar,positive,Labeled POSITIVE but has 2 negative keywords vs 0 positive,medium,0,2,,
10379,pantes sekarang susah banget pesan gocar tadi malam dpt info dari pengemudi argonya turun dulu reguler per km sekarang reguler sama kyk hemat pantes pengemudi nya pda tidak mau ambil orang itungannya jelas boncos mereka mau kerja bukan di kerjain silahkan di kaji ulang tentang tarif kami pelanggan tidak butuh murah karena kami juga butuh yang kami butuhkan dapat pengemudi gampang sama seperti dulu sblm ada tarif hemat,positive,Labeled POSITIVE but has 2 negative keywords vs 0 positive,medium,0,2,,
10382,tampilan gojek sekarang ribet banget dah lebih simple tampilan yang dulu saya biasa bagus up game langsung login k gojek buat beli diamond tapi sekarang malah tidak bisa jadi mon maap rantingnya langsung turun k dari sebelumnya saya kasih,positive,Labeled POSITIVE but has 2 negative keywords vs 1 positive,medium,1,2,,
10404,aplikasi nya sangat baik gampang untuk di gunakan tidak perlu susah susah ngekirim lokasi langsung tau titik jemputnya semoga semakin baik dan bermanfaat lagi aplikasi gojek nya,positive,Labeled POSITIVE but has 2 negative keywords vs 1 positive,medium,1,2,,
10415,kemanannya bagus tidak ribet juga,positive,Labeled POSITIVE but has 2 negative keywords vs 1 positive,medium,1,2,,
10495,selama menggunakan aplikasi gojek gosend gofood gocar goride belum pernah dikecewakan semuanya baik baik saja semoga bisa dipertahankan serta dapat ditingkatkan lebih baik lagi,positive,Labeled POSITIVE but has 2 negative keywords vs 1 positive,medium,1,2,,
10505,sangat mudah mau ngapain ajah semua ada di aplikasi ini sangat mudah dan tidak ribett trus maju gojek,positive,Labeled POSITIVE but has 2 negative keywords vs 0 positive,medium,0,2,,
10538,aplikasi layanan yang sangat membantu tapi kenapa skr gofood nya harus mengantar bbrp pesanan ke alamat yang berbeda ya kadang jadi lebih lambat di kita,positive,Labeled POSITIVE but has 2 negative keywords vs 0 positive,medium,0,2,,
10566,awalnya merasa terbantu dengan adanya aplikasi gojekrajin pakai gopaypay latter namun sedikit kecewa setelah merasa nyaman ternyata tanpa kita sadari uang elektronik tersebut didebet tidak sesuai dengan total awal seharusnya sebagai contoh untuk biaya ongkir diawal diinformasikan ketika selesai saya cek menjadi ada juga yang free ongkir tnyata setelah dicek lagi ada biaya saya makin terheran ngakunya harkulnas tapi didebet harga asli kalau tidak kuat kasih promosi tidak usah promo,positive,Labeled POSITIVE but has 2 negative keywords vs 0 positive,medium,0,2,,
10575,gopay saya di gojek suka kepotong otomatis rb sekian history nya pembayaran google play saya merasa rugi karena tidak merasa melakukan pembayaran otomatis bagaimana cara keluar dari pomotongan tersebut mohon utk di respon,positive,Labeled POSITIVE but has 2 negative keywords vs 1 positive,medium,1,2,,
10588,kenapa saldo gopay tidak bertambah setelah bagus up melalui bca one klik pdhal sudah ada pesan masuk bagus up berhasil tpi di akun gojek gopay nya tidak bertambah saya merasa dirugikan mohon bantuannya,positive,Labeled POSITIVE but has 2 negative keywords vs 1 positive,medium,1,2,,
10692,saya bagus up gopay tanggal maret sampai sekarang tidak masuk saya email telp cs tapi tidak ada kejelasan selalu di php aplikasi gagal hati hati kalo bagus up,positive,Labeled POSITIVE but has 2 negative keywords vs 1 positive,medium,1,2,,
10803,aplikasi ini dapat sangat membantu saya untuk bepergian jadi saya tidak susah susah lagi untuk mencari tukang ojek,positive,Labeled POSITIVE but has 2 negative keywords vs 0 positive,medium,0,2,,
10807,terlalu besar potongan untuk mitra kalau sharing sama driver suka sedih dengernya kadang emang penting mendengar keluhan customer tapi kebanyakan pengemudi yang dirugikan pengemudi mengeluh tidak didengar endingnya diberi suspend ingin tertawa tapi ini neheri konoha,positive,Labeled POSITIVE but has 2 negative keywords vs 1 positive,medium,1,2,,
10968,saya merasa terbantu adanya pengemudi ojol gojek kemana pergi tidak binggung dan selama ini merasa sangat terbantu trimakasih gojek,positive,Labeled POSITIVE but has 2 negative keywords vs 1 positive,medium,1,2,,
11070,sip lah kalo buat di perkotaan mah sat set cepat dan tidak mahall,positive,Labeled POSITIVE but has 2 negative keywords vs 1 positive,medium,1,2,,
11117,tolong untuk castamer kalau ngasihklik bintang ke pengemudi yang betul castamer ngasih koment bagus tapi ngasih bintang itu pengaruh ke pesanan driver jadi buruk kondite di gopartnernya turun rating drver tolong klik yang betul bintangnya saya dpt koment bagus tapi di kasih bintang hancur rating dan pesanan saya sistem goparner tidak peka tetap saja saya yang salah di baca oleh sistem gopartner padahal yang castamer,positive,Labeled POSITIVE but has 2 negative keywords vs 1 positive,medium,1,2,,
11238,suka kesal dengan harga nya berangkat nya harga k pas balik kadang k kadang k ehh sekarang tidak ada voucher nya malah hampir k padahal cuma nyebrang kebelah,positive,Labeled POSITIVE but has 2 negative keywords vs 1 positive,medium,1,2,,
11296,sangat sangat membantu sekali tapi minta tolong dong agar lebih teliti lagi untuk yang ingin menjadi pengemudi go jek karena sudah hampir sering saya menemukan pengemudi yang ugal ugalan dalam berkendara dan juga seperti tidak mengetahui tata cara berkendara kurang safety tidak memperhatikan keamanan dijalanan terkadang ada pengemudi yang ingin mengantar penumpang dengan tepat waktu tetapi tidak mementingkan keselamatan dalam berkendara sama minta tolong untuk para drivernya suruh jaga kebersihan,positive,Labeled POSITIVE but has 2 negative keywords vs 0 positive,medium,0,2,,
11334,aplikasinya tidak ribet tingkatkan jangkauan sampai kepelesok desa dong hehehe diskondiskonnya juga lumayan ditunggu kehadiranmu didesa gojek,positive,Labeled POSITIVE but has 2 negative keywords vs 0 positive,medium,0,2,,
11350,aplikasi error tidak bisa login muncul tulisan failed to get your session tolong dibantu selesaikan masalah ini aplikasi ini sangat membantu untuk kegiatan sehari hari saya jadi saya sangat mengharapkan untuk segera diselesaikan masalah ini terimakasih,positive,Labeled POSITIVE but has 2 negative keywords vs 1 positive,medium,1,2,,
11384,tolong kalo misalkan dah nyalain gps langsung di ganti alamat penjemputan pengantaran nya jangan manual ganti lokasi nya nanti kalo salah lokasi kan jadi tidak guna gps nya disuruh nyalahin gps buat apa kalo misalkan salah lokasi,positive,Labeled POSITIVE but has 2 negative keywords vs 0 positive,medium,0,2,,
11462,aplikasinya cukup membantu terutama untuk mobilisasi tapi sayangnya ditahun ini sudah dua kali saya pesan makanan dan sudah lock alamat rumah saya tapi ketika diantar malah ke tempat random yang jauh dari rumah saya saya sudah pakai aplikasi gojek lebih dari tahun dan sebelumnya tidak pernah kejadian seperti ini mohon diperbaiki lagi,positive,Labeled POSITIVE but has 2 negative keywords vs 1 positive,medium,1,2,,
11497,tidak pake lambat nunggu drivernya ramah sopan dan paham route jalan,positive,Labeled POSITIVE but has 2 negative keywords vs 1 positive,medium,1,2,,
11514,selama pake tidak ada kendala apa apa dan selama ini juga pengemudi yang didapet baik baik semua,positive,Labeled POSITIVE but has 2 negative keywords vs 1 positive,medium,1,2,,
11518,kecewa ngomong saja cashback sama gratis ongkir tapi tidak ada satupun yang terjadi tulisannya gratis ongkir pas udeh nyari pengemudi malah jadi kena bayar tarif ongkirnya,positive,Labeled POSITIVE but has 2 negative keywords vs 0 positive,medium,0,2,,
11612,update selanjutnya fitur chat nya ada nadanya dong biar terdengar pas tidak kepegang hapenya kasian suaka nunggu kelamaan karena kdg abgnya tidak nrlpon hanya pakai fitur chat,positive,Labeled POSITIVE but has 2 negative keywords vs 0 positive,medium,0,2,,
11659,barang sampai tujuan tapi karena ada sedikit kesalahan ketik alamat tujuan barang tetap sampai dengan cepat walaupun hujan,positive,Labeled POSITIVE but has 2 negative keywords vs 1 positive,medium,1,2,,
11724,simple dan tidak ribet,positive,Labeled POSITIVE but has 2 negative keywords vs 0 positive,medium,0,2,,
11731,hari ini kecewa sama gojek ngasih voucher go bills cashback maxilam namun saat digunakan malah tidak dapat cashback sama sekali complain di bantuan tetap tidak jelas belum ada balasan,positive,Labeled POSITIVE but has 2 negative keywords vs 0 positive,medium,0,2,,
11752,banyak membantu pengiriman barang namun kadang lokasi penerimaan tidak tepat masih membutuhkan gps gunakan penduduk setempat u menanyakan alamat pastinya,positive,Labeled POSITIVE but has 2 negative keywords vs 0 positive,medium,0,2,,
11809,sangat membantu sekali dengan adanya aplikasi gojek smoga di tingkatkan lagi pelayanan nya dipilah seleksi lagi to para pengemudi gocar maupun gojek jgn yang ugalan dan semaunya sendiri to gofood jg kl bs dipilah pilah lagi cari yang bnr rekomendasi dan enak biar tidak mrasa zonk pelanggan tidak kelain hati trimakasih,positive,Labeled POSITIVE but has 2 negative keywords vs 1 positive,medium,1,2,,
11828,mntap bisa kemana mana galang tidak susah susah sekarang tingal klik saja,positive,Labeled POSITIVE but has 2 negative keywords vs 0 positive,medium,0,2,,
11842,sudah tidak paham lagi sama app ini dan mitranya entah berapa kali hampir celaka karena mereka alhamdulillah selamat sering banget belok tidak pakai lampu sen keluar gang ke jalan lurus malah langsung belok harusnya jalan lurus utama ini basic sekali sudah gitu nyolot lagi ngebut tidak jelas melanggar lampu merah nyelip zigzag mepet banget lagi gini ya kalau memang mau bawa ke bahaya tidak usah bawa bawa orang apalagi customer semua orang mai selamat aman nyaman termasuk customer,positive,Labeled POSITIVE but has 2 negative keywords vs 0 positive,medium,0,2,,
11852,buat para pemakai jasa gofood tolong di pahami orderan anda lambat dapat pengemudi bukan di karena kan tidak ada pengemudi tapi gojek mencari pengemudi yang ikut program tarif murah dengan tarif rb per km walau saat anda pesan ada pengemudi dekat resto itu tapi pengemudi itu tidak ikut program tarif murah tidak bakal pesan jatuh ke pengemudi itu,positive,Labeled POSITIVE but has 2 negative keywords vs 0 positive,medium,0,2,,
11874,praktis mau pesen apa saja tidak pake ribet semoga semakin maju untuk go jek dan para pengemudi nya semuanya the best,positive,Labeled POSITIVE but has 2 negative keywords vs 0 positive,medium,0,2,,
11899,kak tambahin menu utk alamat tetap yang selalu di kunjungi gt dong misal utk alamat rumah alamat kantor jadi tidak sll ketik alamat tujuan kalau mau order,positive,Labeled POSITIVE but has 2 negative keywords vs 0 positive,medium,0,2,,
11903,sangat membantu banget buat aku new mom yang super sibuk bisa makan sehat simple terus bisa pergi kamana tidak perlu ribet,positive,Labeled POSITIVE but has 2 negative keywords vs 0 positive,medium,0,2,,
12025,apl nya sangat luar biasa lain kali bisa dibayar untuk disney hotstar dong min biar tidak ribet min soalnya sekarang disney hotstar belum bisa saya masukin jadi ditingkatkan lagi min biar bisa bayar juga di apl disney hotstar,positive,Labeled POSITIVE but has 2 negative keywords vs 0 positive,medium,0,2,,
12119,aplikasinya bagus tapi aku minta tolong buat aplikasi gojek kalau yang go food minta tolong yang aplikasi batal makanan minta tolong ditiadakan karena kasihan pengemudi ojek yang dijailin oleh orang yang tidak bertanggung jawab dan tingkatkan kalau emang bisa mintol banget untuk bisa meverifikasi pemilik lebih detail karenakan kadang ada nomer hp yang bisa dihubungi minta tolong aplikasi lebih ditingkatkan lagi khusus untuk go food agar tidak ada pengemudi ojol yang tertipu mkasih semoga bermanfaat,positive,Labeled POSITIVE but has 2 negative keywords vs 1 positive,medium,1,2,,
12163,selama ini belum ada mslh kendalanya klo pas servernya bermasalah bikin pusing mau pesan tidak bisa pokoknya gojek mantaaps,positive,Labeled POSITIVE but has 2 negative keywords vs 0 positive,medium,0,2,,
12207,aplikasi tidak jelas akun sudah level juragan kan otomatis dapat voucher go club pas dipakai buat bagus up game malah akun diblokir semua voucher hilang kesalahannya dimana juga tidak di beri tau sama cs nya bintang saya rasa lebih dari cukup,positive,Labeled POSITIVE but has 2 negative keywords vs 1 positive,medium,1,2,,
12213,saya ada kirim laporan saldo gopay saya di akun yang satunya msh ada dan nomor hpnya sudah tidak aktif lagi minta pindahin saldo di akun yang baru sampai skr belum ada di kembalikan saldo gopay saya di akun lama juga kemarin saya beli kopi kenangan sudah jelas vocher terpasang cashback tapi sudah lebih dari jam saldo gopay nya pun belum msk juga sudah kirim laporan sih dan mohon maaf semanjak bp nadim jadi mentri kyknya aplikasi gojek tidak seperti dulu msh ada beliau sy pakai gojek sejak,positive,Labeled POSITIVE but has 2 negative keywords vs 0 positive,medium,0,2,,
12249,ketika tidak ada yang bisa jemput gojek jadi penyelamat,positive,Labeled POSITIVE but has 2 negative keywords vs 0 positive,medium,0,2,,
12334,apknya bagus sih bnyk promo tpi sngt di syngkn untuk gofood tidak bisa lapor toko yang berbuat curang karena sering sekali customer terjebak beli makanan harga mahal yang datang hanya telur doang saran saya berikan juga fitur laporkan toko yang bermasalah jdi agar cutomer yang lain tidak terjebak berkali kali,positive,Labeled POSITIVE but has 2 negative keywords vs 1 positive,medium,1,2,,
12367,mudah dan cepat nungguhnya kagak kelamaan juga murah oh ya kalo ada apa di batalin juga bisa,positive,Labeled POSITIVE but has 2 negative keywords vs 1 positive,medium,1,2,,
12369,posisi titik alamat pd awal slalu tepat tp makin kesini tidak tepat titiknya voucher donk potongan sprti dlu biar ringan utk anak sekolah,positive,Labeled POSITIVE but has 2 negative keywords vs 0 positive,medium,0,2,,
12395,terima kasih gojek atas pinjamannya tidak ribet dan tidak sampe menit sudah cair uangnya,positive,Labeled POSITIVE but has 2 negative keywords vs 1 positive,medium,1,2,,
12631,sangat cepat pas waktu upgrade gopay ke gopay plus tidak nunggu waktu lambat,positive,Labeled POSITIVE but has 2 negative keywords vs 1 positive,medium,1,2,,
12674,sudah suka banget pke gojek tapi kenapa sekarang tidak bisa pke voucher sihh jadi mahal kan kalo mau pesen go food,positive,Labeled POSITIVE but has 2 negative keywords vs 1 positive,medium,1,2,,
12706,sangat di anjurkan untuk yang pemula karena gojek merupakan aplikasi ojek online paling bagus dan tidak terlalu susah daftar sana sini,positive,Labeled POSITIVE but has 2 negative keywords vs 1 positive,medium,1,2,,
12740,transportasi on line yang membantu banget cepat tidak ribet dan hemat,positive,Labeled POSITIVE but has 2 negative keywords vs 1 positive,medium,1,2,,
12748,jemput tidak pernah terlalu lama pesanan makanan walaupun hujan juga tidak lama,positive,Labeled POSITIVE but has 2 negative keywords vs 0 positive,medium,0,2,,
12875,banyak akun pesanan fiktif terlalu mudah membuat akun gojek costumer jadi banyak disalahgunakan fitur pengemudi minta batal terlalu mudah disalah gunakan oleh orang yang tidak bertanggung jawab,positive,Labeled POSITIVE but has 2 negative keywords vs 0 positive,medium,0,2,,
13078,kenaikan tarif saat ramai sangat tidak rasional bisa lipat bahkan grab saja tidak separah itu dan masih memberikan banyak diskon,positive,Labeled POSITIVE but has 2 negative keywords vs 0 positive,medium,0,2,,
13096,seharusnya pada saat pesan gosend alamat tujuan ditampilkan diawal berbarengan dengan alamat pengirim di aplikasi drivernya jadi tidak seperti beli kucing dalam karung,positive,Labeled POSITIVE but has 2 negative keywords vs 0 positive,medium,0,2,,
13101,suka banget sama aplikasi go jek apalagi kalau lagi mau makan dan mager masak jadi enak gojek bisa dipesen tidak terlalu lambat juga,positive,Labeled POSITIVE but has 2 negative keywords vs 1 positive,medium,1,2,,
13107,mohon kedepan nya di tambahin fitur chat jadi mudah bagi pengendara atau penumpangcustomer yang tidak ada pulsa atau susah dihubungin lewat nomor hp jadi gampang kalau ada fitur chat dr bawaan aplikasi tersebut thanks,positive,Labeled POSITIVE but has 2 negative keywords vs 1 positive,medium,1,2,,
13163,klo bisa jarak jauh poin utk pengemudi ditambah karena rata klo jauh pengemudi tidak mau ambil order karena klo jauh motor jg cepat rusak trims,positive,Labeled POSITIVE but has 2 negative keywords vs 1 positive,medium,1,2,,
13179,banyak dapet voucher tapi kenapa terkesan setengah hati banget ya ngasih nya voucher food tpi yang ke potong cuma ongkir voucher buat potongan harga di minimarket tapi jaringan padat mulu dan coba lagi nanti keburu masa berlaku habis voucher ride tpi tarifnya lbh mahal dari biasanya sehingga klo motong sama saja kyk tarif regular kalo menurut saya sih mending tidak usah mengiming imingi customer dengan hal hal yang sekiranya memberatkan anda gojek,positive,Labeled POSITIVE but has 2 negative keywords vs 0 positive,medium,0,2,,
13257,apa nih aplikasi apaan ini saya kira gampang banget pakenya ternyata susah banget saya mau bagus up diamond saja tidak bisa aneh banget jaringan stabil kenapa saldo gopay banyak cuma bagus up ribu tidak bisa aplikasi tidak jelas ini tidak usah dipake harus beginilah begitulah menyesal saya saya peringatkan ya jangan dipakai paham,positive,Labeled POSITIVE but has 2 negative keywords vs 1 positive,medium,1,2,,
13293,kenapa semakin hari semakin tambah buruk ya aplikasi dan layanan gojek ini sudah sering tidak bisa digunakan untuk fitur go ride nya voucher voucher nya sekarang malah tidak bisa untuk login akun terus bagaimana dengan saldo akun saya nih,positive,Labeled POSITIVE but has 2 negative keywords vs 0 positive,medium,0,2,,
13345,barakallahu fiikuum mohon maaf tadi kesalahan saya saya baru menggunakan aplikasi ini jadi masing bingung td sudah pesen pengemudi tapi aplikasi tidak muncul di hp pesan lagi tk muncul jadi sampai pesan driver mohon maaf bapak pengemudi yang saya cancel semoga allah memberi rezeki lebih byk untuk pengemudi yang saya cancel mohon maaf sekali untuk kedepannya aplikasinya lebih di perbaharui agar semakin baik good job mohon di mengerti,positive,Labeled POSITIVE but has 2 negative keywords vs 1 positive,medium,1,2,,
13382,ada enaknya ada ngganya di gocar enaknya kalo dapet orang yang ramah enak banget fun fun gitu kalo orang yang cuek agak bagaimana gitu akward malu aku jadinya di goride biasanya aku kalo pake goride aku cepet cepet jadi agak panik bagaimana gitu kalo dapet pengemudi yang ramah enak tidak kerasa dah sampe saja kalo yang cuek kyk bagaimana gitu takut saya di gofood enak biasanya drivernya ramah ramah and sabar banget nungguin pesanan aku soalnya aku biasanya pesen banyak sudah si gitu saja dari pengalamanku makasi,positive,Labeled POSITIVE but has 2 negative keywords vs 1 positive,medium,1,2,,
13401,aku suka makan tapi mager banget kalau harus keluar dan gofood ini membantu banget sih jadi tidak susah lagi kalau mau makan makanan luar tapi susahnya kalau cari pengemudi yang deket di daerah ku sini di cepogo boyolali bahkan sering tidak ada pengemudi terdekatnya,positive,Labeled POSITIVE but has 2 negative keywords vs 1 positive,medium,1,2,,
13458,halo gojek saya suka melalukan pembayaran online melalui aplikasi ini tapi kenapa sekarang suka susah ya selalu eror dan saldo tidak cukup padahal saldonya ada tolong bantuannya ya,positive,Labeled POSITIVE but has 2 negative keywords vs 1 positive,medium,1,2,,
13460,didlm aplikasi ini ada mode hemat ketika saya mencoba mode hemat estimasi pemesanan pencarian pengemudi jam lebih saat makanan sudah sampai makanan dingin tidak hangat lagi jd intinya mode hemat ini sangat merugikan,positive,Labeled POSITIVE but has 2 negative keywords vs 0 positive,medium,0,2,,
13497,kenapa saya tidak mendapatkan gojek paylater mohon dibantu aplikasinya semangkin di update malah makin buruk aplikasinya tampilannya membinggungkan tlg it nya diganti ama yang lbh profesional terimakasih,positive,Labeled POSITIVE but has 2 negative keywords vs 1 positive,medium,1,2,,
13578,selama make apk ini tidak ada kesulitan sih semuanya berjalan lancar tidak ada masalah terus tingkatin saja biar makin bagus,positive,Labeled POSITIVE but has 2 negative keywords vs 1 positive,medium,1,2,,
13644,aplikasinya sangat membantu saya tapi sayangnya ketika saya ke cibiru pingin naik goojek ke arah bojongsoang tidak bisa semua pengemudi minta di batal katanya kejauhan,positive,Labeled POSITIVE but has 2 negative keywords vs 0 positive,medium,0,2,,
13657,bagus bgtlah aplikasi satu ini jadi gapusing kemana dan tidak ribet mau pesen makan apalagi kirim barang,positive,Labeled POSITIVE but has 2 negative keywords vs 1 positive,medium,1,2,,
13664,penjemputannya tepat waktu dan tidak terlalu lambat menunggu dan sopan serta nyaman,positive,Labeled POSITIVE but has 2 negative keywords vs 0 positive,medium,0,2,,
13689,kenapa abis bayar pln pascabayar tidak dapet cashback tumben biasanya cepet padahal hr ini terakhir huft sedikit kecewaakk,positive,Labeled POSITIVE but has 2 negative keywords vs 0 positive,medium,0,2,,
13761,alhamdulillah selama ini aman saja tidak ada masalah,positive,Labeled POSITIVE but has 2 negative keywords vs 0 positive,medium,0,2,,
13768,gila gofood sekarang voucher sudah tidak ada subscription yang gratis ongkir jika pesan diatas rb juga sudah tidak ada ongkir platform fee seharga makanan yang bener saja saya pakai gofood hampir setiap hari selama tahun title anak sultan tidak pernah turun diperhatikan lah biaya yang tidak masuk akal jangan tambah maruk,positive,Labeled POSITIVE but has 2 negative keywords vs 0 positive,medium,0,2,,
13777,aplikasinya bagus bisa ngecek maupun pesan dari jarak jauh juga tapi gara di tagih bagian paylater nyocot banget nelponnya tidak bisa ber simpati dan tidak tau waktu kalau nelpon lama jadi males pake gojek,positive,Labeled POSITIVE but has 2 negative keywords vs 1 positive,medium,1,2,,
13808,aplikasi bagus memenuhi segala kebutuhan secara instan dan tidak ribet,positive,Labeled POSITIVE but has 2 negative keywords vs 1 positive,medium,1,2,,
13879,bahkan ada yang bisa kita lakukan untuk menjaga agar kulit cepat putih berikut patut anda coba untuk tampil lebih cantik dan anggun selalu digambarkan sebagai berikut cara download game spiderman download lagu rohani kristen di android psp europe and asia tenggara dan pasifik dan hindia belanda yang bernama mie pas siang hari pedas auto show di hp eps download game psp kamen rider super junior dan pacarnya yang sudah lambat tidak terdengar dengan cara download video klip ini adalah untukmu sayang,positive,Labeled POSITIVE but has 2 negative keywords vs 1 positive,medium,1,2,,
13889,sudah kedua kalinya sistem loading terus mau di gunakan atau urgent malah loading terus sudah di uninstall dan install lagi malah tidak bisa masuk padahal jaringan lancar buka apk lain juga lancar cuma gojek doank yang tidak bisa jadi males pake gojek sistemnya buruk sekali,positive,Labeled POSITIVE but has 2 negative keywords vs 0 positive,medium,0,2,,
13891,alangkah baiknya saat daftar akun gojek bisa disertakan nikktp supaya jelas dan tidak merugikan driver supaya masalah pesanan fiktif bisa terselesaikan dengan cara seperti itu mulaiajadulu,positive,Labeled POSITIVE but has 2 negative keywords vs 1 positive,medium,1,2,,
13946,bagus banget dan sangat membantu saya yang bekerja dalam pemesanan makanan dan tidak pernah mengecewakan,positive,Labeled POSITIVE but has 2 negative keywords vs 1 positive,medium,1,2,,
13974,saya dari tahun sampai saat ini masih menggunakan aplikasi gojek tidak pernah kecewa sedikit pun allhamdulilah tahun sudah perjalanan saya menggunakan gojek mau apa pun tera saksi nya selalu gojek di hati tapi tolong donk rajinin memberikan voucher goride nya,positive,Labeled POSITIVE but has 2 negative keywords vs 0 positive,medium,0,2,,
14007,seringberror bnyk voucher yang tidak bisa dipakai diwilayahh sayaa,positive,Labeled POSITIVE but has 2 negative keywords vs 0 positive,medium,0,2,,
14068,selama aku pakai aplikasi ini tidak ada kendala sama sekali aplikasi sudah bagus dan sangat membantu namun untuk kode promosi mungkin lebih bisa diseringkan lagi wkwk tapi overall sudah bagus kokk wajib download kalau belum download,positive,Labeled POSITIVE but has 2 negative keywords vs 1 positive,medium,1,2,,
14114,sukaa dengan adanya gopay saya jadi lebih mudah untuk transfer tidak harus nunggu lambat,positive,Labeled POSITIVE but has 2 negative keywords vs 1 positive,medium,1,2,,
14155,sekarang ongkir gofood makin mahal voucher juga tidak pernah ada lagi buat yang bayar pake gopay harus upgrade ke yang plus makanya sekarang jadi males beli makanan di gofood lagipdhl dulu sering ada voucher di apl sebelah walau makanannya lbh mahal di resto yang sama tapi totalnya lbh murah ada diskon makanan dan voucher ongkir juga,positive,Labeled POSITIVE but has 2 negative keywords vs 0 positive,medium,0,2,,
14190,aplikasi ini sangat bagus banyak diskon untuk goride gocar dan yang lainnya tapi kadang pesan gocar sering di batal sama pengemudi dan susah dapat drivernya,positive,Labeled POSITIVE but has 2 negative keywords vs 1 positive,medium,1,2,,
14273,saya agak kesal kenapa terlalu suka mengubah antarmukanya yang ada hanya mengbingungkan barusan saya kira saya belum pesan rupanya kotaknya kecil dibawah biasa ditengah untuk sempat membatalkan,positive,Labeled POSITIVE but has 2 negative keywords vs 1 positive,medium,1,2,,
14435,bagus banget aplikasi nya mudah si gunakan jadi kami yang anak asrama tidak perlu susah buat keluar beli makanan ataupun kemana mana saya beri bintang deh,positive,Labeled POSITIVE but has 2 negative keywords vs 1 positive,medium,1,2,,
14444,sebenarnya fiturnya sudah lengkap cuman kadang kalo pesen go ride drivernya pilih pilih pernah dr jam sampai jam mlm tidak dpt driver di batal sampai kali,positive,Labeled POSITIVE but has 2 negative keywords vs 0 positive,medium,0,2,,
14490,senang sih tapi semakin ke sini semakin terasa mahal karena diskon nya tidak bisa di pakai pakai syarat tertentu,positive,Labeled POSITIVE but has 2 negative keywords vs 1 positive,medium,1,2,,
14534,selamat siang bapakibu pimpin gojek kalo merima drive tolong di baikin lagi soalnya anda hilangin pebeli saya tadi pebeli nya beli gara drive anda jadi nya orang tidak jadi beli,positive,Labeled POSITIVE but has 2 negative keywords vs 1 positive,medium,1,2,,
14563,capek ketik alamat kalo mau pesan di gojek kenapa tidak bisa otomatis simpan alamat yang kita mau dan yang sering kita pergunakan supaya lebih praktis,positive,Labeled POSITIVE but has 2 negative keywords vs 0 positive,medium,0,2,,
14584,untuk temen cs semuanya saya nulis ulasan ini bukan untuk di baca gopay tapi untuk temen cs dan drever seteleh saya baca dan rasakan apapun keluhan yang kita utaran semuanya saya rasa tidak ada perbaikan di setiap bidang jasa adalah melayani dengan baik tapi semakin kesini semakin buruk berarti sistemnya bunuh diri saya rasa percuma juga kita beri ulasan yang tidak pernah di tanggapi dari pihak yang bersangkutan mudah bermanfaat dan kita lebih bijak mencari sarana yang lebih baik salam,positive,Labeled POSITIVE but has 2 negative keywords vs 1 positive,medium,1,2,,
14585,tolong klo pilihkan pengemudi jangan yang jauh dari titik jemput supaya tidak lambat menunggu sejauh ini oke,positive,Labeled POSITIVE but has 2 negative keywords vs 1 positive,medium,1,2,,
14636,aku selama pakek apk gojek aman saja tapi kendalanya cuma lemot padahal paketan penuh dan wifi juga lancar tapi selalu katanya tidak ada internet ke dua harus edit alat penjemputan padahal sudah jelas alamatnya itu tapi suruh edit lagi,positive,Labeled POSITIVE but has 2 negative keywords vs 0 positive,medium,0,2,,
14642,woi jek mau makan saja ribet amet skrng mau custom seperti apa mau custom seperti apa lu fikir makan mau custom pakai akal donk kalau custom app kalau tidak bisa kasih simple sini biar saya custom lu punya app,positive,Labeled POSITIVE but has 2 negative keywords vs 0 positive,medium,0,2,,
14666,sangat membantu banget sih mau kemana mana tidak ribet juga klo lagi sendirian di rumah mau makan tinggal go food dan ada promonya lagi pokoknya sangat membantu sekali saran banyakin promonya ya,positive,Labeled POSITIVE but has 2 negative keywords vs 0 positive,medium,0,2,,
14830,bagus promonya tidak main main apalagi gofood nya nyebelinn pesen gojek comfort sudah kali yang dateng tidak sesuai masa gojek comfort datengnya mioo ngeselinn sudah bayar lebih supaya lebih nyaman kenyataanny buruk,positive,Labeled POSITIVE but has 2 negative keywords vs 1 positive,medium,1,2,,
14905,gojek sangat membantu sih tapi kenapa sih kadang penilaian untuk pengemudi ataupun restoran nya tidak keluargak nongol jadi disaat setelah pesan gofood dan makanan nya mengecewakan saya mau komplain soal restoran nya kan jadi tidak bisa karena penilaian nya tidak nongol tolong dong gojek setiap pesan gofood ataupun goride tolong selalu tampilkan penilaian untuk mereka jgn kadang nongol kadang tidak trmksh mau nilai restoran abis pesen tapi tidak nongol lagi gmn mau nilai restoran coba,positive,Labeled POSITIVE but has 2 negative keywords vs 0 positive,medium,0,2,,
14907,saya bagus up game pake gopay kenapa error ya diamondnya tidak masuk padahal saldonya sudah kepotong mohon responnya biasanya lancar sekarang tidak masuk diamondnya,positive,Labeled POSITIVE but has 2 negative keywords vs 1 positive,medium,1,2,,
14916,saya punya masalah dengan promo jadi entah dari kapan saya sudah tidak menerima promosi sama sekali waktu awal saya komplain bisa teratasi masalahnya tapi seminggu kemudian promosi nya tidak ada lagi yang lebih buruk juga voucher dari toko makanan tidak ada sama sekali sampai gratis ongkirnya tidak ada jg kenapa sih gojek sekarang begini ama saya padahal saya sudah jadi sultan tapi malah tidak ada promoan sama sekali dah capek komplain,positive,Labeled POSITIVE but has 2 negative keywords vs 0 positive,medium,0,2,,
14968,lebih baik fitur go mart ditiadakan saya tiap mau belanja padahal nominal tidak lbh dr k susah banget dpt pengemudi yang mau ambil orderannya dengan alasan selalu duit tfk cukup jarak sudah kelewat dll tlg lbh d pilih lagi utk pengemudi go mart ini dan jika berat lbh baik hapuskan saja tq,positive,Labeled POSITIVE but has 2 negative keywords vs 1 positive,medium,1,2,,
15070,tidak bisa buka aplikasi terhenti di pembuatan pin mau buat pin tapi tidak terkirim sms verifikasi sudah banyak kali di coba tapi tetap tidak dikasih kode verifikasi yahh artinya tidak bisa digunakan lagi aplikasinya mungkin karena baru pertama kali topup gopay jadi disuruh buat pin untung hanya ribu di isi wkwk minimalnya isi saldonya ribu masih coba coba eh kodenya sudah sampai bagaimana yaa kasih bintang saja deh kasihan lain kali jangan lambat dong soalnya ada batas waktunya detik,positive,Labeled POSITIVE but has 2 negative keywords vs 1 positive,medium,1,2,,
15095,bagus sih tapi pas mau bagus up robux di roblox atau jadi metode pembayaran tidak bisa katanya ada kesalahan suruh update atau download padahal sudah terdownload update selalu kenapa ya,positive,Labeled POSITIVE but has 2 negative keywords vs 1 positive,medium,1,2,,
15122,gojekgopay sama sekali tidak bisa memberikan solusi atau apapun itu saya pengguna gojek sudah thn saya bagus up saldo gopay melalui minimarket saya salah sebut no hp yaitu no yang sudah tidak aktif tapi pas saya bagus up sistem tidak otomatis menolak atau gagal padahal no tersebut belum terdaftar sebagai akun gojek dan aneh nya saat bagus up nomor tersebut muncul nama saya gimana cara refund nya atau memindahkan saldo ke no akun yang aktif saya sudah hubungi customer care nya tapi tidak ada solusi,positive,Labeled POSITIVE but has 2 negative keywords vs 1 positive,medium,1,2,,
15157,nyaman dengan gojeg tapi kendalanya google map sering tidak sesuai lokasi jadi kami harus nunggu lama tolong google map nya di benahi,positive,Labeled POSITIVE but has 2 negative keywords vs 0 positive,medium,0,2,,
15217,gojek lebih memudahkan saya dalam segala hal tidak masak tinggal gofood berangkat kerja tidak ada yang ngantar pesan gocar paket data habis tinggal gopulsa semua jadi mudah tidak ribet saya merasa sangat terbantu dengan adanya aplikasi gojek ini,positive,Labeled POSITIVE but has 2 negative keywords vs 0 positive,medium,0,2,,
15262,untuk para cs cuman mau ngingetin tolong untuk pembayaranya pakai tunai kalo tidak punya tunai mending bayar transfer ke pengemudi langsung soalnya kalo kalian bayar pake gopay uang tidak bisa di nikmati oleh pengemudi pengalaman saya sebagai pengemudi uang gopay saya tidak pernah bisa saya tarik meski potongan dari penghasilan saya sudah lunas,positive,Labeled POSITIVE but has 2 negative keywords vs 0 positive,medium,0,2,,
15283,tidak sama sekali memudahkan dengan adanya gopay untuk verifikasi saja susahnya tujuh turunan sampe sebulan dan berkali tetep tidak bisa tervefikasi sudah tlp berkali ke cs nya pun hasilnya nihil karena tidak bisa membantu,positive,Labeled POSITIVE but has 2 negative keywords vs 0 positive,medium,0,2,,
15390,bagus bisa membantu smua org saat tidak ada kendaraan pribadinya lagi rusak lah apa,positive,Labeled POSITIVE but has 2 negative keywords vs 1 positive,medium,1,2,,
15420,selama pake aplikasi gojek tidak pernah ada kendala transaksi maupun pembelian apapun jadi lebih mudah dan efisien terutama diskonnya itu loh menggoda hati,positive,Labeled POSITIVE but has 2 negative keywords vs 0 positive,medium,0,2,,
15436,fiturnya praktis tidak ribet mudah di mengerti utk pemula pengemudi jg sopan n santun,positive,Labeled POSITIVE but has 2 negative keywords vs 0 positive,medium,0,2,,
15447,terima kasih gojek atas segala kemudahan keamanan dan kenyamanan yang saya dapat selama ini meski ada beberapa pengemudi yang memberikan pelayanan yang mengecewakan tapi over all ok saya harap gojek terus mengedukasi mitranya secara berkelanjutan,positive,Labeled POSITIVE but has 2 negative keywords vs 1 positive,medium,1,2,,
15511,pelit voucher pulsa walaupun ada cashback pengguna barusetia bayar pakai gopay di my telkomsel tapi cashback tidak masuk padahal pengguna lambat tapi voucher tidak di kasih sama sekali paling di kasih voucher diskon restoran tidak guna banget,positive,Labeled POSITIVE but has 2 negative keywords vs 0 positive,medium,0,2,,
15513,sangat membantu sekali saat kita beoergian jadi tidak repot cari alamat drivernya pasti hafal semua keren dan membantu pokoknya,positive,Labeled POSITIVE but has 2 negative keywords vs 1 positive,medium,1,2,,
15524,suka banget pake gojek banyak promosi nya haha tpi kadang kesal pengemudi nya tidak suka baca maps saya rasa maps tuh cukup mudah dan jelas kan ya buat di baca sekian keluhannya,positive,Labeled POSITIVE but has 2 negative keywords vs 1 positive,medium,1,2,,
15571,assalamualaikum wr wb aku suka aplikasi gojek ini tp kenapa harus di update ulang yaudh gtu susah banget tidak ke instal,positive,Labeled POSITIVE but has 2 negative keywords vs 1 positive,medium,1,2,,
15653,tamat pakai gojek sudah tidak bisa gabung voucher gofood lagi mana harga makanannya mahal mahal tidak masuk akal harga yang di kasih kalau gabisa gabung voucher terima kasih sudah mempermudah makan saya ini yang terakhir sampai nanti mungkin kedepan bisa di gabung kembali voucher gofood nya,positive,Labeled POSITIVE but has 2 negative keywords vs 1 positive,medium,1,2,,
15657,gojek emg hebat akun lambat terakhir tarikan tidak tarik lagi off bertahun tahun baru sekarang aktif lagi,positive,Labeled POSITIVE but has 2 negative keywords vs 1 positive,medium,1,2,,
15662,baru pertama kali melapor tapi malah dikecewakan dengan pihak gojek dan langsung di tutup laporannya kalau tidak bisa membantu customer dengan baik dan amanah kenapa harus ada menu bantuan di aplikasi agar laku aplikasinya agar banyak menyukai aplikasinya mohon maaf kalian yang bikin menu bantuan kalau kalian tidak membantu masalah customer yang sudah di adukan kepada pihak gojek dan jika sudah mengadu dan tidak di tanggapi mending tidak usah ada pengaduan kak daripada harus munafik,positive,Labeled POSITIVE but has 2 negative keywords vs 1 positive,medium,1,2,,
15685,usaha lele memang sangat digandrungi di kalangan peternak pasalnya ikan lele memang sangat bagus dan potensi keberhasilan ternaknya sangat tinggi selain itu permintaan pasar yang begitu melejit maka dari itu banyak sekali pembudidaya yang memanfaatkan kondisi ini dan tiap harinya peminat lele selalu bertambah terus keuntungan untuk budidaya lele sendiri terbilang bagus dan cukup besar bagaimana tidak harga perkilonya ikan lele lumayan mahal bagi masyarakat lokal bahkan kg ikan lele me,positive,Labeled POSITIVE but has 2 negative keywords vs 1 positive,medium,1,2,,
15722,saya pakai paylater untuk pesan goride dan gofood yang saya kecewakan setiap bayar pakai paylater tidak bisa dapat poin jika dapat poin sebagai costumer akan merasa sangat puas,positive,Labeled POSITIVE but has 2 negative keywords vs 1 positive,medium,1,2,,
15795,bikin semua tidak ribet,positive,Labeled POSITIVE but has 2 negative keywords vs 0 positive,medium,0,2,,
15897,tarif ongkirnya kemahalan harga makanan dinaikin pula mana yang biasanya ada voucher gofood tiap minggu sekarang tidak ada lagi tidak kepake lagi ni aplikasi,positive,Labeled POSITIVE but has 2 negative keywords vs 0 positive,medium,0,2,,
15930,promonya oke sih tapi mbok ya gabisa batalin pesanan aku salah masukin alamat ikilohhuntung bapak drivernya aku chat buat dikirim ke alamat yang bener mauu,positive,Labeled POSITIVE but has 2 negative keywords vs 1 positive,medium,1,2,,
15946,tidak mau q kasih bintang ini aflikasi terbodoh yang pernah q donlowd ini aflikasi mudah d donlowd tapi giliran mau upgred susahnya minta ampun rasa rasa mau q banting ni hp tapi tetap tidak bisa upgred toolloollkan ni aplikasi,positive,Labeled POSITIVE but has 2 negative keywords vs 0 positive,medium,0,2,,
16008,mantap tapi ada beberapa pengemudi para anak muda dan tua yang beberapa kali tidak mau ngambil pesanan saya jika tidak mau nyari tambahan di gojek jangan hidupin aplikasinya jadi saya tidak lambat dan berharap menunggu dengan membawa istri dan anak,positive,Labeled POSITIVE but has 2 negative keywords vs 1 positive,medium,1,2,,
16057,pengalaman aku menggunakan aplikasi go jek sangat membantu aku banget dari pesan makanan perjalanan dll apalagi setiap aku menggunakan aplikasi go jek selalu dapat promosi yang tidak di sangka hemat budget banget pokoknya terima kasih go jek,positive,Labeled POSITIVE but has 2 negative keywords vs 1 positive,medium,1,2,,
16094,go jek sudah sgt bagus tapi tolong tarifnya kembalikan seperti dulu kala tidak apa apa tarifnya tidak turun dn harga normal yang penting customer dn pengemudi sama sama tidak d rugikan,positive,Labeled POSITIVE but has 2 negative keywords vs 1 positive,medium,1,2,,
16102,bos saya belanja pakai paylater sebesar sekarang saldo saya di akun ada ko tidak bisa bayar bahkan sampe kena denda slama hari bagaimana cara bayar nya tolong di infokan terima kasih,positive,Labeled POSITIVE but has 2 negative keywords vs 1 positive,medium,1,2,,
16113,sangat berguna dan lebih cepat dan praktis bagi masyarakat tidak perlu ribet cari ke jalan panasan atau hujanan,positive,Labeled POSITIVE but has 2 negative keywords vs 1 positive,medium,1,2,,
16128,enak jaman nya bang nadim tidak ribet ini itu sekarang mah ribet castamer di bikin ribet pengemudi pun di bikin di persulit tolong di inget buat gojek aset terbesar kalian ada di castamer dan driver tanpa ada nya castamer dan mitra pengemudi gojek tidak akan punya apa saya cuma berharap agar kedepan nya lebih baik dan lebih di pemudah jangan di persulit terus menerus,positive,Labeled POSITIVE but has 2 negative keywords vs 1 positive,medium,1,2,,
16132,cintailah ploduk ploduk indonesia masukan dong klo sudah kasih penilaian coba masih bisa kasih tips ke drivernya karena klo baru sampe kadang buru buru suka lupa kan tidak enak sudah janji sama klo pas pesenan dibatalin pengen kasih tips karena tidak jadi tapi tidak bisa gojek pengemudi really help my life become a lot easier,positive,Labeled POSITIVE but has 2 negative keywords vs 1 positive,medium,1,2,,
16143,semoga bisa batal pesanan karena kadang banyak pengemudi yang tidak mau membantu mengantar sampai ke tujuan dan meminta uang lebih terimakasih,positive,Labeled POSITIVE but has 2 negative keywords vs 1 positive,medium,1,2,,
16151,gojek nya kalau tidak mau jemput di tempat batalin saja pliss masa sekelas gojek tidak bisa pilih tempat yang aman dari opang,positive,Labeled POSITIVE but has 2 negative keywords vs 0 positive,medium,0,2,,
16157,sangat membantu saat lapar melanda pemesanan sat set tidak pakai lambat coba semua resto pakai plus bisa bini tidak pernah masak jadi bisa kasih tip buat drivernya tiap pesan,positive,Labeled POSITIVE but has 2 negative keywords vs 0 positive,medium,0,2,,
16167,sekarang gojek sudah tidak nyaman baru baru saja enak nya buat gojek enak tiap minggunya ada diskon buat go ride sekarang harganya normal kalo mau beli voucher dengan tukar point dapat diskon tetapi itu pun cuma bisa di tukar dua kali aja gak bisa lagi kecewa beratlah sekarang mau kemanapun harus bayar harga normal berasa bet buat saya jadi milih transportasi alternatif lain tolonglah gojek di adain lagi diskon buat go ride nya karena sangat membantu sekali terima kasih,positive,Labeled POSITIVE but has 2 negative keywords vs 1 positive,medium,1,2,,
16216,sejauh ini bagus cma beberapa kali pesan gofood pakai promosi tidak ada pengemudi yang mau ambil pesan jadi sering nya di batal klo memang seperti itu kenapa di pasang harga promosi ya,positive,Labeled POSITIVE but has 2 negative keywords vs 1 positive,medium,1,2,,
16237,bagus abis saldo sisa mau dibeliin pulsa k tapi ada admin saya lagi cek menu voucher yang tersimpan ngarep sih ada voucher bagus up pulsa dan tidak nyadar ngeliat voucher qris unlimited ada di kolom voucher yang saya simpen saya kira kan itu voucher yang saya punya dan tinggal pake gitu kan yak eh taunya pas saya pencet kenapa jadi kebeli mana harganya lagi yak bagus buruk sistemnya bisa clickbait gitu saran saja ni ye menu beli voucher dipisah saja sama menu voucher yang dipunya,positive,Labeled POSITIVE but has 2 negative keywords vs 1 positive,medium,1,2,,
16352,oke deh aku kasih bintang karena adanya gojek sangat membantu saya tapi saran saya tolong untuk gojek semua kalau boncengin penumpang boleh ngebut tapi jangan ngawur karena saya belum lambat ini naek gojek drivernya ngebut tapi ngawur akhirnya tertabrak mobil sampai kaki saya lebam saya sangat kecewa dapet pengemudi yang seperti itu,positive,Labeled POSITIVE but has 2 negative keywords vs 1 positive,medium,1,2,,
16377,pengemudi ramah dlm berkomunikasi di perjalanan tidak grusa grusu keselamatan penumpang atau keamanan barang diutamakan,positive,Labeled POSITIVE but has 2 negative keywords vs 1 positive,medium,1,2,,
16412,aplikasi gojek ini asli guwe bangetz buat lo guys n girls aplikasi gojek bisa dipake buat apa saja lho mau pergi kemana tidak ada yang bisa nganterin ada goride laper tapi mager gampaang ada gofood kirim paket tidak pake ribet tinggal klik gosend buat yang suka shoping tapi ada yang lupa dibeli dari pada bolak balik buang waktu pesan saja goshop gampang kan masih banyak yang lain guys n sist buruan deh download,positive,Labeled POSITIVE but has 2 negative keywords vs 1 positive,medium,1,2,,
16419,rate tiga dulu sekalian komplain karena selama pesan pakai gojek baru pertama kali dapet bahasa yang kurang enak dari pengemudi pas pesan gofood katanya saya curang motong ongkos kirim mungkin gojek bisa tambahin fitur rating customer biar saya juga tau kapan saya pernah merugikan pengemudi gojek saya tau klo pengemudi ada kerugian niatnya mau diganti pake tip gede jadi males selama ini dapet pengemudi yang baik kenapa sekarang dapet yang kurang perasaan klo pesan yang lain baik baik aja,positive,Labeled POSITIVE but has 2 negative keywords vs 1 positive,medium,1,2,,
16442,bisa belanja bisa kirim bisa jajan tidak ribet dan banyak promonya gofood sering ada promo pokoknya asiik,positive,Labeled POSITIVE but has 2 negative keywords vs 0 positive,medium,0,2,,
16532,selamat sore saya mamay dasuki sudah hampir bulan hp tidak bisa menggunakan gojek transportasi beberapa kali instal tapi tidak bisa pendaftaran tetap hp saya tidak bisa bantu untuk instal gojek transportasi,positive,Labeled POSITIVE but has 2 negative keywords vs 0 positive,medium,0,2,,
16653,sangat membantu dan mempermudah banyak orang dalam mencari transportasi di jemput dan di antar sampai depan rumah tidak perlu susah jalan kaki ke depan gg lagi,positive,Labeled POSITIVE but has 2 negative keywords vs 0 positive,medium,0,2,,
16658,saya ada saran tidak tau di denger atau engga but ini menurut saya bagus banget buat prevent pesan fiktif tambahin fitur auth angka kyk yang di aplikasi luar jadi si user nanti pas pesen dapet angka yang bisa digunain buat autentikasi pesanan ke pengemudi dan disisi pengemudi nanti bakal ngetikin angka dari user buat verifikasi jadi gaperlu sebut nama pemesan lagi cukup kode nya aja kalo misal kodenya tidak valid sampe beberapa kali dianggap pesanan tersebut gagal,positive,Labeled POSITIVE but has 2 negative keywords vs 1 positive,medium,1,2,,
16667,kalo bisa discon ongkir nya di tambahin biar tidak mahal,positive,Labeled POSITIVE but has 2 negative keywords vs 0 positive,medium,0,2,,
16670,tolong untuk pengemudi sblm di terima di gojek untuk diteliti dulu apakah sudah perlengkapannya sudah lengkap atau blum karena saya pernah dapat pengemudi yang tidak punya jas hujan itu adalah kesalahan fatal,positive,Labeled POSITIVE but has 2 negative keywords vs 0 positive,medium,0,2,,
16672,bagus sja karena ada aplikasi ini klo gada kendaraan untuk beli makanan jadi ada gofood lbh bagus yg bilang kolasi tidak pas lah apalah mungkin costumernya yang bodoh tidak tau menggunakan fitur pdhal lengkap disitu untuk kasi alamat promosi diskon kalo bodoh dan tidak ada otaknya mending jng donlot cuma orang pintar yang boleh donlot ni app,positive,Labeled POSITIVE but has 2 negative keywords vs 1 positive,medium,1,2,,
16694,sudah dari semalem bagus up ke gopay sampe sekarang masih tidak masuk juga cok tenan bagaimana sih maunya uang ku padahal sudah berkurang sudah masuk gopay tapi di gopay masih tetep saldo yang awal tidak bertambah rugi aku kalo gini mungkin uninstall saja kali yaa,positive,Labeled POSITIVE but has 2 negative keywords vs 1 positive,medium,1,2,,
16726,membantu banget deh apalagi setiap saya berlangganan mesen trus si pengemudi datengnya tidak lama fitur dah bagus trus kita juga dapet point trus tukerin deh bagus bener dah,positive,Labeled POSITIVE but has 2 negative keywords vs 1 positive,medium,1,2,,
16755,sebenarnya buat keseharian bagus sih nggak bikin telat tapi ya gitu deh tiap hari senin tuh susah banget dapat gojek kalau sudah jam an kadang emosinangis gara tidak dapet gojek tapi tetep bagus sih,positive,Labeled POSITIVE but has 2 negative keywords vs 1 positive,medium,1,2,,
16784,enak tidak ribet kmn biarapun tidak punya motor serasa boss enak d antar jemput kmn,positive,Labeled POSITIVE but has 2 negative keywords vs 0 positive,medium,0,2,,
16867,kenaikan harga yang drastis meninggi membuat saya kesusahan apalagi saya yang berstatus pelajar seharusnya harganya sesuai dengan jarak atau jauhnya tempat yang dituju tetapi jika harga jauh dekat itu sama ini terlalu menggangu saya jika harga itu naik seribu atau dua ribu saya tidak masalah saya harapkan developer tidak menaruh harga tarif yang terlalu tinggi saya harap anda sekalian bisa mengerti status saya yang masih pelajar sekian makasih,positive,Labeled POSITIVE but has 2 negative keywords vs 1 positive,medium,1,2,,
17007,sejatinya pemakai gofood tapi lama kelamaan penawaran begitu saja kupon diskon yang didapatkan terbatas promosi dan potongan kurang menarik dibandingkan aplikasi lain maaf tapi seharusnya ada pengembangan dan tawaran diskon yang menarik bagi kami ini era persaingan kalau tidak ada perubahan yang baik dan menguntungkan bisa saja customer pindah ke aplikasi lain team gojek pun harus survei dan lakukan riset dengan pesaing masa kalah sama grab kami butuh gojek yang lebih baik thx,positive,Labeled POSITIVE but has 2 negative keywords vs 1 positive,medium,1,2,,
17013,apakah pengiriman saldo gopay ke no yang sudah tidak aktif bisa dikembalikan karena kesalahan komunikasi misalnya dari pada mengendap di aplikasi yang no hp nya saja sudah tidak aktif mending dikembalikan kepada yang lebih membutuhkan seperti itu lebih indah dan bermanfaat bukan,positive,Labeled POSITIVE but has 2 negative keywords vs 0 positive,medium,0,2,,
17173,kenapa di aplikasi di hape saya tiba tidak ada halaman promo tidak bisa masukin promosi tidak bisa liat promosi,positive,Labeled POSITIVE but has 2 negative keywords vs 0 positive,medium,0,2,,
17252,aplikasinya makin error saja apalagi klo menanggapi keluhan customer tingkatkan unt komunikasi ke cs lebih mudah dan cpt tidak pake gojek lagi lah baru kali ini kasih bintang ke pengemudi yang bnr di luar batas kesabaran saya karena anak saya bnr di kasari dia ada etiket baik mnt maaf walau awalnya saya di intimidasi ujung mnt maaf akhirnya tapi tidak tulus cm tkt saja x akhirnya cabut laporan biar akunnya aktif eh malah keroyokan sesama pengemudi nlp saya teror saya di saring lagi dong mitranya tks,positive,Labeled POSITIVE but has 2 negative keywords vs 1 positive,medium,1,2,,
17267,saya bnr kecewa saya sebagai drever bnr kecewa padahal bulan kemaren saya masih gold pesanan masih lancar performa bagus dan masukin bulan ini naik level platinum malah buruk masalah pesanan seharusnya naik level itu kan lebih mudah mendapatkan pesanan bukan nya di persulit egk jaminan performa bagus besok nya langsung anyep,positive,Labeled POSITIVE but has 2 negative keywords vs 1 positive,medium,1,2,,
17276,mantap gojek sangat menunjang aktivitas saya mau kemanapun mudah lalu utk transaksi juga mudah tidak pakai lambat dan aman melalui gopay,positive,Labeled POSITIVE but has 2 negative keywords vs 1 positive,medium,1,2,,
17356,tetap menjaga kenyamanan dan keselamatan pelanggan nya terimakasih sampe saat ini belum pernah di kecewakan dalam bentuk apa pun mau di pengemudi ataupun di aplikasi nya,positive,Labeled POSITIVE but has 2 negative keywords vs 1 positive,medium,1,2,,
17411,suka banget sama aplikasi gojek oh ya gaes cuma mau ngasih tau aja resto yang ada tandanya super partner itu kalok kita sudah pesan tidak bisa di batal lagi ya wlapun bru pesan detik karena aku baca komentar lainnya masih ada yang bingung kenapa tidak bisa dicancel pesanannya dan sekarang sudah bisa pilih pick up pesan di resto atau delivery klok kita pilih pick up ya kita ambil sendiri pesanan kita di resto klok delivery tinggal duduk manis dirumah pesanannya dianter driver semoga membantu ya,positive,Labeled POSITIVE but has 2 negative keywords vs 1 positive,medium,1,2,,
17540,tolong untuk para costumer bisakah memberi mereka tinggkat kepercayaan karena sangat sering para costumer membatalkan pesanan tanpa sebab pemberian rating kepada setiap cs membuat para pengemudi jadi lebih tenang dan percya kepada cs nya pengemudi trllu bnyk di rugikan karena ini please untk update slnjutnya berikan setiap pengguna itu rating agar smakin baik perilaku cs mka smakin baik pula pengemudi yang datang menjemputnya trims,positive,Labeled POSITIVE but has 2 negative keywords vs 1 positive,medium,1,2,,
17572,gofood bener bikin sudah nunggu dari jam sampai jam ujungnya resto tidak dapat pengemudi buat angkut itu makanan dan x di batalkan oleh aplikasi pesenannya padahal sudah ganti resto tapi duanya tidak ada pengemudi yang mau ambil tau gitu mending beli offline beli online biar mudah tapi sistem gofood sekarang malah mempersulit hidup,positive,Labeled POSITIVE but has 2 negative keywords vs 0 positive,medium,0,2,,
17625,lucu banget tidak pernah telat bayar paylater tuba dibekukan tanpa keterangan yang jelas selamat gojek memang pinter buat aplikasi selamat ya gojek,positive,Labeled POSITIVE but has 2 negative keywords vs 0 positive,medium,0,2,,
17657,saya tidak dapat menggunakan voucher saya dengan baik tadi seharusnya ketika menggunakan voucher harga jadi ribu tapi ketika end of trip harga normal ribu bagaimanan kebijakan gojek sebagai aplikasi ojol mending tidak ush ditawari voucher apabila tidak bisa digunakan bikin rugi,positive,Labeled POSITIVE but has 2 negative keywords vs 1 positive,medium,1,2,,
17684,respon cs nya lamaa baik di sosial media ataupun di aplikasi,positive,Labeled POSITIVE but has 2 negative keywords vs 1 positive,medium,1,2,,
17701,kecewa bgt apalagi sama gopay awalnya promosi pembayaran itu bisa dipakai giliran sudah bagus up dan menunggu transaksi tiba tiba di batalkan tanpa alasan yang jelas tarik tunai ke rekening bank saja biaya adminnya malah juga mending pakai dana,positive,Labeled POSITIVE but has 2 negative keywords vs 1 positive,medium,1,2,,
17728,menggunkan gojek itu mudah tidak ribet,positive,Labeled POSITIVE but has 2 negative keywords vs 0 positive,medium,0,2,,
17747,ngebantu bngt kalo tidak ada yang ngaterin untuk berangkat sekolah atau keluar rumah kekurangan nya kadang setiap pesan dapet pengemudi nya suka loading lama dan voucher nya cumn dpt sedikit,positive,Labeled POSITIVE but has 2 negative keywords vs 1 positive,medium,1,2,,
17819,ada pengemudi go ride yang jika dicancel lgsg me wa dengan maksud komplain dan mau melaporkan ke gojek tanpa mereka sadari klo jarak mereka jauh dari titik penjemputan atau tidak kunjung sampai sementara customer perlu cepat sedangkan yang customer kdg jg mengalami di batal oleh pengemudi sampai x jg biasa aja ini sering tjd klo jarak tempuhnya dekat shg tarif hanya rp rb,positive,Labeled POSITIVE but has 2 negative keywords vs 1 positive,medium,1,2,,
17845,buruk aplikasi suka bermasalah kendala lah tidak bisa diandelin sudah adminya gede sikit voucher diskon,positive,Labeled POSITIVE but has 2 negative keywords vs 1 positive,medium,1,2,,
17856,sudah lambat tidak buka gojek iseng buka lagi eh ternyata sekarang ngadain promosi gedean lagi terima kasih untuk diskon gofood nya jek sering ngadain promonya ya,positive,Labeled POSITIVE but has 2 negative keywords vs 1 positive,medium,1,2,,
17873,gojek sekarang gofood tidak ada promo biaya ongkir kemahalan jarak dekat stgh kilo meter lebih dari rb mending delete saja aplikasi ini dan pindah ke aplikasi sebelah ongkir lebih murah tks,positive,Labeled POSITIVE but has 2 negative keywords vs 0 positive,medium,0,2,,
17948,mau pasangpin tidak bisa bisa uplood foto ktp tidak bisa ribet tolong di perbaiki supaya mudah dan aman,positive,Labeled POSITIVE but has 2 negative keywords vs 1 positive,medium,1,2,,
18047,makin kesini makin banyak menu yang tidak penting dan justru malah bikin bingung trus tampilannya keliatan penuh banget kurang efisien tidak kyk dlu beranda nya rame banget kek pasar malem huhu kdg juga ribet mau pake voucher yang ada tidak langsung auto pakai pernah pesen pakai hrga normal padahal punya voucher discount karena tidak tau ad voucher harus rutin cek voucher lebih efisien lagi dong menu nya kyk dlu pliss,positive,Labeled POSITIVE but has 2 negative keywords vs 0 positive,medium,0,2,,
18094,pelayanan bagus kadang ada juga goride yang lambat jemput kendaraan nya tidak layak lagi,positive,Labeled POSITIVE but has 2 negative keywords vs 1 positive,medium,1,2,,
18161,simple tidak pake ribet dan bisa tersambung untuk pembayaran tokopedia,positive,Labeled POSITIVE but has 2 negative keywords vs 0 positive,medium,0,2,,
18211,sangat membantu sekali tidak bingung cari alamat tinggal tunggu dijemput duduk manis dan selamat sampai tujuan,positive,Labeled POSITIVE but has 2 negative keywords vs 0 positive,medium,0,2,,
18230,aplikasinya sudah bagus tapi lebih bagus jika ada fitur save alamat karena alamat gps tidak tepat,positive,Labeled POSITIVE but has 2 negative keywords vs 1 positive,medium,1,2,,
18302,assalamualaikum gojek n kru tolong dong upgrade gojek jangan dipersulit buat bayar bayar apa sih susahnya di upgrade biar bisa bayar sudah diisi saldo masih tidak bisa diapapain masa mau dipake naik gojek terus tidak bisa bayar bayar tolong serius dikit lah kalo dah masuk ke ruang publik tuh,positive,Labeled POSITIVE but has 2 negative keywords vs 0 positive,medium,0,2,,
18375,penambahan kualitas di layanan jasanya saja sih dan detail profil pengemudi dengan kenyataan kadang beda kayak mobil di applikasi innova ternyata mobilnya brio wkkwkwk jadi kadang susah promosi juga banyak so far sih sangat membantu banget selama ini,positive,Labeled POSITIVE but has 2 negative keywords vs 0 positive,medium,0,2,,
18393,saya sangat senang pake gojek gocar dll tapi akhir ini sudah mulai mengecewakan pada pemberitahuan saya dapat voucher diskon goride dan go car serta ongkir gratis go food tp yang muncul dan yang bisa dipakai atau yang tampil hanya voucher gratis go food saja yg lainnya ya php saja mulai kecewa,positive,Labeled POSITIVE but has 2 negative keywords vs 1 positive,medium,1,2,,
18623,estimasi makanan datang menit sudah tertulis dari jam tapi pas dilihat jam estimasi berubah menit bahkan sampai menit lewat pun estimasinya tetap segitu dibatalkan tidak bisa pusat bantuan sama sekali tidak berfungsi bahkan baru saja memulai laporan sudah ditutup saya tidak buta buat tidak lihat kalau proses pesanan saya tidak jalan pengemudi juga suka seenaknya tidak konfirmasi apapun tapi tidak jalan bahkan sampai lewat menit,positive,Labeled POSITIVE but has 2 negative keywords vs 1 positive,medium,1,2,,
18628,pesen pengemudi nunggu nya lambat seolah mereka tidak butu costumer akhirnya pesen pengemudi di aplikasi grab ontime dan lebih murah ternyata,positive,Labeled POSITIVE but has 2 negative keywords vs 0 positive,medium,0,2,,
18674,buat beli makan dan cari kendaraan untuk antar sangat berguna hanya harga makanan di resto dan di aplikasi sangat berbeda lebih mahal di aplikasi kadang dpt voucher diskon makanan dan kadang tidak sama sekali,positive,Labeled POSITIVE but has 2 negative keywords vs 0 positive,medium,0,2,,
18812,jujur mau login susahnya minta ampun kalo nomornya dihp lain pesannya kepotong sendiri jadi gabisa login walaupun di paste ke web bikin ribet banget jujur ni aplikasi,positive,Labeled POSITIVE but has 2 negative keywords vs 0 positive,medium,0,2,,
18869,penentuan titik lokasi tidak bisa harus pilih peta terlalu menyulitkan dan biasanya tinggal ketik alamat makasih,positive,Labeled POSITIVE but has 2 negative keywords vs 1 positive,medium,1,2,,
18947,sudah lambat tidak pakai gojek sudah lebih baik,positive,Labeled POSITIVE but has 2 negative keywords vs 1 positive,medium,1,2,,
19073,gopay saya masih ada rb an dpt voucher goride gratis utk yang jaraknya dekat pas pesan tidak merhatiin saldo gopay taunya keambil gopay rb sudah tidak dapet poin nya deeuh klw tidak gratis yawda tapi gausah jadi rugiin customer gini ya kali gratis masih keambil jg saldonya apa fungsinya voucher klw gtu,positive,Labeled POSITIVE but has 2 negative keywords vs 0 positive,medium,0,2,,
19122,gofood kacau banget mentang pake mode hemat potongan paling saja nunggunya hampir mau jam keburu kenyang min saran saja si walaupun mode hemat seharusnya jangan lama jugaa kan tetep bayar apalgi kalo pesen malem keburu ngantuk makanan tidak dateng semoga bisa jadi evaluasi yaa maaciww,positive,Labeled POSITIVE but has 2 negative keywords vs 0 positive,medium,0,2,,
19203,kalau bisa tarif gojek di turunin lagi dong dan promosi jng d hilangkan dan kalau bisa fitur batalkan pesanan di hilangkan jg kasian sama pengemudi yang sering dapat customer kurang kerjaan sudah pesan langsung batalkan pesanan yang di buat malah jadi ngerusak akun driver nya jadinya kalau bisa customer yang sering batalkan pesanan kayak gitu akun nya di bekukan,positive,Labeled POSITIVE but has 2 negative keywords vs 0 positive,medium,0,2,,
19205,aplikasinya bagus tapi kurang ny itu tidak ada tombol atau opsi untuk chat resto duluan hari ini saya nunggu makanan sudah jam lebih dan pengemudi sudah yang datang ke resto tapi ttp tidak bisa di ambil makanan ny karena pin ny tidak keluar alasan kendala d hp orderny yang d bwa bos dan tidak tau bagaimana cerita nya bisa kebawa saya mau batalin tidak bisa kasian juga pengemudi pada bulak balik ke resto coba kalo cs gojek ny sigap dan aplikasi ny ada opsi chat resto duluan mungkin tidak sedongkol ini nunggu,positive,Labeled POSITIVE but has 2 negative keywords vs 1 positive,medium,1,2,,
19267,pengemudi nya jauh jauh bikin lambat nunggu harus nya jarak penjemputan pengemudi di batasi jangan jauh jauh max kilo aja jadi sama sama enak pengemudi tidak tekor bensin kami tidak telat,positive,Labeled POSITIVE but has 2 negative keywords vs 0 positive,medium,0,2,,
19268,sekarang klo bagus up game ml langsung tidak bisa padahal dulu mau bagus up pun lancar dan banyak promosi sekarang malah ribet dan tidak ada promo padahal aplikasi bgus,positive,Labeled POSITIVE but has 2 negative keywords vs 1 positive,medium,1,2,,
19365,saya kasih bintang soalnya aplikasinya bagus kalau kita pesan tukang ojeknya nunggu nya tidak terlalu lambat dan tukang ojek nya rama lg menurut saya aplikasinya sangat membantu sekali,positive,Labeled POSITIVE but has 2 negative keywords vs 1 positive,medium,1,2,,
19483,mudah nyaman gampang cepat tidak ribet disaat butuh pasti ada,positive,Labeled POSITIVE but has 2 negative keywords vs 1 positive,medium,1,2,,
19489,saya padahal punya akun saat saya login tidak bisa masuk padahal sudah ku coba berkali kali tolong di update agar akun yang lambat tidak hilang tolong banget setelah diupdate yang sesuai yang saya inginkan saya akan memberi bintang,positive,Labeled POSITIVE but has 2 negative keywords vs 0 positive,medium,0,2,,
19560,belakangan aplikasi ini malah mengecewakan beberapa hari ini saya melakukan pemesanan selalu ada masalah awalnya tidak bisa mengorder manual di restoran yang tidak menggunakan menu lalu malam ini tidak dapat menemukan pengemudi untuk pesanan go food saya apakah karena saya mengorder menggunakan voucher setiap memberi voucher dan voucher terpasang kenapa jadi serumit itu sih,positive,Labeled POSITIVE but has 2 negative keywords vs 0 positive,medium,0,2,,
19579,untuk gojek kenapa selalu kasih pengemudi yang jauh tolong klo ada yang dekat dikasih yang dekat ya supaya saya tidak menunggu terlalu lama tingkatkan lebih baik lagi jangan menyusahkan pelanggan,positive,Labeled POSITIVE but has 2 negative keywords vs 1 positive,medium,1,2,,
19730,sangat membantu yah kemana mana tidak ribet lagi naik angkutan umum yang begitu ramai yah walaupun terkadang drivernya ada yang cuek pi tidak ambil pusing makasih gojek,positive,Labeled POSITIVE but has 2 negative keywords vs 1 positive,medium,1,2,,
19747,sangat membantu di saat transportasi lain mengurangi jam layanan utk driver tolong jgn membuat kami menunggu lama lalu dia batalkan sepihak tanpa alasan,positive,Labeled POSITIVE but has 2 negative keywords vs 0 positive,medium,0,2,,
19848,pesan tidak ribet bs evisiensi waktu,positive,Labeled POSITIVE but has 2 negative keywords vs 0 positive,medium,0,2,,
19898,aplikasi sudah bagus cuma kadang kasihan sama pengemudi yang diberi bintang dibwh padahal belum tentu itu kesalahan dia karena tidak semua konsumen paham arti bintang itu buat driver,positive,Labeled POSITIVE but has 2 negative keywords vs 1 positive,medium,1,2,,
19913,kadang derivernya hpnya ngk bisa dihubungi secara keseluruhan masih baik cuma penjemputan kadang lambat mungkin macet kali ya tapi ok lah tidak masalah,positive,Labeled POSITIVE but has 2 negative keywords vs 1 positive,medium,1,2,,
19920,saya pesen sesuatu di aplikasi gojek dan pas ud sampe pesenan saya bilang ke abang gojeknya mau bagus up gopay terus saya mau ngambil uang untuk bagus up gopay dan diselesaiin dong pesenannya dan alhasil saya tidak jadi bagus up go pay padahal itu buat bayar aplikasi untuk mengedit vidio untuk tugas sekolah dan parahnya lagi saldo saya yang awalnya ribuan sekarang jadi setelah saya kasih drivernya bintang,positive,Labeled POSITIVE but has 2 negative keywords vs 1 positive,medium,1,2,,
19924,tolong untuk alamat di sediakan tempat ketik untuk informasi lebih lengkap ya biar kami bisa menambahkan alamat nya secara tertulis karena kalo di maps gitu tidak sesuai dengan alamat,positive,Labeled POSITIVE but has 2 negative keywords vs 0 positive,medium,0,2,,
20087,para pengemudi gojek tolong lebih hati membawa penumpang terutama go ride tidak usah ngebut dalam membawa penumpang yang penting sampai dengan selamat di tempat tujuan,positive,Labeled POSITIVE but has 2 negative keywords vs 0 positive,medium,0,2,,
20118,nyaman juga pake aplikasi gojek banyak promosi juga dan tidak susah buat dapetin nya di wilayah manapun saran tolong dibuatkan settingan penumpang yang statusnya sedang hamil jadi pada saat pengemudi mendapat pesanan penumpang yang sedang hamil pengemudi bisa lihat dan bisa lebih hati hati bawa kendaraannya tanpa diperingati oleh penumpangnya,positive,Labeled POSITIVE but has 2 negative keywords vs 0 positive,medium,0,2,,
20146,jangan gunakan layanan ini ongkir ny gila saya tanya k pengemudi cuma dpt sdkit smpe tunjukin masa saya pesan gofood km ongkir ribu trus saya pakai voucher potongan rbu sama saja tidak dpt voucher aplikasi sudah jadi mafia di negeri sama saja bohong tidak dpt promo kita sebagai konsumen selama ini di bohongi sama aplikasi ini lebih baik uninstal aplikasi ini penipuan konsumen,positive,Labeled POSITIVE but has 2 negative keywords vs 1 positive,medium,1,2,,
20189,lebih praktis saja tidak ribet,positive,Labeled POSITIVE but has 2 negative keywords vs 0 positive,medium,0,2,,
20219,selama ini sangat bagus tetapi sekarang biaya layanan di go food nya mahal banget kalau mnurut saya dari orng yang pas pasan hehe,positive,Labeled POSITIVE but has 2 negative keywords vs 1 positive,medium,1,2,,
20257,waktu tunggu tidak lama taat berlalu lintas komunikatif,positive,Labeled POSITIVE but has 2 negative keywords vs 0 positive,medium,0,2,,
20292,perkenalkan nama saya ardelia afriani saya kasih bintang ya karena menurut saya masih ada yang kurang kalau saya mau pakai go ride yang jarak tujuan nya lumayan dekat dengan rumah saya tapi di peta malah dibuat makin jauh dan harus putar arah dulu tolong donk dari pihak gojek diperbaiki lagi ya dan saya juga bingung kenapa alamat rumah saya tidak ada di maps gojek jadi sekali lagi saya mohon perhatiannya agar lebih baik lagi,positive,Labeled POSITIVE but has 2 negative keywords vs 1 positive,medium,1,2,,
20323,tidak ribut untuk verifikasinya mudah mudahan pelayanan semakin lambat semakin menunjang,positive,Labeled POSITIVE but has 2 negative keywords vs 0 positive,medium,0,2,,
20335,gofoodnya sudah lambat tidak byk diskon lagi kaya dulu diskonnya yang gede hanya utk pembayaran paylater dan cc bank aja tidak seru utk pembayaran gopay diskonnya kecil malah tidak ada padahal dulu senang bl gofood karena byk diskon nya,positive,Labeled POSITIVE but has 2 negative keywords vs 1 positive,medium,1,2,,
20347,sangat bagus dari awal saya setia sama gojek dibanding apl lain minus nya cuma satu karena saya pernah mengcancel pengemudi berulangkali atas permintaan pengemudi dapat jauh terus padahal di map jelas ada pengemudi yang dekat akun saya di nonaktifkan beberapa hari hal tsb setiap pagi selalu terjadi pengemudi dekat ada tapi yang nyantol pengemudi jauh tiap saya kasih pengertian saya tidak bisa batal karena pernah di nonaktifkan akun saya sering dimaki driver harus gimana,positive,Labeled POSITIVE but has 2 negative keywords vs 1 positive,medium,1,2,,
20403,tepat waktu tidak ribet,positive,Labeled POSITIVE but has 2 negative keywords vs 0 positive,medium,0,2,,
20406,kenapa buat pesan melalui go shop selalu terhenti ya padahal belum lambat diupdate dan jaringan full jadi susah begini kalo lagi urgent,positive,Labeled POSITIVE but has 2 negative keywords vs 0 positive,medium,0,2,,
20418,transfer pake gopay ke rekening tidak masuk di proses terus sistem sistem usahain lah buat costumer tidak kecewa lagi urgent transfer proses ngtot,positive,Labeled POSITIVE but has 2 negative keywords vs 0 positive,medium,0,2,,
20425,aplikasinya bagus semua ada tersedia tetapi saya sangat kecewa karena kenapa voucher go food saya tidak bisa di pakai saya harap bisa memberikan pelayanan yang lebih maksimal lagi,positive,Labeled POSITIVE but has 2 negative keywords vs 1 positive,medium,1,2,,
20434,selama ini bagus tidak ada kendala berguna sekali buat antar ke rumah sakit,positive,Labeled POSITIVE but has 2 negative keywords vs 1 positive,medium,1,2,,
20437,aplikasi sangat membantu kebutuhan custumor pastikan selalu menggunakan karya anak bangsa hal lagi buat pihak gojek tlg custumor pesanan jgn pengemudi jauh dari spot yang diutamakan masuk orderannya demi kepuasan custumor agar tidak terlalu lambat menunggu karena terlalu sering pengemudi yang jauh yang dpt stiap order,positive,Labeled POSITIVE but has 2 negative keywords vs 1 positive,medium,1,2,,
20467,mengecewakan pengguna baru voucher hanya jadi embel tetapi tidak ada reward yang didapat ketika misi sudah selesai lain kali jngn ada embel voucher kalo cuma buat narik pelanggan baru tapi kenyataan tidak ada reward atau apapun yang diberikan oleh pihak gojek ketika sudah diselesaikan,positive,Labeled POSITIVE but has 2 negative keywords vs 0 positive,medium,0,2,,
20489,bagus pelayanannya walau kadang juga ada yang bikin kesal karena lambat banget dtngnya si ojol trs juga sempat bikin was was karena kejadian wkt itu smpt ada musibah juga tapi bagus sihh ditingkat kan lagi yaa,positive,Labeled POSITIVE but has 2 negative keywords vs 1 positive,medium,1,2,,
20528,sudah bbrp kali pembayaran pake gopay kenapa jumlah yang saya bayar lebih mahal dibanding yang tertulis di akun pengemudi kenapa saya tidak pernah dpt voucher diskon ya padahal pemakaian cukup tinggi,positive,Labeled POSITIVE but has 2 negative keywords vs 0 positive,medium,0,2,,
20587,gojek zholim saldo go pay tau tau padahal kemarin baru transfer k case closed ternyata go pay ada go pay saldo dan go pay tabungan dan saldo go pay saya masuk ke go pay tabungan bukan ke go pay saldo kapan kapan kalo perubahan di sosialisasi kan terlebih dahulu agar tidak menimbulkan isu terimakasih,positive,Labeled POSITIVE but has 2 negative keywords vs 1 positive,medium,1,2,,
20624,di daerah cipanas puncak masih sedikit ya drivernya jadi agak susah buat dapat pengemudi kalau pagi pagi dan goridenya jarang ada promo tapi diskon gofoodnya bagus sih worth it semoga tetep eksis ya gojek ternyata sudah pengemudi gojek dsni masih sedikit kko pesan jauh dr jalan raya utama tidak dpt ya trus gomart nya kuoikir bisa milih toko sendiri ternyata sudah ada kerjasama sama alfamidi tertentu ya kalau bisa cust bisa milih sendiri tokonya apa kya gofood,positive,Labeled POSITIVE but has 2 negative keywords vs 1 positive,medium,1,2,,
20642,saya mau edit profil saya mau ubah no hp tapi tidak bs karena no baru saya katabya sudah terregistrasi semebtara no hpblama sudah tidak aktif bagaimana ya solusinya,positive,Labeled POSITIVE but has 2 negative keywords vs 0 positive,medium,0,2,,
20644,tolong tambahin dong buat pembayaran shopee lazada tokopedia dan belanja online lainya biar belanja onlne tidak susah lagi harus bayar melalui tranfer bank dan ke alfamart dan indomart cukup pake aplikasi gojek saja tambahin ya admin,positive,Labeled POSITIVE but has 2 negative keywords vs 0 positive,medium,0,2,,
20707,emang gopay lebih enak dan praktis segala macam keperluan lebih praktis dan tidak ribet,positive,Labeled POSITIVE but has 2 negative keywords vs 0 positive,medium,0,2,,
20718,saya melakukan pemasangan listrik melalui pln mobile dan persyaratan sudah dilengkapi dan pembayaran virtual account gopay berhasil namun tidak terbaca oleh sistem pln mobile saya sudah melaporkan beberapa minggu ke pihak gojek maupun pihak pln mobile tidak ada yang menanggapi nya saya di suruh menunggu kabarnya senyatanya saya menunggu beritanya hari tidak ada kabar sama sekali mohon pencerahannya jika memang tidak rusak sistem nya ini atau saya harus bagaimana,positive,Labeled POSITIVE but has 2 negative keywords vs 0 positive,medium,0,2,,
20751,makin bagus kedepan nya tapi sering pengemudi nya minta di batalkan dengan alsan tidak bawa helmet dan pake masker trus banyak alasan lain tapi overall bagus lah,positive,Labeled POSITIVE but has 2 negative keywords vs 1 positive,medium,1,2,,
240,tolong donk ditingkatkan kwalitas aplikasinya hari saya ini sekali pesan dapat jemputan dari pengemudi yang beda kenapa bisa saya binggung saat pengemudi tlp mau jemput dalam mobil saya ditlp lagi sama pengemudi yang laen kok bisa yang menyebalkan lagi kenapa drivernya marah kan saya tidak salah solusinya bagaimana pihak gojek tolong diperbaiki supaya custumer dlsenang,neutral,"Labeled NEUTRAL with mixed signals (pos:2, neg:2) - might be correct",low,2,2,,
926,aplikasinya bagus cuman tidak konsisten harganya kadang dapet murah kadang dapet mahal padahal tujuannya masih sama malah jarak tempuh yang deket bisa mahal juga ongkosnya semoga keluhan ini jadi pertimbangan juga terima kasih,neutral,"Labeled NEUTRAL with mixed signals (pos:2, neg:2) - might be correct",low,2,2,,
1956,mode batal pesanan nya terlalu cepat jadi tidak bisa matikan lagi minimal menit lah modenya buat waktunya terus suka blank aplikasinya freeze gitu,neutral,"Labeled NEUTRAL with mixed signals (pos:2, neg:2) - might be correct",low,2,2,,
3355,ini kenapa ya saya update gopay plus nya kenapa tetap masih diproses saja sudah semaleman sampai pagi tetep saja tidak sukses lambat banget pdhal sinyal bagus apk juga sudah update terbaru,neutral,"Labeled NEUTRAL with mixed signals (pos:2, neg:2) - might be correct",low,2,2,,
3536,bagus sih hamya saja jauh lebih mahal dari aplikasi aplikasi serupa sebelah saya hanya sesekali gunakan pas ingin cepat buka dua aplikasi sekaligus kalau aplikasi sebel ah terima gojek saya batalin,neutral,"Labeled NEUTRAL with mixed signals (pos:2, neg:2) - might be correct",low,2,2,,
3748,sudah lambat daftar gocar dan sudah terverifikasi tapi belum ada kelanjutannya bisa atau tidak gabung di gocar mudahan go car jadi tambah baik makasih,neutral,"Labeled NEUTRAL with mixed signals (pos:2, neg:2) - might be correct",low,2,2,,
4380,sehabis update sekarang ada animasi pembelian berhasil setelah pembelian tiket kereta di go transit saya tidak tau tiket lain juga atau tidak tapi mungkin ini masukan minor saja dengan adanya animasi tersebut memperlambat antrian di taping tiket stasiun mungkin bisa dipercepat animasinya atau dihilangkan,neutral,"Labeled NEUTRAL with mixed signals (pos:2, neg:2) - might be correct",low,2,2,,
4790,gara gara tidak bisa bagus up bsi saya harus repot repot kirim lewat bank dan akhirnya salah input dan gagal transaksi di hari ini belum lagi input simbol yang tidak sinkron membuat transaksi saya banyak mengalami hambatan terima kasih gojek,neutral,"Labeled NEUTRAL with mixed signals (pos:2, neg:2) - might be correct",low,2,2,,
5107,petanya bagus yang dulu lebih akurat sekarang buruk tidak akurat tolong di perbaiki lagi ke akuratanya,neutral,"Labeled NEUTRAL with mixed signals (pos:2, neg:2) - might be correct",low,2,2,,
5265,tidak bisa mengubah pin saya sudah memperbarui pin gopay saya melalui lupa pin lalu saat saya coba di ganti pin terdapat kesalahan pin saat saya disuruh mamasukkan pin gopay waktu ingin melakukan pembayaran atau mengirim terdapat kesalahan pin gopay juga tolong masalah pin gopay cepat diperbaiki saya lihat di kolom komentar banyak sekali ulasan yang tidak meng enakan banyak yang protes dan banyak yang memberi bintang dari masalah kecil nya saja seperti pin gopay pun masih ada bug nya,neutral,"Labeled NEUTRAL with mixed signals (pos:2, neg:2) - might be correct",low,2,2,,
5368,kenapa harus ada biaya pesanan lagi voucher nya kalo bayar cash tidak bisa di pake terus kadang kalo pesan gocar sudah di tungguin lambat tau nya pengemudi nya bilang baru sampe rumah mau makan dulu masa kita yang lagi buru harus nunggu pengemudi nya dulu kalo lagi istirahat sebaiknya jangan ambil pesanan dulu ya terimakasih,neutral,"Labeled NEUTRAL with mixed signals (pos:2, neg:2) - might be correct",low,2,2,,
5636,sekarang antar paket lewat gosend lambat penanganan nya tidak seperti sebelum nya cepat penanganan nya tolong di perbaiki kak,neutral,"Labeled NEUTRAL with mixed signals (pos:2, neg:2) - might be correct",low,2,2,,
6030,saya pengguna gojek cukup kecewa di karnakan voucher saya pada hilang semua tidak tau karena apa tibahilang begitu saja padahal banyak voucher saya tolong dong di perbaiki terima kasih,neutral,"Labeled NEUTRAL with mixed signals (pos:2, neg:2) - might be correct",low,2,2,,
7156,secara umum baik tapi beberapa kali pesanan saya untuk go send lambat diterima padahal disekitar banyak gojek kemudian terkadang setelah diterima membutuhkan waktu yang lambat akhirnya datang menjemput saran saya bila dalam menit pengemudi tidak beranjak dr tempat mereka parkir otomatis dialihkan ke pengemudi lain sehingga kami yang perlu layanan cepat tidak harus menunggu tanpa kepastian,neutral,"Labeled NEUTRAL with mixed signals (pos:2, neg:2) - might be correct",low,2,2,,
7980,setiap mesen apapun ongkirnya tidak msuk akal sampe yang depan rumah percis mesen makan ongkir bisa sampe rb terus kalo jauh dikit bisa sampe rb ongkirnya kenapa bisa sampe segini sih mahalnya padahal dari jaman sama ampe saya kerja saya sudah pake gojek tapi ongkirnya tidak kaya sekarang mohon diperbaiki lagi supaya lebih spesifik harganya dan masuk akal terimakasih,neutral,"Labeled NEUTRAL with mixed signals (pos:2, neg:2) - might be correct",low,2,2,,
9147,lumayan bagus tapi harga pas akhir tahun naik x lipat terus pengemudi nya ada yang kensel pas saya lagi nunggu sudah lambat untung lagi tidak penting urusannya tolong perbaiki di maps harga pengemudi sama waktu penjemputan d perbaiki yh,neutral,"Labeled NEUTRAL with mixed signals (pos:2, neg:2) - might be correct",low,2,2,,
9933,aplikasi ini memang bagus bagi saya karena setiap saya ingin membeli apapun itu saya selalu belli lewat aplikasi ini dan selalu tepat waktu dan presosnyapun sangat cepat di bandingkan dengan aplikasi yang lain tetapi sudah beberapa akhir ini setiap saya ingin membuka aplikasi saya biasa menunggu hingga beberapa menit biasa saya menunggu paling lambat sampai menitnya itu paling lambat dan setiap saya menunggu biasaya ada yang tertulis aplikasi ini tidak menanggapi saya mohon kepada pihak aplikasi,neutral,"Labeled NEUTRAL with mixed signals (pos:2, neg:2) - might be correct",low,2,2,,
10367,dulu saya senang sekali dengan gojek karena cepat dan praktis tapi semenjak pengemudi gojek bisa tau tujuannya sekarang jadi susah cari driver dan sekarang banyak pengemudi yang main tembak sangat mengecewakan,neutral,"Labeled NEUTRAL with mixed signals (pos:2, neg:2) - might be correct",low,2,2,,
10537,bonus sekarang di batasi harus beli voucer dlu lokasi gps suka lari lari padahal dari dulu titik kordinat gua tidak pernah brubah harga gofood yang ditawarkan beda jauh maaf lebih mahal ongkir makin naik dan makin tidak masuk akal oke ada biaya tambahan kalau gerimis padahal cuacanya pnas mau heran tapi beginilah adanya mau xpnya tinggi pun tidak ngaruh juga padahal sudah ada gojek langganan sampai dia bingung sendiri tarif pergi aku ke kantor jadi makin naik mantabb,neutral,"Labeled NEUTRAL with mixed signals (pos:2, neg:2) - might be correct",low,2,2,,
12173,sedikit saran sebaiknya pengemudi yang mdapatkan pesanan gofood diberikan prioritas dtempat yang ramai seperti antrian khusus tidak hanya di kfc mcd dll ada beberapa restoran rumah makan yang antriannya bisa sampai jam lebih kasihan mereka kalau antri kelamaan atau mereka diperbolehkan menerima pesanan lebih dari customer asal tujuan restoran sama ini saran saja sih sebenarnya tidak tega lihat mereka antri pesanan saya lama tapi bhubung pengen banget makan dr rumah makan itu terima kasih,neutral,"Labeled NEUTRAL with mixed signals (pos:2, neg:2) - might be correct",low,2,2,,
12512,tolong untuk fitur lacak pengemudi diperbaiki suka lambat loading jadi pengemudi tidak terlihat pergerakannya kasihan orang yang buru buru tidak bisa lihat apa gojek sudah jalan atau belum,neutral,"Labeled NEUTRAL with mixed signals (pos:2, neg:2) - might be correct",low,2,2,,
12518,kadang suka tiba ke pesan gitu dan tidak bisa di batal kan saran sebelum pesanan fix di pesan baiknya ada pemberitahuankonfirmasi pemesanan semisal ada yang kurang atau apa kan tidak langsung ke pesan gitu,neutral,"Labeled NEUTRAL with mixed signals (pos:2, neg:2) - might be correct",low,2,2,,
13194,mohon untuk gojek koneksi antar customer dan pengemudi diperbaiki sering kali ketika saya memesan koneksi selalu terlambat sehingga mengakibatkan lamanya proses terima kasih,neutral,"Labeled NEUTRAL with mixed signals (pos:2, neg:2) - might be correct",low,2,2,,
13246,kenapa gojek selalu lambat laa mau transfer atau pun bagus up tidak masuk masuk mohon di perbaiki,neutral,"Labeled NEUTRAL with mixed signals (pos:2, neg:2) - might be correct",low,2,2,,
13429,keluhan saya dan saran saya ke mimin dv tidak bisa pake fiktur minta teman atau keluargga padahal sudah update ke gopay plus dn apknya sudah versi terbaru dan saya merasa kl gopay tidak bisa log akun gojek lambat yang nonya mati mau log via email tidak bisa dn tidak ngerti caranya dan min tolong agar bisa log dengan email agar bisa ubh no gojek yang sudah mati ataupum yang lambat ke baru lagi min gocar di kota sampit tidak ada ya kl ada di kota sampit bagus sudah saya harap agar cepat ada di tempat saya,neutral,"Labeled NEUTRAL with mixed signals (pos:2, neg:2) - might be correct",low,2,2,,
13440,saya suka app ini tapi saya kecewa dengan fitur paylater yang saya tidak pernah aktifkan namun tiba tiba ada tagihan tolong diperbaiki,neutral,"Labeled NEUTRAL with mixed signals (pos:2, neg:2) - might be correct",low,2,2,,
13466,map nya suka buruk tidak real tolong perbaiki,neutral,"Labeled NEUTRAL with mixed signals (pos:2, neg:2) - might be correct",low,2,2,,
13745,saya sudah mengirim laporan terkait perbedaan antara brg yang saya pesan dengan yang saya terima tapi tidak ada respon dari aplikasi gojek berkat inisiatif abang ojolnya brg tsb akhirnya bs ditukar dikirim kembali ke sy jika saya customer abang ojol dibiarkan menyelesaikan mslh sndri lalu apa gunanya laporan pada aplikasi mhn kedepannya aplikasi gojek lbh cepat tanggap terkait laporan problem customer terima kasih aplikasi gojek atas late respon nya yang mengecewakan,neutral,"Labeled NEUTRAL with mixed signals (pos:2, neg:2) - might be correct",low,2,2,,
13981,gojek team please donk updatenya untuk pemesanan gofood sering banget tidak update yang harusnya pengemudi sudah menuju ke alamat tujuan tapi disitu teteranya makanan sebentar lagi siap tolong di perbaiki ya terima kasih,neutral,"Labeled NEUTRAL with mixed signals (pos:2, neg:2) - might be correct",low,2,2,,
14149,kurang memuaskan kalau bagus up pake one click dengan device berbeda verifikasi otp nya lama giliran diminta kirim ulang baru kode otp nya tidak sesuai,neutral,"Labeled NEUTRAL with mixed signals (pos:2, neg:2) - might be correct",low,2,2,,
14669,agak susah dan saat jam di perlukan tidak ada yang konect cepat di wilayah bandung apalagi klw musim hujan dan malam thanks,neutral,"Labeled NEUTRAL with mixed signals (pos:2, neg:2) - might be correct",low,2,2,,
14744,titik lokasi sering kali error di gosend dan alamat tersimpan pun suka tiha begitu ada yang pernah melenceng hingga km tolong dipeebaiki,neutral,"Labeled NEUTRAL with mixed signals (pos:2, neg:2) - might be correct",low,2,2,,
15383,tolong dong gojek terutama di go food kenapa titiknya selalu buruk ya harusnya titik nya akurat dong kasian abang pengemudi nya tadinya di kasih bintang supaya semakin bagus ini malah semakin ngaco tolong sistemnya di perbaikin lagi dan tolong dong sudah bulan ini tidak masuk promosi go food loh,neutral,"Labeled NEUTRAL with mixed signals (pos:2, neg:2) - might be correct",low,2,2,,
15501,saya pengguna gojek suka error dan tidak bisa kebuka tolong diperbaiki lagi,neutral,"Labeled NEUTRAL with mixed signals (pos:2, neg:2) - might be correct",low,2,2,,
15567,alamat hasil ketikan tidak sesuai dng titik jemputantar tidak bs edit alamat jika sudah ada alamat sekitar titik jemputantar aplikasi perlu disempurnakan biar tidak dikomplain driver thanks,neutral,"Labeled NEUTRAL with mixed signals (pos:2, neg:2) - might be correct",low,2,2,,
15891,sudah baik karena memudahkan kita dalam berbagai hal kekurangannya pada gofood tidak bisa memilih promosi yang diinginkan dan itu sedikit mengecewakan mungkin bisa diperbaiki agar lebih memuaskan,neutral,"Labeled NEUTRAL with mixed signals (pos:2, neg:2) - might be correct",low,2,2,,
16543,mantap bagus aplikasinya tapi bintang tiga dulu lah karena saya ubah email profil masih belum bisa saya harus tunggu wkt jam utk dicoba lagi karena masih pengaduan utk penghapusan email saya trsebut yang sudah trdftr dengan nomor lambat yang hilang klo brhasil saya tambahin bintangnya tapi klo tidak brhasil lagi saya kurangin lagi pastinya,neutral,"Labeled NEUTRAL with mixed signals (pos:2, neg:2) - might be correct",low,2,2,,
17033,suka banget pake gojek selalu ada promo tapi kecewa selalu susah dapet driver pernah pesen gofood sejam baru dapet driver mungkin bisa diperbaiki lg trmksih,neutral,"Labeled NEUTRAL with mixed signals (pos:2, neg:2) - might be correct",low,2,2,,
17113,pada saat memesan untuk di aplikasinya proses pemesananya tidak update pada saat sampai di lokasi saya tidak terupdate di aplikasi dan waktu pengemudi telpon tidak bisa menyambung ke saya di sayanya tidak muncul telpon dari driver jadinya drivernya marah mohon bantuan dapat diperbaiki aplikasinya terima kasih,neutral,"Labeled NEUTRAL with mixed signals (pos:2, neg:2) - might be correct",low,2,2,,
17508,mau bayar angsuran motor di baf kenapa tidak bisa min padahal di aplikasi tertera pembayaran vinansial mohon segera di perbaiki layanannya terimakasih,neutral,"Labeled NEUTRAL with mixed signals (pos:2, neg:2) - might be correct",low,2,2,,
17531,salah satu gojek kereta telah memberi saya pesan yang menurut saya sangat tidak pantas di baca jikalaupun kesalahan ada di saya tidak seharusnya dia mengesms ke no hp saya mellui kata tidak pantas kata yang di lontarkan sama goride nya begini dasar kau pelacur bodat apkah menurut perusaahaan gojek ini bisa di diamkan tolong di tindak lanjuti dan diperbaiki terima kasih,neutral,"Labeled NEUTRAL with mixed signals (pos:2, neg:2) - might be correct",low,2,2,,
17725,gojek memang bagus pelayanannya tapi saya kasihan sama drivernya pernah naik gocar pengemudi crita tarif sekarng buruk banget potonganya besar banget yang dihasilkan oleh pengemudi tidak sesuai buat ganti oli bensin dan juga perbaikan belum lagi buat cicilan mohon diperbaiki untuk tarifnya tolonf disesuaikan kita sebagai cs juga tetap tidak tega lihat apa yang dihasilkan sama pengemudi dengan jarak tempuh dan juga macetan,neutral,"Labeled NEUTRAL with mixed signals (pos:2, neg:2) - might be correct",low,2,2,,
18272,saya sudah hampir tahunan pake gojek aman saja gada kendala apapun saya senang tapi kenapa sekarang aplikasinya menjengkelkan bikin saya emosiudh tf dari brimo ke gopay di brimonya sudah ada bukti masuk tpi kenapa digojeknya belum ada sudah nunggu sampe hari ttp saja gamasuk tfnya padahal itu uang terkahirtolong woy kemaren mau masuk apk gojek lagi malah tidak bisa harus masukan go to pin lagi mna lupa gimna caranya tolong sayang uangnya klo gada solusi gabakal lagi saya pake apk gojek sangat kecewa,neutral,"Labeled NEUTRAL with mixed signals (pos:2, neg:2) - might be correct",low,2,2,,
20298,teruntuk pesan food estimasi waktu buat apa woii ini saya butuh cepat bukan malah menunggu kan saya bayar bukan ngutang asal lu tau resto tidak akan buat makanannya sebelum pengemudi tiba diresto pihak resto tidak akan buat makanannya dikarenakan mereka takut dengan kerugian yang akan datang mohon dimengerti terimakasih,neutral,"Labeled NEUTRAL with mixed signals (pos:2, neg:2) - might be correct",low,2,2,,
20381,sebenernya suka pakai gojek cm bbrp kali pernah pesen gofood sudah nunggu jam lebih tpi tbtb dibatalin dari resto dan hal sebelnya lainnya kita tidak bisa batalin atau chat resto jadi cuma nunggu antara dianter atau engga padahal sudah laper banget tbtb di cancel mungkin next bisa diperbaiki lagi sistemnya,neutral,"Labeled NEUTRAL with mixed signals (pos:2, neg:2) - might be correct",low,2,2,,
20758,skarang gojek menurut saya makin buruk saja suka eror suka tidak dapar drifer sukandpt drifer yang jauh tiba keluar sendiri darinaplikasi tlong diperbaiki lagi sistem nya,neutral,"Labeled NEUTRAL with mixed signals (pos:2, neg:2) - might be correct",low,2,2,,
